00:37:57.715 | SIM: mqtt1_plc1_40001=20
00:37:57.722 | SIM: mqtt1_plc1_00001=False
00:37:57.722 | SIM: mqtt1_gMqt/ZAS/ZAS_Actual_Power=150
00:37:57.722 | SIM: mqtt1_gMqt/ZAS/ZAS_Setpoint_Power=200
00:37:57.723 | SIM: mqtt1_gMqt/Mixer/Tank_Level=50
00:37:57.723 | SIM: mqtt1_gMqt/Mixer/Pump_NS_Status=True
00:37:57.723 | SIM: mqtt1_gMqt/Mixer/Valve_YV_W1=True
00:37:57.723 | SIM: mqtt1_gMqt/Mixer/Valve_YV_S1=45
00:37:57.723 | SIM: mqtt1_gMqt/Mixer/Valve_YV_M1=True
00:37:57.723 | SIM: mqtt1_gMqt/Mixer/Mixed_Temp=60
00:37:57.724 | SIM: mqtt1_gMqt/Mixer/Tank_Pressure=2,4
00:37:57.724 | SIM: mqtt1_gMqt/GPA1/PPU_Gen_active_power=0
00:37:57.725 | SIM: mqtt1_gMqt/GPA1/PPU_Gen_counter_active_power=0
00:37:57.725 | SIM: mqtt1_gMqt/GPA1/T404=0
00:37:57.725 | SIM: mqtt1_gMqt/GPA1/Hours=0
00:37:57.725 | SIM: mqtt1_gMqt/GPA1/Status_MWM=False
00:37:57.725 | SIM: mqtt1_gMqt/GPA1/HAS_IN_Word55_0=False
00:37:57.725 | SIM: mqtt1_gMqt/GPA2/PPU_Gen_active_power=0
00:37:57.726 | SIM: mqtt1_gMqt/GPA2/PPU_Gen_counter_active_power=0
00:37:57.726 | SIM: mqtt1_gMqt/GPA2/T404=0
00:37:57.726 | SIM: mqtt1_gMqt/GPA2/Hours=0
00:37:57.726 | SIM: mqtt1_gMqt/GPA2/Status_MWM=False
00:37:57.726 | SIM: mqtt1_gMqt/GPA2/HAS_IN_Word55_0=False
00:37:57.726 | SIM: mqtt1_gMqt/GPA3/PPU_Gen_active_power=0
00:37:57.727 | SIM: mqtt1_gMqt/GPA3/PPU_Gen_counter_active_power=0
00:37:57.727 | SIM: mqtt1_gMqt/GPA3/T404=0
00:37:57.727 | SIM: mqtt1_gMqt/GPA3/Hours=0
00:37:57.727 | SIM: mqtt1_gMqt/GPA3/Status_MWM=False
00:37:57.727 | SIM: mqtt1_gMqt/GPA3/HAS_IN_Word55_0=False
00:37:57.727 | SIM: mqtt1_gMqt/GPA4/PPU_Gen_active_power=0
00:37:57.728 | SIM: mqtt1_gMqt/GPA4/PPU_Gen_counter_active_power=0
00:37:57.728 | SIM: mqtt1_gMqt/GPA4/T404=0
00:37:57.728 | SIM: mqtt1_gMqt/GPA4/Hours=0
00:37:57.728 | SIM: mqtt1_gMqt/GPA4/Status_MWM=False
00:37:57.728 | SIM: mqtt1_gMqt/GPA4/HAS_IN_Word55_0=False
00:37:57.729 | SIM: mqtt1_gMqt/GPA5/PPU_Gen_active_power=0
00:37:57.729 | SIM: mqtt1_gMqt/GPA5/PPU_Gen_counter_active_power=0
00:37:57.729 | SIM: mqtt1_gMqt/GPA5/T404=0
00:37:57.729 | SIM: mqtt1_gMqt/GPA5/Hours=0
00:37:57.730 | SIM: mqtt1_gMqt/GPA5/Status_MWM=False
00:37:57.730 | SIM: mqtt1_gMqt/GPA5/HAS_IN_Word55_0=False
00:37:57.730 | SIM: mqtt1_gMqt/GPA6/PPU_Gen_active_power=0
00:37:57.730 | SIM: mqtt1_gMqt/GPA6/PPU_Gen_counter_active_power=0
00:37:57.730 | SIM: mqtt1_gMqt/GPA6/T404=0
00:37:57.731 | SIM: mqtt1_gMqt/GPA6/Hours=0
00:37:57.731 | SIM: mqtt1_gMqt/GPA6/Status_MWM=False
00:37:57.731 | SIM: mqtt1_gMqt/GPA6/HAS_IN_Word55_0=False
00:37:58.842 | SIM: mqtt1_gMqt/ZAS/ZAS_Actual_Power=153,63995
00:37:58.842 | SIM: mqtt1_gMqt/GPA1/PPU_Gen_active_power=1190,0651
00:37:58.843 | SIM: mqtt1_gMqt/GPA1/PPU_Gen_counter_active_power=18000,33
00:37:58.843 | SIM: mqtt1_gMqt/GPA1/T404=45,078175
00:37:58.843 | SIM: mqtt1_gMqt/GPA1/Hours=90000
00:37:58.843 | SIM: mqtt1_gMqt/GPA2/PPU_Gen_active_power=1191,8007
00:37:58.843 | SIM: mqtt1_gMqt/GPA2/PPU_Gen_counter_active_power=18000,332
00:37:58.844 | SIM: mqtt1_gMqt/GPA2/T404=45,132366
00:37:58.844 | SIM: mqtt1_gMqt/GPA2/Hours=90000
00:37:58.844 | SIM: mqtt1_gMqt/GPA3/PPU_Gen_active_power=1191,6287
00:37:58.844 | SIM: mqtt1_gMqt/GPA3/PPU_Gen_counter_active_power=18000,33
00:37:58.844 | SIM: mqtt1_gMqt/GPA3/T404=44,814384
00:37:58.844 | SIM: mqtt1_gMqt/GPA3/Hours=90000
00:37:58.845 | SIM: mqtt1_gMqt/GPA4/PPU_Gen_active_power=1207,0764
00:37:58.845 | SIM: mqtt1_gMqt/GPA4/PPU_Gen_counter_active_power=18000,336
00:37:58.845 | SIM: mqtt1_gMqt/GPA4/T404=44,973118
00:37:58.845 | SIM: mqtt1_gMqt/GPA4/Hours=90000
00:37:58.845 | SIM: mqtt1_gMqt/GPA5/PPU_Gen_active_power=1202,4569
00:37:58.845 | SIM: mqtt1_gMqt/GPA5/PPU_Gen_counter_active_power=18000,334
00:37:58.846 | SIM: mqtt1_gMqt/GPA5/T404=44,913372
00:37:58.846 | SIM: mqtt1_gMqt/GPA5/Hours=90000
00:37:58.846 | SIM: mqtt1_gMqt/GPA6/PPU_Gen_active_power=1192,1842
00:37:58.846 | SIM: mqtt1_gMqt/GPA6/PPU_Gen_counter_active_power=18000,332
00:37:58.846 | SIM: mqtt1_gMqt/GPA6/T404=44,890133
00:37:58.846 | SIM: mqtt1_gMqt/GPA6/Hours=90000
00:37:59.931 | SIM: mqtt1_gMqt/ZAS/ZAS_Actual_Power=159,15402
00:37:59.931 | SIM: mqtt1_gMqt/GPA1/PPU_Gen_active_power=1184,0212
00:37:59.932 | SIM: mqtt1_gMqt/GPA1/PPU_Gen_counter_active_power=18000,658
00:37:59.932 | SIM: mqtt1_gMqt/GPA1/T404=44,939632
00:37:59.932 | SIM: mqtt1_gMqt/GPA1/Hours=90000
00:37:59.932 | SIM: mqtt1_gMqt/GPA2/PPU_Gen_active_power=1185,5441
00:37:59.932 | SIM: mqtt1_gMqt/GPA2/PPU_Gen_counter_active_power=18000,662
00:37:59.932 | SIM: mqtt1_gMqt/GPA2/T404=44,944828
00:37:59.933 | SIM: mqtt1_gMqt/GPA2/Hours=90000
00:37:59.933 | SIM: mqtt1_gMqt/GPA3/PPU_Gen_active_power=1201,3972
00:37:59.933 | SIM: mqtt1_gMqt/GPA3/PPU_Gen_counter_active_power=18000,664
00:37:59.933 | SIM: mqtt1_gMqt/GPA3/T404=44,690197
00:37:59.933 | SIM: mqtt1_gMqt/GPA3/Hours=90000
00:37:59.933 | SIM: mqtt1_gMqt/GPA4/PPU_Gen_active_power=1215,2726
00:37:59.934 | SIM: mqtt1_gMqt/GPA4/PPU_Gen_counter_active_power=18000,674
00:37:59.934 | SIM: mqtt1_gMqt/GPA4/T404=44,9983
00:37:59.934 | SIM: mqtt1_gMqt/GPA4/Hours=90000
00:37:59.934 | SIM: mqtt1_gMqt/GPA5/PPU_Gen_active_power=1203,4167
00:37:59.934 | SIM: mqtt1_gMqt/GPA5/PPU_Gen_counter_active_power=18000,668
00:37:59.934 | SIM: mqtt1_gMqt/GPA5/T404=44,992874
00:37:59.935 | SIM: mqtt1_gMqt/GPA5/Hours=90000
00:37:59.935 | SIM: mqtt1_gMqt/GPA6/PPU_Gen_active_power=1194,8396
00:37:59.935 | SIM: mqtt1_gMqt/GPA6/PPU_Gen_counter_active_power=18000,664
00:37:59.935 | SIM: mqtt1_gMqt/GPA6/T404=44,98279
00:37:59.935 | SIM: mqtt1_gMqt/GPA6/Hours=90000
00:38:01.027 | SIM: mqtt1_gMqt/ZAS/ZAS_Actual_Power=164,84193
00:38:01.027 | SIM: mqtt1_gMqt/GPA1/PPU_Gen_active_power=1186,1151
00:38:01.028 | SIM: mqtt1_gMqt/GPA1/PPU_Gen_counter_active_power=18000,988
00:38:01.028 | SIM: mqtt1_gMqt/GPA1/T404=45,010036
00:38:01.028 | SIM: mqtt1_gMqt/GPA1/Hours=90000
00:38:01.028 | SIM: mqtt1_gMqt/GPA2/PPU_Gen_active_power=1194,7697
00:38:01.028 | SIM: mqtt1_gMqt/GPA2/PPU_Gen_counter_active_power=18000,994
00:38:01.028 | SIM: mqtt1_gMqt/GPA2/T404=44,71888
00:38:01.028 | SIM: mqtt1_gMqt/GPA2/Hours=90000
00:38:01.029 | SIM: mqtt1_gMqt/GPA3/PPU_Gen_active_power=1206,0961
00:38:01.029 | SIM: mqtt1_gMqt/GPA3/PPU_Gen_counter_active_power=18001
00:38:01.029 | SIM: mqtt1_gMqt/GPA3/T404=44,47389
00:38:01.029 | SIM: mqtt1_gMqt/GPA3/Hours=90000
00:38:01.029 | SIM: mqtt1_gMqt/GPA4/PPU_Gen_active_power=1218,8507
00:38:01.029 | SIM: mqtt1_gMqt/GPA4/PPU_Gen_counter_active_power=18001,012
00:38:01.029 | SIM: mqtt1_gMqt/GPA4/T404=45,240498
00:38:01.030 | SIM: mqtt1_gMqt/GPA4/Hours=90000
00:38:01.030 | SIM: mqtt1_gMqt/GPA5/PPU_Gen_active_power=1207,6157
00:38:01.030 | SIM: mqtt1_gMqt/GPA5/PPU_Gen_counter_active_power=18001,004
00:38:01.030 | SIM: mqtt1_gMqt/GPA5/T404=45,044643
00:38:01.030 | SIM: mqtt1_gMqt/GPA5/Hours=90000
00:38:01.030 | SIM: mqtt1_gMqt/GPA6/PPU_Gen_active_power=1195,7783
00:38:01.030 | SIM: mqtt1_gMqt/GPA6/PPU_Gen_counter_active_power=18000,996
00:38:01.030 | SIM: mqtt1_gMqt/GPA6/T404=45,215958
00:38:01.031 | SIM: mqtt1_gMqt/GPA6/Hours=90000
00:38:02.118 | SIM: mqtt1_gMqt/ZAS/ZAS_Actual_Power=169,58522
00:38:02.118 | SIM: mqtt1_gMqt/GPA1/PPU_Gen_active_power=1194,7036
00:38:02.119 | SIM: mqtt1_gMqt/GPA1/PPU_Gen_counter_active_power=18001,32
00:38:02.119 | SIM: mqtt1_gMqt/GPA1/T404=45,215786
00:38:02.119 | SIM: mqtt1_gMqt/GPA1/Hours=90000
00:38:02.119 | SIM: mqtt1_gMqt/GPA2/PPU_Gen_active_power=1204,4514
00:38:02.119 | SIM: mqtt1_gMqt/GPA2/PPU_Gen_counter_active_power=18001,328
00:38:02.119 | SIM: mqtt1_gMqt/GPA2/T404=44,72528
00:38:02.120 | SIM: mqtt1_gMqt/GPA2/Hours=90000
00:38:02.120 | SIM: mqtt1_gMqt/GPA3/PPU_Gen_active_power=1210,5238
00:38:02.120 | SIM: mqtt1_gMqt/GPA3/PPU_Gen_counter_active_power=18001,336
00:38:02.120 | SIM: mqtt1_gMqt/GPA3/T404=44,631557
00:38:02.120 | SIM: mqtt1_gMqt/GPA3/Hours=90000
00:38:02.120 | SIM: mqtt1_gMqt/GPA4/PPU_Gen_active_power=1224,461
00:38:02.120 | SIM: mqtt1_gMqt/GPA4/PPU_Gen_counter_active_power=18001,352
00:38:02.120 | SIM: mqtt1_gMqt/GPA4/T404=45,479767
00:38:02.121 | SIM: mqtt1_gMqt/GPA4/Hours=90000
00:38:02.121 | SIM: mqtt1_gMqt/GPA5/PPU_Gen_active_power=1204,3026
00:38:02.121 | SIM: mqtt1_gMqt/GPA5/PPU_Gen_counter_active_power=18001,338
00:38:02.121 | SIM: mqtt1_gMqt/GPA5/T404=44,904766
00:38:02.121 | SIM: mqtt1_gMqt/GPA5/Hours=90000
00:38:02.121 | SIM: mqtt1_gMqt/GPA6/PPU_Gen_active_power=1202,5663
00:38:02.121 | SIM: mqtt1_gMqt/GPA6/PPU_Gen_counter_active_power=18001,33
00:38:02.122 | SIM: mqtt1_gMqt/GPA6/T404=45,25531
00:38:02.122 | SIM: mqtt1_gMqt/GPA6/Hours=90000
00:38:03.213 | SIM: mqtt1_gMqt/ZAS/ZAS_Actual_Power=174,62064
00:38:03.213 | SIM: mqtt1_gMqt/GPA1/PPU_Gen_active_power=1187,5344
00:38:03.213 | SIM: mqtt1_gMqt/GPA1/PPU_Gen_counter_active_power=18001,65
00:38:03.214 | SIM: mqtt1_gMqt/GPA1/T404=45,101135
00:38:03.214 | SIM: mqtt1_gMqt/GPA1/Hours=90000
00:38:03.214 | SIM: mqtt1_gMqt/GPA2/PPU_Gen_active_power=1203,0594
00:38:03.214 | SIM: mqtt1_gMqt/GPA2/PPU_Gen_counter_active_power=18001,662
00:38:03.214 | SIM: mqtt1_gMqt/GPA2/T404=44,514347
00:38:03.214 | SIM: mqtt1_gMqt/GPA2/Hours=90000
00:38:03.215 | SIM: mqtt1_gMqt/GPA3/PPU_Gen_active_power=1217,917
00:38:03.215 | SIM: mqtt1_gMqt/GPA3/PPU_Gen_counter_active_power=18001,674
00:38:03.215 | SIM: mqtt1_gMqt/GPA3/T404=44,762905
00:38:03.215 | SIM: mqtt1_gMqt/GPA3/Hours=90000
00:38:03.215 | SIM: mqtt1_gMqt/GPA4/PPU_Gen_active_power=1226,5089
00:38:03.215 | SIM: mqtt1_gMqt/GPA4/PPU_Gen_counter_active_power=18001,691
00:38:03.215 | SIM: mqtt1_gMqt/GPA4/T404=45,662518
00:38:03.216 | SIM: mqtt1_gMqt/GPA4/Hours=90000
00:38:03.216 | SIM: mqtt1_gMqt/GPA5/PPU_Gen_active_power=1200,163
00:38:03.216 | SIM: mqtt1_gMqt/GPA5/PPU_Gen_counter_active_power=18001,672
00:38:03.216 | SIM: mqtt1_gMqt/GPA5/T404=44,726994
00:38:03.216 | SIM: mqtt1_gMqt/GPA5/Hours=90000
00:38:03.217 | SIM: mqtt1_gMqt/GPA6/PPU_Gen_active_power=1206,0674
00:38:03.217 | SIM: mqtt1_gMqt/GPA6/PPU_Gen_counter_active_power=18001,666
00:38:03.217 | SIM: mqtt1_gMqt/GPA6/T404=45,08473
00:38:03.217 | SIM: mqtt1_gMqt/GPA6/Hours=90000
00:38:04.307 | SIM: mqtt1_gMqt/ZAS/ZAS_Actual_Power=177,25798
00:38:04.307 | SIM: mqtt1_gMqt/GPA1/PPU_Gen_active_power=1196,0657
00:38:04.307 | SIM: mqtt1_gMqt/GPA1/PPU_Gen_counter_active_power=18001,982
00:38:04.307 | SIM: mqtt1_gMqt/GPA1/T404=44,87584
00:38:04.307 | SIM: mqtt1_gMqt/GPA1/Hours=90000
00:38:04.308 | SIM: mqtt1_gMqt/GPA2/PPU_Gen_active_power=1194,2738
00:38:04.308 | SIM: mqtt1_gMqt/GPA2/PPU_Gen_counter_active_power=18001,994
00:38:04.308 | SIM: mqtt1_gMqt/GPA2/T404=44,606033
00:38:04.308 | SIM: mqtt1_gMqt/GPA2/Hours=90000
00:38:04.308 | SIM: mqtt1_gMqt/GPA3/PPU_Gen_active_power=1219,6422
00:38:04.309 | SIM: mqtt1_gMqt/GPA3/PPU_Gen_counter_active_power=18002,012
00:38:04.309 | SIM: mqtt1_gMqt/GPA3/T404=44,73619
00:38:04.309 | SIM: mqtt1_gMqt/GPA3/Hours=90000
00:38:04.309 | SIM: mqtt1_gMqt/GPA4/PPU_Gen_active_power=1227,5095
00:38:04.309 | SIM: mqtt1_gMqt/GPA4/PPU_Gen_counter_active_power=18002,033
00:38:04.309 | SIM: mqtt1_gMqt/GPA4/T404=45,799767
00:38:04.309 | SIM: mqtt1_gMqt/GPA4/Hours=90000
00:38:04.310 | SIM: mqtt1_gMqt/GPA5/PPU_Gen_active_power=1206,2264
00:38:04.310 | SIM: mqtt1_gMqt/GPA5/PPU_Gen_counter_active_power=18002,008
00:38:04.310 | SIM: mqtt1_gMqt/GPA5/T404=44,56139
00:38:04.310 | SIM: mqtt1_gMqt/GPA5/Hours=90000
00:38:04.310 | SIM: mqtt1_gMqt/GPA6/PPU_Gen_active_power=1199,6198
00:38:04.310 | SIM: mqtt1_gMqt/GPA6/PPU_Gen_counter_active_power=18002
00:38:04.310 | SIM: mqtt1_gMqt/GPA6/T404=44,857822
00:38:04.311 | SIM: mqtt1_gMqt/GPA6/Hours=90000
00:38:05.399 | SIM: mqtt1_gMqt/ZAS/ZAS_Actual_Power=177,71547
00:38:05.400 | SIM: mqtt1_gMqt/GPA1/PPU_Gen_active_power=1197,7502
00:38:05.400 | SIM: mqtt1_gMqt/GPA1/PPU_Gen_counter_active_power=18002,314
00:38:05.400 | SIM: mqtt1_gMqt/GPA1/T404=44,978867
00:38:05.400 | SIM: mqtt1_gMqt/GPA1/Hours=90000
00:38:05.401 | SIM: mqtt1_gMqt/GPA2/PPU_Gen_active_power=1193,3868
00:38:05.401 | SIM: mqtt1_gMqt/GPA2/PPU_Gen_counter_active_power=18002,326
00:38:05.401 | SIM: mqtt1_gMqt/GPA2/T404=44,720913
00:38:05.401 | SIM: mqtt1_gMqt/GPA2/Hours=90000
00:38:05.401 | SIM: mqtt1_gMqt/GPA3/PPU_Gen_active_power=1213,6501
00:38:05.401 | SIM: mqtt1_gMqt/GPA3/PPU_Gen_counter_active_power=18002,35
00:38:05.402 | SIM: mqtt1_gMqt/GPA3/T404=44,63189
00:38:05.402 | SIM: mqtt1_gMqt/GPA3/Hours=90000
00:38:05.402 | SIM: mqtt1_gMqt/GPA4/PPU_Gen_active_power=1218,2244
00:38:05.402 | SIM: mqtt1_gMqt/GPA4/PPU_Gen_counter_active_power=18002,371
00:38:05.402 | SIM: mqtt1_gMqt/GPA4/T404=45,77413
00:38:05.402 | SIM: mqtt1_gMqt/GPA4/Hours=90000
00:38:05.402 | SIM: mqtt1_gMqt/GPA5/PPU_Gen_active_power=1196,3665
00:38:05.403 | SIM: mqtt1_gMqt/GPA5/PPU_Gen_counter_active_power=18002,34
00:38:05.403 | SIM: mqtt1_gMqt/GPA5/T404=44,794353
00:38:05.403 | SIM: mqtt1_gMqt/GPA5/Hours=90000
00:38:05.403 | SIM: mqtt1_gMqt/GPA6/PPU_Gen_active_power=1204,1725
00:38:05.403 | SIM: mqtt1_gMqt/GPA6/PPU_Gen_counter_active_power=18002,334
00:38:05.403 | SIM: mqtt1_gMqt/GPA6/T404=45,0225
00:38:05.403 | SIM: mqtt1_gMqt/GPA6/Hours=90000
00:38:06.494 | SIM: mqtt1_gMqt/ZAS/ZAS_Actual_Power=178,51315
00:38:06.495 | SIM: mqtt1_gMqt/GPA1/PPU_Gen_active_power=1187,9803
00:38:06.495 | SIM: mqtt1_gMqt/GPA1/PPU_Gen_counter_active_power=18002,645
00:38:06.495 | SIM: mqtt1_gMqt/GPA1/T404=45,185017
00:38:06.495 | SIM: mqtt1_gMqt/GPA1/Hours=90000
00:38:06.495 | SIM: mqtt1_gMqt/GPA2/PPU_Gen_active_power=1200,5908
00:38:06.496 | SIM: mqtt1_gMqt/GPA2/PPU_Gen_counter_active_power=18002,66
00:38:06.496 | SIM: mqtt1_gMqt/GPA2/T404=44,531902
00:38:06.496 | SIM: mqtt1_gMqt/GPA2/Hours=90000
00:38:06.496 | SIM: mqtt1_gMqt/GPA3/PPU_Gen_active_power=1218,5825
00:38:06.496 | SIM: mqtt1_gMqt/GPA3/PPU_Gen_counter_active_power=18002,688
00:38:06.496 | SIM: mqtt1_gMqt/GPA3/T404=44,68569
00:38:06.497 | SIM: mqtt1_gMqt/GPA3/Hours=90000
00:38:06.497 | SIM: mqtt1_gMqt/GPA4/PPU_Gen_active_power=1215,0563
00:38:06.497 | SIM: mqtt1_gMqt/GPA4/PPU_Gen_counter_active_power=18002,709
00:38:06.497 | SIM: mqtt1_gMqt/GPA4/T404=45,563564
00:38:06.497 | SIM: mqtt1_gMqt/GPA4/Hours=90000
00:38:06.497 | SIM: mqtt1_gMqt/GPA5/PPU_Gen_active_power=1188,0629
00:38:06.498 | SIM: mqtt1_gMqt/GPA5/PPU_Gen_counter_active_power=18002,67
00:38:06.498 | SIM: mqtt1_gMqt/GPA5/T404=44,595154
00:38:06.498 | SIM: mqtt1_gMqt/GPA5/Hours=90000
00:38:06.498 | SIM: mqtt1_gMqt/GPA6/PPU_Gen_active_power=1202,0294
00:38:06.498 | SIM: mqtt1_gMqt/GPA6/PPU_Gen_counter_active_power=18002,668
00:38:06.498 | SIM: mqtt1_gMqt/GPA6/T404=44,939953
00:38:06.499 | SIM: mqtt1_gMqt/GPA6/Hours=90000
00:38:07.588 | SIM: mqtt1_gMqt/ZAS/ZAS_Actual_Power=179,99724
00:38:07.588 | SIM: mqtt1_gMqt/GPA1/PPU_Gen_active_power=1183,4093
00:38:07.588 | SIM: mqtt1_gMqt/GPA1/PPU_Gen_counter_active_power=18002,973
00:38:07.589 | SIM: mqtt1_gMqt/GPA1/T404=45,432144
00:38:07.589 | SIM: mqtt1_gMqt/GPA1/Hours=90000
00:38:07.589 | SIM: mqtt1_gMqt/GPA2/PPU_Gen_active_power=1205,6897
00:38:07.589 | SIM: mqtt1_gMqt/GPA2/PPU_Gen_counter_active_power=18002,994
00:38:07.589 | SIM: mqtt1_gMqt/GPA2/T404=44,683067
00:38:07.589 | SIM: mqtt1_gMqt/GPA2/Hours=90000
00:38:07.589 | SIM: mqtt1_gMqt/GPA3/PPU_Gen_active_power=1225,1561
00:38:07.589 | SIM: mqtt1_gMqt/GPA3/PPU_Gen_counter_active_power=18003,027
00:38:07.590 | SIM: mqtt1_gMqt/GPA3/T404=44,780136
00:38:07.590 | SIM: mqtt1_gMqt/GPA3/Hours=90000
00:38:07.590 | SIM: mqtt1_gMqt/GPA4/PPU_Gen_active_power=1208,6261
00:38:07.590 | SIM: mqtt1_gMqt/GPA4/PPU_Gen_counter_active_power=18003,045
00:38:07.590 | SIM: mqtt1_gMqt/GPA4/T404=45,61832
00:38:07.590 | SIM: mqtt1_gMqt/GPA4/Hours=90000
00:38:07.591 | SIM: mqtt1_gMqt/GPA5/PPU_Gen_active_power=1190,4355
00:38:07.591 | SIM: mqtt1_gMqt/GPA5/PPU_Gen_counter_active_power=18003
00:38:07.591 | SIM: mqtt1_gMqt/GPA5/T404=44,746307
00:38:07.591 | SIM: mqtt1_gMqt/GPA5/Hours=90000
00:38:07.591 | SIM: mqtt1_gMqt/GPA6/PPU_Gen_active_power=1205,2009
00:38:07.591 | SIM: mqtt1_gMqt/GPA6/PPU_Gen_counter_active_power=18003,002
00:38:07.592 | SIM: mqtt1_gMqt/GPA6/T404=44,733047
00:38:07.592 | SIM: mqtt1_gMqt/GPA6/Hours=90000
00:38:08.682 | SIM: mqtt1_gMqt/ZAS/ZAS_Actual_Power=180,71687
00:38:08.682 | SIM: mqtt1_gMqt/GPA1/PPU_Gen_active_power=1178,5477
00:38:08.683 | SIM: mqtt1_gMqt/GPA1/PPU_Gen_counter_active_power=18003,3
00:38:08.683 | SIM: mqtt1_gMqt/GPA1/T404=45,40458
00:38:08.683 | SIM: mqtt1_gMqt/GPA1/Hours=90000
00:38:08.683 | SIM: mqtt1_gMqt/GPA2/PPU_Gen_active_power=1213,9534
00:38:08.684 | SIM: mqtt1_gMqt/GPA2/PPU_Gen_counter_active_power=18003,332
00:38:08.684 | SIM: mqtt1_gMqt/GPA2/T404=44,60827
00:38:08.684 | SIM: mqtt1_gMqt/GPA2/Hours=90000
00:38:08.684 | SIM: mqtt1_gMqt/GPA3/PPU_Gen_active_power=1218,2742
00:38:08.684 | SIM: mqtt1_gMqt/GPA3/PPU_Gen_counter_active_power=18003,365
00:38:08.685 | SIM: mqtt1_gMqt/GPA3/T404=44,991867
00:38:08.685 | SIM: mqtt1_gMqt/GPA3/Hours=90000
00:38:08.685 | SIM: mqtt1_gMqt/GPA4/PPU_Gen_active_power=1213,8533
00:38:08.685 | SIM: mqtt1_gMqt/GPA4/PPU_Gen_counter_active_power=18003,383
00:38:08.685 | SIM: mqtt1_gMqt/GPA4/T404=45,761063
00:38:08.686 | SIM: mqtt1_gMqt/GPA4/Hours=90000
00:38:08.686 | SIM: mqtt1_gMqt/GPA5/PPU_Gen_active_power=1190,6423
00:38:08.686 | SIM: mqtt1_gMqt/GPA5/PPU_Gen_counter_active_power=18003,33
00:38:08.686 | SIM: mqtt1_gMqt/GPA5/T404=44,636745
00:38:08.687 | SIM: mqtt1_gMqt/GPA5/Hours=90000
00:38:08.687 | SIM: mqtt1_gMqt/GPA6/PPU_Gen_active_power=1198,2451
00:38:08.687 | SIM: mqtt1_gMqt/GPA6/PPU_Gen_counter_active_power=18003,334
00:38:08.687 | SIM: mqtt1_gMqt/GPA6/T404=44,617012
00:38:08.687 | SIM: mqtt1_gMqt/GPA6/Hours=90000
00:38:09.771 | SIM: mqtt1_gMqt/ZAS/ZAS_Actual_Power=180,80147
00:38:09.771 | SIM: mqtt1_gMqt/GPA1/PPU_Gen_active_power=1182,9298
00:38:09.771 | SIM: mqtt1_gMqt/GPA1/PPU_Gen_counter_active_power=18003,629
00:38:09.771 | SIM: mqtt1_gMqt/GPA1/T404=45,194725
00:38:09.772 | SIM: mqtt1_gMqt/GPA1/Hours=90000
00:38:09.772 | SIM: mqtt1_gMqt/GPA2/PPU_Gen_active_power=1214,8802
00:38:09.772 | SIM: mqtt1_gMqt/GPA2/PPU_Gen_counter_active_power=18003,67
00:38:09.772 | SIM: mqtt1_gMqt/GPA2/T404=44,60548
00:38:09.772 | SIM: mqtt1_gMqt/GPA2/Hours=90000
00:38:09.772 | SIM: mqtt1_gMqt/GPA3/PPU_Gen_active_power=1220,9204
00:38:09.773 | SIM: mqtt1_gMqt/GPA3/PPU_Gen_counter_active_power=18003,705
00:38:09.773 | SIM: mqtt1_gMqt/GPA3/T404=45,076134
00:38:09.773 | SIM: mqtt1_gMqt/GPA3/Hours=90000
00:38:09.773 | SIM: mqtt1_gMqt/GPA4/PPU_Gen_active_power=1216,7755
00:38:09.773 | SIM: mqtt1_gMqt/GPA4/PPU_Gen_counter_active_power=18003,72
00:38:09.773 | SIM: mqtt1_gMqt/GPA4/T404=45,550453
00:38:09.774 | SIM: mqtt1_gMqt/GPA4/Hours=90000
00:38:09.774 | SIM: mqtt1_gMqt/GPA5/PPU_Gen_active_power=1186,727
00:38:09.774 | SIM: mqtt1_gMqt/GPA5/PPU_Gen_counter_active_power=18003,66
00:38:09.774 | SIM: mqtt1_gMqt/GPA5/T404=44,497894
00:38:09.774 | SIM: mqtt1_gMqt/GPA5/Hours=90000
00:38:09.774 | SIM: mqtt1_gMqt/GPA6/PPU_Gen_active_power=1207,218
00:38:09.775 | SIM: mqtt1_gMqt/GPA6/PPU_Gen_counter_active_power=18003,67
00:38:09.775 | SIM: mqtt1_gMqt/GPA6/T404=44,415176
00:38:09.777 | SIM: mqtt1_gMqt/GPA6/Hours=90000
00:38:10.885 | SIM: mqtt1_gMqt/ZAS/ZAS_Actual_Power=183,19113
00:38:10.886 | SIM: mqtt1_gMqt/GPA1/PPU_Gen_active_power=1182,0479
00:38:10.886 | SIM: mqtt1_gMqt/GPA1/PPU_Gen_counter_active_power=18003,957
00:38:10.886 | SIM: mqtt1_gMqt/GPA1/T404=45,138145
00:38:10.886 | SIM: mqtt1_gMqt/GPA1/Hours=90000
00:38:10.887 | SIM: mqtt1_gMqt/GPA2/PPU_Gen_active_power=1217,9883
00:38:10.887 | SIM: mqtt1_gMqt/GPA2/PPU_Gen_counter_active_power=18004,008
00:38:10.887 | SIM: mqtt1_gMqt/GPA2/T404=44,852444
00:38:10.887 | SIM: mqtt1_gMqt/GPA2/Hours=90000
00:38:10.887 | SIM: mqtt1_gMqt/GPA3/PPU_Gen_active_power=1214,4297
00:38:10.887 | SIM: mqtt1_gMqt/GPA3/PPU_Gen_counter_active_power=18004,043
00:38:10.888 | SIM: mqtt1_gMqt/GPA3/T404=45,126484
00:38:10.888 | SIM: mqtt1_gMqt/GPA3/Hours=90000
00:38:10.888 | SIM: mqtt1_gMqt/GPA4/PPU_Gen_active_power=1209,4291
00:38:10.888 | SIM: mqtt1_gMqt/GPA4/PPU_Gen_counter_active_power=18004,057
00:38:10.888 | SIM: mqtt1_gMqt/GPA4/T404=45,366875
00:38:10.888 | SIM: mqtt1_gMqt/GPA4/Hours=90000
00:38:10.889 | SIM: mqtt1_gMqt/GPA5/PPU_Gen_active_power=1177,7028
00:38:10.889 | SIM: mqtt1_gMqt/GPA5/PPU_Gen_counter_active_power=18003,986
00:38:10.889 | SIM: mqtt1_gMqt/GPA5/T404=44,64143
00:38:10.889 | SIM: mqtt1_gMqt/GPA5/Hours=90000
00:38:10.890 | SIM: mqtt1_gMqt/GPA6/PPU_Gen_active_power=1202,0314
00:38:10.890 | SIM: mqtt1_gMqt/GPA6/PPU_Gen_counter_active_power=18004,004
00:38:10.890 | SIM: mqtt1_gMqt/GPA6/T404=44,453102
00:38:10.890 | SIM: mqtt1_gMqt/GPA6/Hours=90000
00:38:11.981 | SIM: mqtt1_gMqt/ZAS/ZAS_Actual_Power=185,7014
00:38:11.982 | SIM: mqtt1_gMqt/GPA1/PPU_Gen_active_power=1191,599
00:38:11.982 | SIM: mqtt1_gMqt/GPA1/PPU_Gen_counter_active_power=18004,287
00:38:11.982 | SIM: mqtt1_gMqt/GPA1/T404=45,274242
00:38:11.982 | SIM: mqtt1_gMqt/GPA1/Hours=90000
00:38:11.982 | SIM: mqtt1_gMqt/GPA2/PPU_Gen_active_power=1221,748
00:38:11.983 | SIM: mqtt1_gMqt/GPA2/PPU_Gen_counter_active_power=18004,348
00:38:11.983 | SIM: mqtt1_gMqt/GPA2/T404=44,608677
00:38:11.983 | SIM: mqtt1_gMqt/GPA2/Hours=90000
00:38:11.983 | SIM: mqtt1_gMqt/GPA3/PPU_Gen_active_power=1217,4545
00:38:11.983 | SIM: mqtt1_gMqt/GPA3/PPU_Gen_counter_active_power=18004,38
00:38:11.983 | SIM: mqtt1_gMqt/GPA3/T404=45,281532
00:38:11.983 | SIM: mqtt1_gMqt/GPA3/Hours=90000
00:38:11.984 | SIM: mqtt1_gMqt/GPA4/PPU_Gen_active_power=1209,7759
00:38:11.984 | SIM: mqtt1_gMqt/GPA4/PPU_Gen_counter_active_power=18004,393
00:38:11.984 | SIM: mqtt1_gMqt/GPA4/T404=45,599777
00:38:11.984 | SIM: mqtt1_gMqt/GPA4/Hours=90000
00:38:11.984 | SIM: mqtt1_gMqt/GPA5/PPU_Gen_active_power=1176,4086
00:38:11.984 | SIM: mqtt1_gMqt/GPA5/PPU_Gen_counter_active_power=18004,312
00:38:11.985 | SIM: mqtt1_gMqt/GPA5/T404=44,47402
00:38:11.985 | SIM: mqtt1_gMqt/GPA5/Hours=90000
00:38:11.985 | SIM: mqtt1_gMqt/GPA6/PPU_Gen_active_power=1202,2319
00:38:11.985 | SIM: mqtt1_gMqt/GPA6/PPU_Gen_counter_active_power=18004,338
00:38:11.985 | SIM: mqtt1_gMqt/GPA6/T404=44,64894
00:38:11.985 | SIM: mqtt1_gMqt/GPA6/Hours=90000
00:38:13.152 | SIM: mqtt1_gMqt/ZAS/ZAS_Actual_Power=188,78241
00:38:13.152 | SIM: mqtt1_gMqt/GPA1/PPU_Gen_active_power=1199,9365
00:38:13.152 | SIM: mqtt1_gMqt/GPA1/PPU_Gen_counter_active_power=18004,621
00:38:13.153 | SIM: mqtt1_gMqt/GPA1/T404=45,399746
00:38:13.153 | SIM: mqtt1_gMqt/GPA1/Hours=90000
00:38:13.153 | SIM: mqtt1_gMqt/GPA2/PPU_Gen_active_power=1216,5728
00:38:13.153 | SIM: mqtt1_gMqt/GPA2/PPU_Gen_counter_active_power=18004,686
00:38:13.153 | SIM: mqtt1_gMqt/GPA2/T404=44,538704
00:38:13.159 | SIM: mqtt1_gMqt/GPA2/Hours=90000
00:38:13.159 | SIM: mqtt1_gMqt/GPA3/PPU_Gen_active_power=1218,5564
00:38:13.159 | SIM: mqtt1_gMqt/GPA3/PPU_Gen_counter_active_power=18004,719
00:38:13.159 | SIM: mqtt1_gMqt/GPA3/T404=45,350555
00:38:13.160 | SIM: mqtt1_gMqt/GPA3/Hours=90000
00:38:13.160 | SIM: mqtt1_gMqt/GPA4/PPU_Gen_active_power=1219,7224
00:38:13.160 | SIM: mqtt1_gMqt/GPA4/PPU_Gen_counter_active_power=18004,73
00:38:13.160 | SIM: mqtt1_gMqt/GPA4/T404=45,731968
00:38:13.161 | SIM: mqtt1_gMqt/GPA4/Hours=90000
00:38:13.161 | SIM: mqtt1_gMqt/GPA5/PPU_Gen_active_power=1180,2206
00:38:13.161 | SIM: mqtt1_gMqt/GPA5/PPU_Gen_counter_active_power=18004,64
00:38:13.161 | SIM: mqtt1_gMqt/GPA5/T404=44,300247
00:38:13.162 | SIM: mqtt1_gMqt/GPA5/Hours=90000
00:38:13.162 | SIM: mqtt1_gMqt/GPA6/PPU_Gen_active_power=1202,7983
00:38:13.162 | SIM: mqtt1_gMqt/GPA6/PPU_Gen_counter_active_power=18004,672
00:38:13.162 | SIM: mqtt1_gMqt/GPA6/T404=44,5183
00:38:13.162 | SIM: mqtt1_gMqt/GPA6/Hours=90000
00:38:14.259 | SIM: mqtt1_gMqt/ZAS/ZAS_Actual_Power=191,12088
00:38:14.259 | SIM: mqtt1_gMqt/GPA1/PPU_Gen_active_power=1209,6392
00:38:14.260 | SIM: mqtt1_gMqt/GPA1/PPU_Gen_counter_active_power=18004,957
00:38:14.260 | SIM: mqtt1_gMqt/GPA1/T404=45,606224
00:38:14.260 | SIM: mqtt1_gMqt/GPA1/Hours=90000
00:38:14.260 | SIM: mqtt1_gMqt/GPA2/PPU_Gen_active_power=1219,4169
00:38:14.261 | SIM: mqtt1_gMqt/GPA2/PPU_Gen_counter_active_power=18005,023
00:38:14.261 | SIM: mqtt1_gMqt/GPA2/T404=44,35948
00:38:14.261 | SIM: mqtt1_gMqt/GPA2/Hours=90000
00:38:14.261 | SIM: mqtt1_gMqt/GPA3/PPU_Gen_active_power=1220,5205
00:38:14.261 | SIM: mqtt1_gMqt/GPA3/PPU_Gen_counter_active_power=18005,059
00:38:14.261 | SIM: mqtt1_gMqt/GPA3/T404=45,36854
00:38:14.262 | SIM: mqtt1_gMqt/GPA3/Hours=90000
00:38:14.262 | SIM: mqtt1_gMqt/GPA4/PPU_Gen_active_power=1216,2635
00:38:14.262 | SIM: mqtt1_gMqt/GPA4/PPU_Gen_counter_active_power=18005,068
00:38:14.262 | SIM: mqtt1_gMqt/GPA4/T404=45,674908
00:38:14.262 | SIM: mqtt1_gMqt/GPA4/Hours=90000
00:38:14.262 | SIM: mqtt1_gMqt/GPA5/PPU_Gen_active_power=1174,7814
00:38:14.263 | SIM: mqtt1_gMqt/GPA5/PPU_Gen_counter_active_power=18004,967
00:38:14.263 | SIM: mqtt1_gMqt/GPA5/T404=44,12992
00:38:14.263 | SIM: mqtt1_gMqt/GPA5/Hours=90000
00:38:14.263 | SIM: mqtt1_gMqt/GPA6/PPU_Gen_active_power=1201,4014
00:38:14.263 | SIM: mqtt1_gMqt/GPA6/PPU_Gen_counter_active_power=18005,006
00:38:14.263 | SIM: mqtt1_gMqt/GPA6/T404=44,375145
00:38:14.264 | SIM: mqtt1_gMqt/GPA6/Hours=90000
00:38:15.354 | SIM: mqtt1_gMqt/ZAS/ZAS_Actual_Power=192,64963
00:38:15.355 | SIM: mqtt1_gMqt/GPA1/PPU_Gen_active_power=1216,3015
00:38:15.355 | SIM: mqtt1_gMqt/GPA1/PPU_Gen_counter_active_power=18005,295
00:38:15.355 | SIM: mqtt1_gMqt/GPA1/T404=45,610874
00:38:15.355 | SIM: mqtt1_gMqt/GPA1/Hours=90000
00:38:15.355 | SIM: mqtt1_gMqt/GPA2/PPU_Gen_active_power=1218,0741
00:38:15.356 | SIM: mqtt1_gMqt/GPA2/PPU_Gen_counter_active_power=18005,361
00:38:15.356 | SIM: mqtt1_gMqt/GPA2/T404=44,578876
00:38:15.356 | SIM: mqtt1_gMqt/GPA2/Hours=90000
00:38:15.356 | SIM: mqtt1_gMqt/GPA3/PPU_Gen_active_power=1220,7062
00:38:15.356 | SIM: mqtt1_gMqt/GPA3/PPU_Gen_counter_active_power=18005,398
00:38:15.356 | SIM: mqtt1_gMqt/GPA3/T404=45,27413
00:38:15.356 | SIM: mqtt1_gMqt/GPA3/Hours=90000
00:38:15.357 | SIM: mqtt1_gMqt/GPA4/PPU_Gen_active_power=1214,6827
00:38:15.357 | SIM: mqtt1_gMqt/GPA4/PPU_Gen_counter_active_power=18005,406
00:38:15.357 | SIM: mqtt1_gMqt/GPA4/T404=45,865547
00:38:15.357 | SIM: mqtt1_gMqt/GPA4/Hours=90000
00:38:15.357 | SIM: mqtt1_gMqt/GPA5/PPU_Gen_active_power=1169,6447
00:38:15.357 | SIM: mqtt1_gMqt/GPA5/PPU_Gen_counter_active_power=18005,291
00:38:15.358 | SIM: mqtt1_gMqt/GPA5/T404=44,361732
00:38:15.358 | SIM: mqtt1_gMqt/GPA5/Hours=90000
00:38:15.358 | SIM: mqtt1_gMqt/GPA6/PPU_Gen_active_power=1194,9854
00:38:15.358 | SIM: mqtt1_gMqt/GPA6/PPU_Gen_counter_active_power=18005,338
00:38:15.358 | SIM: mqtt1_gMqt/GPA6/T404=44,50399
00:38:15.358 | SIM: mqtt1_gMqt/GPA6/Hours=90000
00:38:16.451 | SIM: mqtt1_gMqt/ZAS/ZAS_Actual_Power=191,79346
00:38:16.451 | SIM: mqtt1_gMqt/GPA1/PPU_Gen_active_power=1219,0767
00:38:16.451 | SIM: mqtt1_gMqt/GPA1/PPU_Gen_counter_active_power=18005,633
00:38:16.451 | SIM: mqtt1_gMqt/GPA1/T404=45,444927
00:38:16.452 | SIM: mqtt1_gMqt/GPA1/Hours=90000
00:38:16.452 | SIM: mqtt1_gMqt/GPA2/PPU_Gen_active_power=1210,7289
00:38:16.452 | SIM: mqtt1_gMqt/GPA2/PPU_Gen_counter_active_power=18005,697
00:38:16.452 | SIM: mqtt1_gMqt/GPA2/T404=44,64339
00:38:16.452 | SIM: mqtt1_gMqt/GPA2/Hours=90000
00:38:16.452 | SIM: mqtt1_gMqt/GPA3/PPU_Gen_active_power=1217,3379
00:38:16.452 | SIM: mqtt1_gMqt/GPA3/PPU_Gen_counter_active_power=18005,736
00:38:16.453 | SIM: mqtt1_gMqt/GPA3/T404=45,361164
00:38:16.453 | SIM: mqtt1_gMqt/GPA3/Hours=90000
00:38:16.453 | SIM: mqtt1_gMqt/GPA4/PPU_Gen_active_power=1209,2737
00:38:16.453 | SIM: mqtt1_gMqt/GPA4/PPU_Gen_counter_active_power=18005,742
00:38:16.453 | SIM: mqtt1_gMqt/GPA4/T404=45,65886
00:38:16.454 | SIM: mqtt1_gMqt/GPA4/Hours=90000
00:38:16.454 | SIM: mqtt1_gMqt/GPA5/PPU_Gen_active_power=1163,916
00:38:16.454 | SIM: mqtt1_gMqt/GPA5/PPU_Gen_counter_active_power=18005,615
00:38:16.454 | SIM: mqtt1_gMqt/GPA5/T404=44,510006
00:38:16.454 | SIM: mqtt1_gMqt/GPA5/Hours=90000
00:38:16.454 | SIM: mqtt1_gMqt/GPA6/PPU_Gen_active_power=1199,3906
00:38:16.454 | SIM: mqtt1_gMqt/GPA6/PPU_Gen_counter_active_power=18005,672
00:38:16.455 | SIM: mqtt1_gMqt/GPA6/T404=44,728695
00:38:16.455 | SIM: mqtt1_gMqt/GPA6/Hours=90000
00:38:17.551 | SIM: mqtt1_gMqt/ZAS/ZAS_Actual_Power=193,76846
00:38:17.552 | SIM: mqtt1_gMqt/GPA1/PPU_Gen_active_power=1215,8597
00:38:17.552 | SIM: mqtt1_gMqt/GPA1/PPU_Gen_counter_active_power=18005,97
00:38:17.552 | SIM: mqtt1_gMqt/GPA1/T404=45,68608
00:38:17.552 | SIM: mqtt1_gMqt/GPA1/Hours=90000
00:38:17.552 | SIM: mqtt1_gMqt/GPA2/PPU_Gen_active_power=1214,6687
00:38:17.552 | SIM: mqtt1_gMqt/GPA2/PPU_Gen_counter_active_power=18006,035
00:38:17.553 | SIM: mqtt1_gMqt/GPA2/T404=44,809177
00:38:17.553 | SIM: mqtt1_gMqt/GPA2/Hours=90000
00:38:17.553 | SIM: mqtt1_gMqt/GPA3/PPU_Gen_active_power=1224,178
00:38:17.553 | SIM: mqtt1_gMqt/GPA3/PPU_Gen_counter_active_power=18006,076
00:38:17.553 | SIM: mqtt1_gMqt/GPA3/T404=45,35646
00:38:17.554 | SIM: mqtt1_gMqt/GPA3/Hours=90000
00:38:17.554 | SIM: mqtt1_gMqt/GPA4/PPU_Gen_active_power=1215,8563
00:38:17.554 | SIM: mqtt1_gMqt/GPA4/PPU_Gen_counter_active_power=18006,08
00:38:17.554 | SIM: mqtt1_gMqt/GPA4/T404=45,650936
00:38:17.554 | SIM: mqtt1_gMqt/GPA4/Hours=90000
00:38:17.555 | SIM: mqtt1_gMqt/GPA5/PPU_Gen_active_power=1158,9369
00:38:17.555 | SIM: mqtt1_gMqt/GPA5/PPU_Gen_counter_active_power=18005,938
00:38:17.555 | SIM: mqtt1_gMqt/GPA5/T404=44,3557
00:38:17.555 | SIM: mqtt1_gMqt/GPA5/Hours=90000
00:38:17.555 | SIM: mqtt1_gMqt/GPA6/PPU_Gen_active_power=1198,0981
00:38:17.555 | SIM: mqtt1_gMqt/GPA6/PPU_Gen_counter_active_power=18006,004
00:38:17.556 | SIM: mqtt1_gMqt/GPA6/T404=44,674026
00:38:17.556 | SIM: mqtt1_gMqt/GPA6/Hours=90000
00:38:18.645 | SIM: mqtt1_gMqt/ZAS/ZAS_Actual_Power=194,50496
00:38:18.645 | SIM: mqtt1_gMqt/GPA1/PPU_Gen_active_power=1218,1217
00:38:18.645 | SIM: mqtt1_gMqt/GPA1/PPU_Gen_counter_active_power=18006,309
00:38:18.645 | SIM: mqtt1_gMqt/GPA1/T404=45,93565
00:38:18.646 | SIM: mqtt1_gMqt/GPA1/Hours=90000
00:38:18.646 | SIM: mqtt1_gMqt/GPA2/PPU_Gen_active_power=1214,1622
00:38:18.646 | SIM: mqtt1_gMqt/GPA2/PPU_Gen_counter_active_power=18006,373
00:38:18.646 | SIM: mqtt1_gMqt/GPA2/T404=44,69061
00:38:18.646 | SIM: mqtt1_gMqt/GPA2/Hours=90000
00:38:18.646 | SIM: mqtt1_gMqt/GPA3/PPU_Gen_active_power=1217,2716
00:38:18.646 | SIM: mqtt1_gMqt/GPA3/PPU_Gen_counter_active_power=18006,414
00:38:18.647 | SIM: mqtt1_gMqt/GPA3/T404=45,275723
00:38:18.647 | SIM: mqtt1_gMqt/GPA3/Hours=90000
00:38:18.647 | SIM: mqtt1_gMqt/GPA4/PPU_Gen_active_power=1225,3701
00:38:18.647 | SIM: mqtt1_gMqt/GPA4/PPU_Gen_counter_active_power=18006,42
00:38:18.647 | SIM: mqtt1_gMqt/GPA4/T404=45,520332
00:38:18.647 | SIM: mqtt1_gMqt/GPA4/Hours=90000
00:38:18.648 | SIM: mqtt1_gMqt/GPA5/PPU_Gen_active_power=1156,2662
00:38:18.648 | SIM: mqtt1_gMqt/GPA5/PPU_Gen_counter_active_power=18006,258
00:38:18.648 | SIM: mqtt1_gMqt/GPA5/T404=44,51323
00:38:18.648 | SIM: mqtt1_gMqt/GPA5/Hours=90000
00:38:18.648 | SIM: mqtt1_gMqt/GPA6/PPU_Gen_active_power=1189,665
00:38:18.648 | SIM: mqtt1_gMqt/GPA6/PPU_Gen_counter_active_power=18006,334
00:38:18.648 | SIM: mqtt1_gMqt/GPA6/T404=44,87459
00:38:18.649 | SIM: mqtt1_gMqt/GPA6/Hours=90000
00:38:19.746 | SIM: mqtt1_gMqt/ZAS/ZAS_Actual_Power=194,67374
00:38:19.746 | SIM: mqtt1_gMqt/GPA1/PPU_Gen_active_power=1214,181
00:38:19.746 | SIM: mqtt1_gMqt/GPA1/PPU_Gen_counter_active_power=18006,646
00:38:19.746 | SIM: mqtt1_gMqt/GPA1/T404=45,841705
00:38:19.747 | SIM: mqtt1_gMqt/GPA1/Hours=90000
00:38:19.747 | SIM: mqtt1_gMqt/GPA2/PPU_Gen_active_power=1208,5939
00:38:19.747 | SIM: mqtt1_gMqt/GPA2/PPU_Gen_counter_active_power=18006,709
00:38:19.747 | SIM: mqtt1_gMqt/GPA2/T404=44,859097
00:38:19.747 | SIM: mqtt1_gMqt/GPA2/Hours=90000
00:38:19.747 | SIM: mqtt1_gMqt/GPA3/PPU_Gen_active_power=1220,3696
00:38:19.748 | SIM: mqtt1_gMqt/GPA3/PPU_Gen_counter_active_power=18006,754
00:38:19.748 | SIM: mqtt1_gMqt/GPA3/T404=45,43596
00:38:19.748 | SIM: mqtt1_gMqt/GPA3/Hours=90000
00:38:19.748 | SIM: mqtt1_gMqt/GPA4/PPU_Gen_active_power=1219,6898
00:38:19.748 | SIM: mqtt1_gMqt/GPA4/PPU_Gen_counter_active_power=18006,758
00:38:19.748 | SIM: mqtt1_gMqt/GPA4/T404=45,500546
00:38:19.749 | SIM: mqtt1_gMqt/GPA4/Hours=90000
00:38:19.749 | SIM: mqtt1_gMqt/GPA5/PPU_Gen_active_power=1152,935
00:38:19.749 | SIM: mqtt1_gMqt/GPA5/PPU_Gen_counter_active_power=18006,578
00:38:19.749 | SIM: mqtt1_gMqt/GPA5/T404=44,59382
00:38:19.749 | SIM: mqtt1_gMqt/GPA5/Hours=90000
00:38:19.749 | SIM: mqtt1_gMqt/GPA6/PPU_Gen_active_power=1194,3174
00:38:19.750 | SIM: mqtt1_gMqt/GPA6/PPU_Gen_counter_active_power=18006,666
00:38:19.750 | SIM: mqtt1_gMqt/GPA6/T404=44,90828
00:38:19.750 | SIM: mqtt1_gMqt/GPA6/Hours=90000
00:38:20.884 | SIM: mqtt1_gMqt/ZAS/ZAS_Actual_Power=195,38174
00:38:20.884 | SIM: mqtt1_gMqt/GPA1/PPU_Gen_active_power=1205,0116
00:38:20.885 | SIM: mqtt1_gMqt/GPA1/PPU_Gen_counter_active_power=18006,98
00:38:20.885 | SIM: mqtt1_gMqt/GPA1/T404=45,95185
00:38:20.885 | SIM: mqtt1_gMqt/GPA1/Hours=90000
00:38:20.885 | SIM: mqtt1_gMqt/GPA2/PPU_Gen_active_power=1208,6287
00:38:20.885 | SIM: mqtt1_gMqt/GPA2/PPU_Gen_counter_active_power=18007,045
00:38:20.885 | SIM: mqtt1_gMqt/GPA2/T404=44,704185
00:38:20.886 | SIM: mqtt1_gMqt/GPA2/Hours=90000
00:38:20.886 | SIM: mqtt1_gMqt/GPA3/PPU_Gen_active_power=1227,4362
00:38:20.886 | SIM: mqtt1_gMqt/GPA3/PPU_Gen_counter_active_power=18007,096
00:38:20.886 | SIM: mqtt1_gMqt/GPA3/T404=45,21818
00:38:20.886 | SIM: mqtt1_gMqt/GPA3/Hours=90000
00:38:20.886 | SIM: mqtt1_gMqt/GPA4/PPU_Gen_active_power=1229,5007
00:38:20.887 | SIM: mqtt1_gMqt/GPA4/PPU_Gen_counter_active_power=18007,1
00:38:20.887 | SIM: mqtt1_gMqt/GPA4/T404=45,643646
00:38:20.887 | SIM: mqtt1_gMqt/GPA4/Hours=90000
00:38:20.887 | SIM: mqtt1_gMqt/GPA5/PPU_Gen_active_power=1154,3917
00:38:20.887 | SIM: mqtt1_gMqt/GPA5/PPU_Gen_counter_active_power=18006,898
00:38:20.888 | SIM: mqtt1_gMqt/GPA5/T404=44,444527
00:38:20.888 | SIM: mqtt1_gMqt/GPA5/Hours=90000
00:38:20.888 | SIM: mqtt1_gMqt/GPA6/PPU_Gen_active_power=1200,9543
00:38:20.888 | SIM: mqtt1_gMqt/GPA6/PPU_Gen_counter_active_power=18007
00:38:20.889 | SIM: mqtt1_gMqt/GPA6/T404=44,84584
00:38:20.889 | SIM: mqtt1_gMqt/GPA6/Hours=90000
00:38:21.979 | SIM: mqtt1_gMqt/ZAS/ZAS_Actual_Power=194,1469
00:38:21.979 | SIM: mqtt1_gMqt/GPA1/PPU_Gen_active_power=1210,9758
00:38:21.979 | SIM: mqtt1_gMqt/GPA1/PPU_Gen_counter_active_power=18007,316
00:38:21.979 | SIM: mqtt1_gMqt/GPA1/T404=45,91531
00:38:21.980 | SIM: mqtt1_gMqt/GPA1/Hours=90000
00:38:21.980 | SIM: mqtt1_gMqt/GPA2/PPU_Gen_active_power=1211,0492
00:38:21.980 | SIM: mqtt1_gMqt/GPA2/PPU_Gen_counter_active_power=18007,38
00:38:21.980 | SIM: mqtt1_gMqt/GPA2/T404=44,556324
00:38:21.981 | SIM: mqtt1_gMqt/GPA2/Hours=90000
00:38:21.981 | SIM: mqtt1_gMqt/GPA3/PPU_Gen_active_power=1221,2828
00:38:21.981 | SIM: mqtt1_gMqt/GPA3/PPU_Gen_counter_active_power=18007,436
00:38:21.981 | SIM: mqtt1_gMqt/GPA3/T404=45,040806
00:38:21.981 | SIM: mqtt1_gMqt/GPA3/Hours=90000
00:38:21.982 | SIM: mqtt1_gMqt/GPA4/PPU_Gen_active_power=1225,7875
00:38:21.982 | SIM: mqtt1_gMqt/GPA4/PPU_Gen_counter_active_power=18007,44
00:38:21.982 | SIM: mqtt1_gMqt/GPA4/T404=45,506145
00:38:21.982 | SIM: mqtt1_gMqt/GPA4/Hours=90000
00:38:21.983 | SIM: mqtt1_gMqt/GPA5/PPU_Gen_active_power=1161,208
00:38:21.983 | SIM: mqtt1_gMqt/GPA5/PPU_Gen_counter_active_power=18007,22
00:38:21.983 | SIM: mqtt1_gMqt/GPA5/T404=44,58066
00:38:21.983 | SIM: mqtt1_gMqt/GPA5/Hours=90000
00:38:21.983 | SIM: mqtt1_gMqt/GPA6/PPU_Gen_active_power=1191,2284
00:38:21.984 | SIM: mqtt1_gMqt/GPA6/PPU_Gen_counter_active_power=18007,33
00:38:21.984 | SIM: mqtt1_gMqt/GPA6/T404=44,64952
00:38:21.984 | SIM: mqtt1_gMqt/GPA6/Hours=90000
00:38:23.077 | SIM: mqtt1_gMqt/ZAS/ZAS_Actual_Power=194,49467
00:38:23.078 | SIM: mqtt1_gMqt/GPA1/PPU_Gen_active_power=1205,3762
00:38:23.078 | SIM: mqtt1_gMqt/GPA1/PPU_Gen_counter_active_power=18007,65
00:38:23.078 | SIM: mqtt1_gMqt/GPA1/T404=45,884792
00:38:23.079 | SIM: mqtt1_gMqt/GPA1/Hours=90000
00:38:23.079 | SIM: mqtt1_gMqt/GPA2/PPU_Gen_active_power=1209,1035
00:38:23.079 | SIM: mqtt1_gMqt/GPA2/PPU_Gen_counter_active_power=18007,717
00:38:23.079 | SIM: mqtt1_gMqt/GPA2/T404=44,557236
00:38:23.079 | SIM: mqtt1_gMqt/GPA2/Hours=90000
00:38:23.080 | SIM: mqtt1_gMqt/GPA3/PPU_Gen_active_power=1227,1147
00:38:23.080 | SIM: mqtt1_gMqt/GPA3/PPU_Gen_counter_active_power=18007,777
00:38:23.080 | SIM: mqtt1_gMqt/GPA3/T404=44,80469
00:38:23.080 | SIM: mqtt1_gMqt/GPA3/Hours=90000
00:38:23.080 | SIM: mqtt1_gMqt/GPA4/PPU_Gen_active_power=1231,5472
00:38:23.080 | SIM: mqtt1_gMqt/GPA4/PPU_Gen_counter_active_power=18007,781
00:38:23.080 | SIM: mqtt1_gMqt/GPA4/T404=45,321064
00:38:23.081 | SIM: mqtt1_gMqt/GPA4/Hours=90000
00:38:23.081 | SIM: mqtt1_gMqt/GPA5/PPU_Gen_active_power=1163,9119
00:38:23.081 | SIM: mqtt1_gMqt/GPA5/PPU_Gen_counter_active_power=18007,545
00:38:23.081 | SIM: mqtt1_gMqt/GPA5/T404=44,478447
00:38:23.081 | SIM: mqtt1_gMqt/GPA5/Hours=90000
00:38:23.081 | SIM: mqtt1_gMqt/GPA6/PPU_Gen_active_power=1186,3252
00:38:23.081 | SIM: mqtt1_gMqt/GPA6/PPU_Gen_counter_active_power=18007,66
00:38:23.082 | SIM: mqtt1_gMqt/GPA6/T404=44,541912
00:38:23.082 | SIM: mqtt1_gMqt/GPA6/Hours=90000
00:38:24.164 | SIM: mqtt1_gMqt/ZAS/ZAS_Actual_Power=193,15883
00:38:24.164 | SIM: mqtt1_gMqt/GPA1/PPU_Gen_active_power=1198,3639
00:38:24.164 | SIM: mqtt1_gMqt/GPA1/PPU_Gen_counter_active_power=18007,982
00:38:24.164 | SIM: mqtt1_gMqt/GPA1/T404=46,127922
00:38:24.164 | SIM: mqtt1_gMqt/GPA1/Hours=90000
00:38:24.165 | SIM: mqtt1_gMqt/GPA2/PPU_Gen_active_power=1211,0676
00:38:24.165 | SIM: mqtt1_gMqt/GPA2/PPU_Gen_counter_active_power=18008,053
00:38:24.165 | SIM: mqtt1_gMqt/GPA2/T404=44,320896
00:38:24.165 | SIM: mqtt1_gMqt/GPA2/Hours=90000
00:38:24.165 | SIM: mqtt1_gMqt/GPA3/PPU_Gen_active_power=1231,9318
00:38:24.165 | SIM: mqtt1_gMqt/GPA3/PPU_Gen_counter_active_power=18008,12
00:38:24.166 | SIM: mqtt1_gMqt/GPA3/T404=44,697124
00:38:24.166 | SIM: mqtt1_gMqt/GPA3/Hours=90000
00:38:24.166 | SIM: mqtt1_gMqt/GPA4/PPU_Gen_active_power=1226,7047
00:38:24.166 | SIM: mqtt1_gMqt/GPA4/PPU_Gen_counter_active_power=18008,121
00:38:24.166 | SIM: mqtt1_gMqt/GPA4/T404=45,162724
00:38:24.166 | SIM: mqtt1_gMqt/GPA4/Hours=90000
00:38:24.167 | SIM: mqtt1_gMqt/GPA5/PPU_Gen_active_power=1157,6582
00:38:24.167 | SIM: mqtt1_gMqt/GPA5/PPU_Gen_counter_active_power=18007,867
00:38:24.167 | SIM: mqtt1_gMqt/GPA5/T404=44,239105
00:38:24.167 | SIM: mqtt1_gMqt/GPA5/Hours=90000
00:38:24.167 | SIM: mqtt1_gMqt/GPA6/PPU_Gen_active_power=1187,76
00:38:24.167 | SIM: mqtt1_gMqt/GPA6/PPU_Gen_counter_active_power=18007,99
00:38:24.168 | SIM: mqtt1_gMqt/GPA6/T404=44,415146
00:38:24.168 | SIM: mqtt1_gMqt/GPA6/Hours=90000
00:38:25.256 | SIM: mqtt1_gMqt/ZAS/ZAS_Actual_Power=194,93744
00:38:25.257 | SIM: mqtt1_gMqt/GPA1/PPU_Gen_active_power=1203,4607
00:38:25.257 | SIM: mqtt1_gMqt/GPA1/PPU_Gen_counter_active_power=18008,316
00:38:25.257 | SIM: mqtt1_gMqt/GPA1/T404=46,167336
00:38:25.258 | SIM: mqtt1_gMqt/GPA1/Hours=90000
00:38:25.258 | SIM: mqtt1_gMqt/GPA2/PPU_Gen_active_power=1217,2856
00:38:25.258 | SIM: mqtt1_gMqt/GPA2/PPU_Gen_counter_active_power=18008,39
00:38:25.258 | SIM: mqtt1_gMqt/GPA2/T404=44,368042
00:38:25.258 | SIM: mqtt1_gMqt/GPA2/Hours=90000
00:38:25.258 | SIM: mqtt1_gMqt/GPA3/PPU_Gen_active_power=1233,0839
00:38:25.258 | SIM: mqtt1_gMqt/GPA3/PPU_Gen_counter_active_power=18008,46
00:38:25.259 | SIM: mqtt1_gMqt/GPA3/T404=44,663685
00:38:25.259 | SIM: mqtt1_gMqt/GPA3/Hours=90000
00:38:25.259 | SIM: mqtt1_gMqt/GPA4/PPU_Gen_active_power=1222,2893
00:38:25.259 | SIM: mqtt1_gMqt/GPA4/PPU_Gen_counter_active_power=18008,46
00:38:25.259 | SIM: mqtt1_gMqt/GPA4/T404=45,010777
00:38:25.260 | SIM: mqtt1_gMqt/GPA4/Hours=90000
00:38:25.260 | SIM: mqtt1_gMqt/GPA5/PPU_Gen_active_power=1157,3279
00:38:25.260 | SIM: mqtt1_gMqt/GPA5/PPU_Gen_counter_active_power=18008,19
00:38:25.260 | SIM: mqtt1_gMqt/GPA5/T404=44,064632
00:38:25.260 | SIM: mqtt1_gMqt/GPA5/Hours=90000
00:38:25.260 | SIM: mqtt1_gMqt/GPA6/PPU_Gen_active_power=1194,4459
00:38:25.261 | SIM: mqtt1_gMqt/GPA6/PPU_Gen_counter_active_power=18008,322
00:38:25.261 | SIM: mqtt1_gMqt/GPA6/T404=44,606598
00:38:25.261 | SIM: mqtt1_gMqt/GPA6/Hours=90000
00:38:26.354 | SIM: mqtt1_gMqt/ZAS/ZAS_Actual_Power=193,90732
00:38:26.354 | SIM: mqtt1_gMqt/GPA1/PPU_Gen_active_power=1211,7021
00:38:26.354 | SIM: mqtt1_gMqt/GPA1/PPU_Gen_counter_active_power=18008,652
00:38:26.355 | SIM: mqtt1_gMqt/GPA1/T404=45,920055
00:38:26.355 | SIM: mqtt1_gMqt/GPA1/Hours=90000
00:38:26.355 | SIM: mqtt1_gMqt/GPA2/PPU_Gen_active_power=1212,1306
00:38:26.355 | SIM: mqtt1_gMqt/GPA2/PPU_Gen_counter_active_power=18008,727
00:38:26.355 | SIM: mqtt1_gMqt/GPA2/T404=44,245033
00:38:26.356 | SIM: mqtt1_gMqt/GPA2/Hours=90000
00:38:26.356 | SIM: mqtt1_gMqt/GPA3/PPU_Gen_active_power=1230,4331
00:38:26.356 | SIM: mqtt1_gMqt/GPA3/PPU_Gen_counter_active_power=18008,803
00:38:26.356 | SIM: mqtt1_gMqt/GPA3/T404=44,662457
00:38:26.356 | SIM: mqtt1_gMqt/GPA3/Hours=90000
00:38:26.356 | SIM: mqtt1_gMqt/GPA4/PPU_Gen_active_power=1213,4706
00:38:26.357 | SIM: mqtt1_gMqt/GPA4/PPU_Gen_counter_active_power=18008,799
00:38:26.357 | SIM: mqtt1_gMqt/GPA4/T404=45,216972
00:38:26.357 | SIM: mqtt1_gMqt/GPA4/Hours=90000
00:38:26.357 | SIM: mqtt1_gMqt/GPA5/PPU_Gen_active_power=1159,8887
00:38:26.357 | SIM: mqtt1_gMqt/GPA5/PPU_Gen_counter_active_power=18008,512
00:38:26.357 | SIM: mqtt1_gMqt/GPA5/T404=43,991623
00:38:26.357 | SIM: mqtt1_gMqt/GPA5/Hours=90000
00:38:26.358 | SIM: mqtt1_gMqt/GPA6/PPU_Gen_active_power=1204,242
00:38:26.358 | SIM: mqtt1_gMqt/GPA6/PPU_Gen_counter_active_power=18008,656
00:38:26.358 | SIM: mqtt1_gMqt/GPA6/T404=44,5734
00:38:26.358 | SIM: mqtt1_gMqt/GPA6/Hours=90000
00:38:27.449 | SIM: mqtt1_gMqt/ZAS/ZAS_Actual_Power=192,71194
00:38:27.449 | SIM: mqtt1_gMqt/GPA1/PPU_Gen_active_power=1205,6559
00:38:27.449 | SIM: mqtt1_gMqt/GPA1/PPU_Gen_counter_active_power=18008,986
00:38:27.450 | SIM: mqtt1_gMqt/GPA1/T404=45,812622
00:38:27.450 | SIM: mqtt1_gMqt/GPA1/Hours=90000
00:38:27.450 | SIM: mqtt1_gMqt/GPA2/PPU_Gen_active_power=1202,4753
00:38:27.450 | SIM: mqtt1_gMqt/GPA2/PPU_Gen_counter_active_power=18009,06
00:38:27.450 | SIM: mqtt1_gMqt/GPA2/T404=44,319855
00:38:27.450 | SIM: mqtt1_gMqt/GPA2/Hours=90000
00:38:27.451 | SIM: mqtt1_gMqt/GPA3/PPU_Gen_active_power=1237,0046
00:38:27.451 | SIM: mqtt1_gMqt/GPA3/PPU_Gen_counter_active_power=18009,146
00:38:27.451 | SIM: mqtt1_gMqt/GPA3/T404=44,881126
00:38:27.451 | SIM: mqtt1_gMqt/GPA3/Hours=90000
00:38:27.451 | SIM: mqtt1_gMqt/GPA4/PPU_Gen_active_power=1213,2108
00:38:27.451 | SIM: mqtt1_gMqt/GPA4/PPU_Gen_counter_active_power=18009,137
00:38:27.452 | SIM: mqtt1_gMqt/GPA4/T404=45,263554
00:38:27.452 | SIM: mqtt1_gMqt/GPA4/Hours=90000
00:38:27.452 | SIM: mqtt1_gMqt/GPA5/PPU_Gen_active_power=1159,4539
00:38:27.452 | SIM: mqtt1_gMqt/GPA5/PPU_Gen_counter_active_power=18008,834
00:38:27.453 | SIM: mqtt1_gMqt/GPA5/T404=44,000977
00:38:27.453 | SIM: mqtt1_gMqt/GPA5/Hours=90000
00:38:27.453 | SIM: mqtt1_gMqt/GPA6/PPU_Gen_active_power=1196,3768
00:38:27.453 | SIM: mqtt1_gMqt/GPA6/PPU_Gen_counter_active_power=18008,988
00:38:27.453 | SIM: mqtt1_gMqt/GPA6/T404=44,802567
00:38:27.453 | SIM: mqtt1_gMqt/GPA6/Hours=90000
00:38:28.543 | SIM: mqtt1_gMqt/ZAS/ZAS_Actual_Power=191,49226
00:38:28.544 | SIM: mqtt1_gMqt/GPA1/PPU_Gen_active_power=1212,1508
00:38:28.544 | SIM: mqtt1_gMqt/GPA1/PPU_Gen_counter_active_power=18009,322
00:38:28.544 | SIM: mqtt1_gMqt/GPA1/T404=46,039253
00:38:28.544 | SIM: mqtt1_gMqt/GPA1/Hours=90000
00:38:28.544 | SIM: mqtt1_gMqt/GPA2/PPU_Gen_active_power=1209,7899
00:38:28.545 | SIM: mqtt1_gMqt/GPA2/PPU_Gen_counter_active_power=18009,396
00:38:28.545 | SIM: mqtt1_gMqt/GPA2/T404=44,08724
00:38:28.545 | SIM: mqtt1_gMqt/GPA2/Hours=90000
00:38:28.545 | SIM: mqtt1_gMqt/GPA3/PPU_Gen_active_power=1241,1721
00:38:28.545 | SIM: mqtt1_gMqt/GPA3/PPU_Gen_counter_active_power=18009,492
00:38:28.545 | SIM: mqtt1_gMqt/GPA3/T404=44,976208
00:38:28.545 | SIM: mqtt1_gMqt/GPA3/Hours=90000
00:38:28.546 | SIM: mqtt1_gMqt/GPA4/PPU_Gen_active_power=1218,8579
00:38:28.546 | SIM: mqtt1_gMqt/GPA4/PPU_Gen_counter_active_power=18009,475
00:38:28.546 | SIM: mqtt1_gMqt/GPA4/T404=45,087177
00:38:28.546 | SIM: mqtt1_gMqt/GPA4/Hours=90000
00:38:28.546 | SIM: mqtt1_gMqt/GPA5/PPU_Gen_active_power=1168,0863
00:38:28.546 | SIM: mqtt1_gMqt/GPA5/PPU_Gen_counter_active_power=18009,158
00:38:28.547 | SIM: mqtt1_gMqt/GPA5/T404=43,9416
00:38:28.547 | SIM: mqtt1_gMqt/GPA5/Hours=90000
00:38:28.547 | SIM: mqtt1_gMqt/GPA6/PPU_Gen_active_power=1197,4227
00:38:28.547 | SIM: mqtt1_gMqt/GPA6/PPU_Gen_counter_active_power=18009,32
00:38:28.547 | SIM: mqtt1_gMqt/GPA6/T404=44,820744
00:38:28.547 | SIM: mqtt1_gMqt/GPA6/Hours=90000
00:38:29.636 | SIM: mqtt1_gMqt/ZAS/ZAS_Actual_Power=191,75227
00:38:29.637 | SIM: mqtt1_gMqt/GPA1/PPU_Gen_active_power=1207,7113
00:38:29.637 | SIM: mqtt1_gMqt/GPA1/PPU_Gen_counter_active_power=18009,658
00:38:29.637 | SIM: mqtt1_gMqt/GPA1/T404=46,175034
00:38:29.637 | SIM: mqtt1_gMqt/GPA1/Hours=90000
00:38:29.637 | SIM: mqtt1_gMqt/GPA2/PPU_Gen_active_power=1202,862
00:38:29.638 | SIM: mqtt1_gMqt/GPA2/PPU_Gen_counter_active_power=18009,73
00:38:29.638 | SIM: mqtt1_gMqt/GPA2/T404=44,314537
00:38:29.638 | SIM: mqtt1_gMqt/GPA2/Hours=90000
00:38:29.638 | SIM: mqtt1_gMqt/GPA3/PPU_Gen_active_power=1246,3556
00:38:29.638 | SIM: mqtt1_gMqt/GPA3/PPU_Gen_counter_active_power=18009,838
00:38:29.639 | SIM: mqtt1_gMqt/GPA3/T404=45,05559
00:38:29.639 | SIM: mqtt1_gMqt/GPA3/Hours=90000
00:38:29.639 | SIM: mqtt1_gMqt/GPA4/PPU_Gen_active_power=1224,6675
00:38:29.639 | SIM: mqtt1_gMqt/GPA4/PPU_Gen_counter_active_power=18009,814
00:38:29.639 | SIM: mqtt1_gMqt/GPA4/T404=45,29603
00:38:29.639 | SIM: mqtt1_gMqt/GPA4/Hours=90000
00:38:29.640 | SIM: mqtt1_gMqt/GPA5/PPU_Gen_active_power=1170,7621
00:38:29.640 | SIM: mqtt1_gMqt/GPA5/PPU_Gen_counter_active_power=18009,484
00:38:29.640 | SIM: mqtt1_gMqt/GPA5/T404=43,96083
00:38:29.640 | SIM: mqtt1_gMqt/GPA5/Hours=90000
00:38:29.640 | SIM: mqtt1_gMqt/GPA6/PPU_Gen_active_power=1207,1548
00:38:29.640 | SIM: mqtt1_gMqt/GPA6/PPU_Gen_counter_active_power=18009,656
00:38:29.640 | SIM: mqtt1_gMqt/GPA6/T404=44,66233
00:38:29.640 | SIM: mqtt1_gMqt/GPA6/Hours=90000
00:38:30.732 | SIM: mqtt1_gMqt/ZAS/ZAS_Actual_Power=194,25246
00:38:30.733 | SIM: mqtt1_gMqt/GPA1/PPU_Gen_active_power=1198,3065
00:38:30.733 | SIM: mqtt1_gMqt/GPA1/PPU_Gen_counter_active_power=18009,99
00:38:30.733 | SIM: mqtt1_gMqt/GPA1/T404=46,246246
00:38:30.733 | SIM: mqtt1_gMqt/GPA1/Hours=90000
00:38:30.733 | SIM: mqtt1_gMqt/GPA2/PPU_Gen_active_power=1193,5682
00:38:30.734 | SIM: mqtt1_gMqt/GPA2/PPU_Gen_counter_active_power=18010,062
00:38:30.734 | SIM: mqtt1_gMqt/GPA2/T404=44,285458
00:38:30.734 | SIM: mqtt1_gMqt/GPA2/Hours=90000
00:38:30.734 | SIM: mqtt1_gMqt/GPA3/PPU_Gen_active_power=1252,9261
00:38:30.734 | SIM: mqtt1_gMqt/GPA3/PPU_Gen_counter_active_power=18010,186
00:38:30.734 | SIM: mqtt1_gMqt/GPA3/T404=44,859238
00:38:30.734 | SIM: mqtt1_gMqt/GPA3/Hours=90000
00:38:30.735 | SIM: mqtt1_gMqt/GPA4/PPU_Gen_active_power=1224,3674
00:38:30.735 | SIM: mqtt1_gMqt/GPA4/PPU_Gen_counter_active_power=18010,154
00:38:30.735 | SIM: mqtt1_gMqt/GPA4/T404=45,49421
00:38:30.735 | SIM: mqtt1_gMqt/GPA4/Hours=90000
00:38:30.735 | SIM: mqtt1_gMqt/GPA5/PPU_Gen_active_power=1162,4679
00:38:30.735 | SIM: mqtt1_gMqt/GPA5/PPU_Gen_counter_active_power=18009,807
00:38:30.736 | SIM: mqtt1_gMqt/GPA5/T404=43,954132
00:38:30.736 | SIM: mqtt1_gMqt/GPA5/Hours=90000
00:38:30.736 | SIM: mqtt1_gMqt/GPA6/PPU_Gen_active_power=1205,8029
00:38:30.736 | SIM: mqtt1_gMqt/GPA6/PPU_Gen_counter_active_power=18009,99
00:38:30.736 | SIM: mqtt1_gMqt/GPA6/T404=44,523
00:38:30.736 | SIM: mqtt1_gMqt/GPA6/Hours=90000
00:38:31.832 | SIM: mqtt1_gMqt/ZAS/ZAS_Actual_Power=193,31323
00:38:31.833 | SIM: mqtt1_gMqt/GPA1/PPU_Gen_active_power=1190,9612
00:38:31.833 | SIM: mqtt1_gMqt/GPA1/PPU_Gen_counter_active_power=18010,32
00:38:31.833 | SIM: mqtt1_gMqt/GPA1/T404=46,143322
00:38:31.833 | SIM: mqtt1_gMqt/GPA1/Hours=90000
00:38:31.834 | SIM: mqtt1_gMqt/GPA2/PPU_Gen_active_power=1198,9417
00:38:31.834 | SIM: mqtt1_gMqt/GPA2/PPU_Gen_counter_active_power=18010,396
00:38:31.834 | SIM: mqtt1_gMqt/GPA2/T404=44,519947
00:38:31.834 | SIM: mqtt1_gMqt/GPA2/Hours=90000
00:38:31.834 | SIM: mqtt1_gMqt/GPA3/PPU_Gen_active_power=1246,8053
00:38:31.835 | SIM: mqtt1_gMqt/GPA3/PPU_Gen_counter_active_power=18010,531
00:38:31.835 | SIM: mqtt1_gMqt/GPA3/T404=45,047215
00:38:31.835 | SIM: mqtt1_gMqt/GPA3/Hours=90000
00:38:31.835 | SIM: mqtt1_gMqt/GPA4/PPU_Gen_active_power=1227,8591
00:38:31.836 | SIM: mqtt1_gMqt/GPA4/PPU_Gen_counter_active_power=18010,496
00:38:31.836 | SIM: mqtt1_gMqt/GPA4/T404=45,55436
00:38:31.836 | SIM: mqtt1_gMqt/GPA4/Hours=90000
00:38:31.836 | SIM: mqtt1_gMqt/GPA5/PPU_Gen_active_power=1156,4166
00:38:31.836 | SIM: mqtt1_gMqt/GPA5/PPU_Gen_counter_active_power=18010,127
00:38:31.837 | SIM: mqtt1_gMqt/GPA5/T404=43,96799
00:38:31.839 | SIM: mqtt1_gMqt/GPA5/Hours=90000
00:38:31.839 | SIM: mqtt1_gMqt/GPA6/PPU_Gen_active_power=1210,7938
00:38:31.839 | SIM: mqtt1_gMqt/GPA6/PPU_Gen_counter_active_power=18010,326
00:38:31.839 | SIM: mqtt1_gMqt/GPA6/T404=44,369545
00:38:31.839 | SIM: mqtt1_gMqt/GPA6/Hours=90000
00:38:32.934 | SIM: mqtt1_gMqt/ZAS/ZAS_Actual_Power=193,77011
00:38:32.935 | SIM: mqtt1_gMqt/GPA1/PPU_Gen_active_power=1186,0841
00:38:32.935 | SIM: mqtt1_gMqt/GPA1/PPU_Gen_counter_active_power=18010,65
00:38:32.935 | SIM: mqtt1_gMqt/GPA1/T404=46,041885
00:38:32.935 | SIM: mqtt1_gMqt/GPA1/Hours=90000
00:38:32.936 | SIM: mqtt1_gMqt/GPA2/PPU_Gen_active_power=1207,9366
00:38:32.936 | SIM: mqtt1_gMqt/GPA2/PPU_Gen_counter_active_power=18010,732
00:38:32.940 | SIM: mqtt1_gMqt/GPA2/T404=44,468388
00:38:32.940 | SIM: mqtt1_gMqt/GPA2/Hours=90000
00:38:32.940 | SIM: mqtt1_gMqt/GPA3/PPU_Gen_active_power=1245,1484
00:38:32.940 | SIM: mqtt1_gMqt/GPA3/PPU_Gen_counter_active_power=18010,877
00:38:32.941 | SIM: mqtt1_gMqt/GPA3/T404=45,140373
00:38:32.941 | SIM: mqtt1_gMqt/GPA3/Hours=90000
00:38:32.941 | SIM: mqtt1_gMqt/GPA4/PPU_Gen_active_power=1232,1508
00:38:32.941 | SIM: mqtt1_gMqt/GPA4/PPU_Gen_counter_active_power=18010,838
00:38:32.941 | SIM: mqtt1_gMqt/GPA4/T404=45,325184
00:38:32.941 | SIM: mqtt1_gMqt/GPA4/Hours=90000
00:38:32.942 | SIM: mqtt1_gMqt/GPA5/PPU_Gen_active_power=1147,132
00:38:32.942 | SIM: mqtt1_gMqt/GPA5/PPU_Gen_counter_active_power=18010,445
00:38:32.942 | SIM: mqtt1_gMqt/GPA5/T404=43,791183
00:38:32.942 | SIM: mqtt1_gMqt/GPA5/Hours=90000
00:38:32.942 | SIM: mqtt1_gMqt/GPA6/PPU_Gen_active_power=1205,4081
00:38:32.943 | SIM: mqtt1_gMqt/GPA6/PPU_Gen_counter_active_power=18010,66
00:38:32.943 | SIM: mqtt1_gMqt/GPA6/T404=44,2236
00:38:32.943 | SIM: mqtt1_gMqt/GPA6/Hours=90000
00:38:34.042 | SIM: mqtt1_gMqt/ZAS/ZAS_Actual_Power=193,24127
00:38:34.043 | SIM: mqtt1_gMqt/GPA1/PPU_Gen_active_power=1177,1519
00:38:34.043 | SIM: mqtt1_gMqt/GPA1/PPU_Gen_counter_active_power=18010,977
00:38:34.043 | SIM: mqtt1_gMqt/GPA1/T404=46,158424
00:38:34.044 | SIM: mqtt1_gMqt/GPA1/Hours=90000
00:38:34.044 | SIM: mqtt1_gMqt/GPA2/PPU_Gen_active_power=1213,6172
00:38:34.044 | SIM: mqtt1_gMqt/GPA2/PPU_Gen_counter_active_power=18011,07
00:38:34.044 | SIM: mqtt1_gMqt/GPA2/T404=44,646805
00:38:34.045 | SIM: mqtt1_gMqt/GPA2/Hours=90000
00:38:34.045 | SIM: mqtt1_gMqt/GPA3/PPU_Gen_active_power=1250,7275
00:38:34.045 | SIM: mqtt1_gMqt/GPA3/PPU_Gen_counter_active_power=18011,225
00:38:34.045 | SIM: mqtt1_gMqt/GPA3/T404=45,20512
00:38:34.045 | SIM: mqtt1_gMqt/GPA3/Hours=90000
00:38:34.045 | SIM: mqtt1_gMqt/GPA4/PPU_Gen_active_power=1229,5507
00:38:34.046 | SIM: mqtt1_gMqt/GPA4/PPU_Gen_counter_active_power=18011,18
00:38:34.046 | SIM: mqtt1_gMqt/GPA4/T404=45,459427
00:38:34.046 | SIM: mqtt1_gMqt/GPA4/Hours=90000
00:38:34.046 | SIM: mqtt1_gMqt/GPA5/PPU_Gen_active_power=1142,927
00:38:34.046 | SIM: mqtt1_gMqt/GPA5/PPU_Gen_counter_active_power=18010,764
00:38:34.046 | SIM: mqtt1_gMqt/GPA5/T404=43,603695
00:38:34.046 | SIM: mqtt1_gMqt/GPA5/Hours=90000
00:38:34.047 | SIM: mqtt1_gMqt/GPA6/PPU_Gen_active_power=1199,8011
00:38:34.047 | SIM: mqtt1_gMqt/GPA6/PPU_Gen_counter_active_power=18010,994
00:38:34.047 | SIM: mqtt1_gMqt/GPA6/T404=43,986073
00:38:34.047 | SIM: mqtt1_gMqt/GPA6/Hours=90000
00:38:35.136 | SIM: mqtt1_gMqt/ZAS/ZAS_Actual_Power=192,4002
00:38:35.136 | SIM: mqtt1_gMqt/GPA1/PPU_Gen_active_power=1174,2338
00:38:35.136 | SIM: mqtt1_gMqt/GPA1/PPU_Gen_counter_active_power=18011,303
00:38:35.137 | SIM: mqtt1_gMqt/GPA1/T404=45,924427
00:38:35.137 | SIM: mqtt1_gMqt/GPA1/Hours=90000
00:38:35.137 | SIM: mqtt1_gMqt/GPA2/PPU_Gen_active_power=1219,9368
00:38:35.137 | SIM: mqtt1_gMqt/GPA2/PPU_Gen_counter_active_power=18011,41
00:38:35.137 | SIM: mqtt1_gMqt/GPA2/T404=44,65564
00:38:35.138 | SIM: mqtt1_gMqt/GPA2/Hours=90000
00:38:35.138 | SIM: mqtt1_gMqt/GPA3/PPU_Gen_active_power=1254,39
00:38:35.138 | SIM: mqtt1_gMqt/GPA3/PPU_Gen_counter_active_power=18011,572
00:38:35.138 | SIM: mqtt1_gMqt/GPA3/T404=45,08397
00:38:35.138 | SIM: mqtt1_gMqt/GPA3/Hours=90000
00:38:35.139 | SIM: mqtt1_gMqt/GPA4/PPU_Gen_active_power=1219,8856
00:38:35.139 | SIM: mqtt1_gMqt/GPA4/PPU_Gen_counter_active_power=18011,518
00:38:35.139 | SIM: mqtt1_gMqt/GPA4/T404=45,488037
00:38:35.139 | SIM: mqtt1_gMqt/GPA4/Hours=90000
00:38:35.139 | SIM: mqtt1_gMqt/GPA5/PPU_Gen_active_power=1151,1963
00:38:35.140 | SIM: mqtt1_gMqt/GPA5/PPU_Gen_counter_active_power=18011,084
00:38:35.140 | SIM: mqtt1_gMqt/GPA5/T404=43,661877
00:38:35.140 | SIM: mqtt1_gMqt/GPA5/Hours=90000
00:38:35.140 | SIM: mqtt1_gMqt/GPA6/PPU_Gen_active_power=1194,3765
00:38:35.141 | SIM: mqtt1_gMqt/GPA6/PPU_Gen_counter_active_power=18011,326
00:38:35.141 | SIM: mqtt1_gMqt/GPA6/T404=44,00094
00:38:35.141 | SIM: mqtt1_gMqt/GPA6/Hours=90000
00:38:36.260 | SIM: mqtt1_gMqt/ZAS/ZAS_Actual_Power=192,5489
00:38:36.267 | SIM: mqtt1_gMqt/GPA1/PPU_Gen_active_power=1181,7389
00:38:36.267 | SIM: mqtt1_gMqt/GPA1/PPU_Gen_counter_active_power=18011,63
00:38:36.267 | SIM: mqtt1_gMqt/GPA1/T404=46,010067
00:38:36.268 | SIM: mqtt1_gMqt/GPA1/Hours=90000
00:38:36.268 | SIM: mqtt1_gMqt/GPA2/PPU_Gen_active_power=1225,9031
00:38:36.268 | SIM: mqtt1_gMqt/GPA2/PPU_Gen_counter_active_power=18011,75
00:38:36.268 | SIM: mqtt1_gMqt/GPA2/T404=44,560387
00:38:36.268 | SIM: mqtt1_gMqt/GPA2/Hours=90000
00:38:36.269 | SIM: mqtt1_gMqt/GPA3/PPU_Gen_active_power=1260,3512
00:38:36.269 | SIM: mqtt1_gMqt/GPA3/PPU_Gen_counter_active_power=18011,922
00:38:36.269 | SIM: mqtt1_gMqt/GPA3/T404=45,029827
00:38:36.269 | SIM: mqtt1_gMqt/GPA3/Hours=90000
00:38:36.270 | SIM: mqtt1_gMqt/GPA4/PPU_Gen_active_power=1224,7721
00:38:36.270 | SIM: mqtt1_gMqt/GPA4/PPU_Gen_counter_active_power=18011,857
00:38:36.270 | SIM: mqtt1_gMqt/GPA4/T404=45,517673
00:38:36.270 | SIM: mqtt1_gMqt/GPA4/Hours=90000
00:38:36.270 | SIM: mqtt1_gMqt/GPA5/PPU_Gen_active_power=1145,1384
00:38:36.271 | SIM: mqtt1_gMqt/GPA5/PPU_Gen_counter_active_power=18011,402
00:38:36.271 | SIM: mqtt1_gMqt/GPA5/T404=43,88062
00:38:36.271 | SIM: mqtt1_gMqt/GPA5/Hours=90000
00:38:36.271 | SIM: mqtt1_gMqt/GPA6/PPU_Gen_active_power=1184,5596
00:38:36.271 | SIM: mqtt1_gMqt/GPA6/PPU_Gen_counter_active_power=18011,654
00:38:36.272 | SIM: mqtt1_gMqt/GPA6/T404=43,991447
00:38:36.272 | SIM: mqtt1_gMqt/GPA6/Hours=90000
00:38:37.371 | SIM: mqtt1_gMqt/ZAS/ZAS_Actual_Power=192,1306
00:38:37.371 | SIM: mqtt1_gMqt/GPA1/PPU_Gen_active_power=1181,8782
00:38:37.372 | SIM: mqtt1_gMqt/GPA1/PPU_Gen_counter_active_power=18011,959
00:38:37.372 | SIM: mqtt1_gMqt/GPA1/T404=46,031506
00:38:37.372 | SIM: mqtt1_gMqt/GPA1/Hours=90000
00:38:37.372 | SIM: mqtt1_gMqt/GPA2/PPU_Gen_active_power=1217,7002
00:38:37.372 | SIM: mqtt1_gMqt/GPA2/PPU_Gen_counter_active_power=18012,088
00:38:37.372 | SIM: mqtt1_gMqt/GPA2/T404=44,392223
00:38:37.373 | SIM: mqtt1_gMqt/GPA2/Hours=90000
00:38:37.373 | SIM: mqtt1_gMqt/GPA3/PPU_Gen_active_power=1260,5183
00:38:37.373 | SIM: mqtt1_gMqt/GPA3/PPU_Gen_counter_active_power=18012,271
00:38:37.373 | SIM: mqtt1_gMqt/GPA3/T404=45,106766
00:38:37.373 | SIM: mqtt1_gMqt/GPA3/Hours=90000
00:38:37.374 | SIM: mqtt1_gMqt/GPA4/PPU_Gen_active_power=1227,6145
00:38:37.374 | SIM: mqtt1_gMqt/GPA4/PPU_Gen_counter_active_power=18012,2
00:38:37.374 | SIM: mqtt1_gMqt/GPA4/T404=45,76689
00:38:37.374 | SIM: mqtt1_gMqt/GPA4/Hours=90000
00:38:37.374 | SIM: mqtt1_gMqt/GPA5/PPU_Gen_active_power=1135,5232
00:38:37.374 | SIM: mqtt1_gMqt/GPA5/PPU_Gen_counter_active_power=18011,717
00:38:37.374 | SIM: mqtt1_gMqt/GPA5/T404=43,82346
00:38:37.375 | SIM: mqtt1_gMqt/GPA5/Hours=90000
00:38:37.375 | SIM: mqtt1_gMqt/GPA6/PPU_Gen_active_power=1178,9609
00:38:37.375 | SIM: mqtt1_gMqt/GPA6/PPU_Gen_counter_active_power=18011,982
00:38:37.375 | SIM: mqtt1_gMqt/GPA6/T404=44,22729
00:38:37.375 | SIM: mqtt1_gMqt/GPA6/Hours=90000
00:38:38.515 | SIM: mqtt1_gMqt/ZAS/ZAS_Actual_Power=193,12267
00:38:38.515 | SIM: mqtt1_gMqt/GPA1/PPU_Gen_active_power=1183,4408
00:38:38.515 | SIM: mqtt1_gMqt/GPA1/PPU_Gen_counter_active_power=18012,287
00:38:38.515 | SIM: mqtt1_gMqt/GPA1/T404=46,011177
00:38:38.516 | SIM: mqtt1_gMqt/GPA1/Hours=90000
00:38:38.516 | SIM: mqtt1_gMqt/GPA2/PPU_Gen_active_power=1222,7922
00:38:38.516 | SIM: mqtt1_gMqt/GPA2/PPU_Gen_counter_active_power=18012,428
00:38:38.516 | SIM: mqtt1_gMqt/GPA2/T404=44,205624
00:38:38.516 | SIM: mqtt1_gMqt/GPA2/Hours=90000
00:38:38.516 | SIM: mqtt1_gMqt/GPA3/PPU_Gen_active_power=1263,6437
00:38:38.517 | SIM: mqtt1_gMqt/GPA3/PPU_Gen_counter_active_power=18012,623
00:38:38.517 | SIM: mqtt1_gMqt/GPA3/T404=45,30917
00:38:38.517 | SIM: mqtt1_gMqt/GPA3/Hours=90000
00:38:38.517 | SIM: mqtt1_gMqt/GPA4/PPU_Gen_active_power=1219,612
00:38:38.517 | SIM: mqtt1_gMqt/GPA4/PPU_Gen_counter_active_power=18012,537
00:38:38.517 | SIM: mqtt1_gMqt/GPA4/T404=45,702076
00:38:38.518 | SIM: mqtt1_gMqt/GPA4/Hours=90000
00:38:38.518 | SIM: mqtt1_gMqt/GPA5/PPU_Gen_active_power=1129,63
00:38:38.518 | SIM: mqtt1_gMqt/GPA5/PPU_Gen_counter_active_power=18012,031
00:38:38.518 | SIM: mqtt1_gMqt/GPA5/T404=43,967457
00:38:38.518 | SIM: mqtt1_gMqt/GPA5/Hours=90000
00:38:38.518 | SIM: mqtt1_gMqt/GPA6/PPU_Gen_active_power=1180,653
00:38:38.519 | SIM: mqtt1_gMqt/GPA6/PPU_Gen_counter_active_power=18012,31
00:38:38.519 | SIM: mqtt1_gMqt/GPA6/T404=44,302303
00:38:38.519 | SIM: mqtt1_gMqt/GPA6/Hours=90000
00:38:39.620 | SIM: mqtt1_gMqt/ZAS/ZAS_Actual_Power=194,23692
00:38:39.621 | SIM: mqtt1_gMqt/GPA1/PPU_Gen_active_power=1183,6284
00:38:39.621 | SIM: mqtt1_gMqt/GPA1/PPU_Gen_counter_active_power=18012,615
00:38:39.621 | SIM: mqtt1_gMqt/GPA1/T404=45,97545
00:38:39.621 | SIM: mqtt1_gMqt/GPA1/Hours=90000
00:38:39.621 | SIM: mqtt1_gMqt/GPA2/PPU_Gen_active_power=1213,7262
00:38:39.622 | SIM: mqtt1_gMqt/GPA2/PPU_Gen_counter_active_power=18012,766
00:38:39.622 | SIM: mqtt1_gMqt/GPA2/T404=44,17915
00:38:39.622 | SIM: mqtt1_gMqt/GPA2/Hours=90000
00:38:39.622 | SIM: mqtt1_gMqt/GPA3/PPU_Gen_active_power=1271,4789
00:38:39.622 | SIM: mqtt1_gMqt/GPA3/PPU_Gen_counter_active_power=18012,977
00:38:39.622 | SIM: mqtt1_gMqt/GPA3/T404=45,44061
00:38:39.623 | SIM: mqtt1_gMqt/GPA3/Hours=90000
00:38:39.623 | SIM: mqtt1_gMqt/GPA4/PPU_Gen_active_power=1210,8701
00:38:39.623 | SIM: mqtt1_gMqt/GPA4/PPU_Gen_counter_active_power=18012,873
00:38:39.623 | SIM: mqtt1_gMqt/GPA4/T404=45,47205
00:38:39.623 | SIM: mqtt1_gMqt/GPA4/Hours=90000
00:38:39.623 | SIM: mqtt1_gMqt/GPA5/PPU_Gen_active_power=1121,151
00:38:39.624 | SIM: mqtt1_gMqt/GPA5/PPU_Gen_counter_active_power=18012,342
00:38:39.624 | SIM: mqtt1_gMqt/GPA5/T404=43,92862
00:38:39.624 | SIM: mqtt1_gMqt/GPA5/Hours=90000
00:38:39.624 | SIM: mqtt1_gMqt/GPA6/PPU_Gen_active_power=1183,5176
00:38:39.624 | SIM: mqtt1_gMqt/GPA6/PPU_Gen_counter_active_power=18012,639
00:38:39.624 | SIM: mqtt1_gMqt/GPA6/T404=44,1854
00:38:39.624 | SIM: mqtt1_gMqt/GPA6/Hours=90000
00:38:40.714 | SIM: mqtt1_gMqt/ZAS/ZAS_Actual_Power=195,08554
00:38:40.715 | SIM: mqtt1_gMqt/GPA1/PPU_Gen_active_power=1178,8096
00:38:40.715 | SIM: mqtt1_gMqt/GPA1/PPU_Gen_counter_active_power=18012,943
00:38:40.715 | SIM: mqtt1_gMqt/GPA1/T404=46,0115
00:38:40.715 | SIM: mqtt1_gMqt/GPA1/Hours=90000
00:38:40.716 | SIM: mqtt1_gMqt/GPA2/PPU_Gen_active_power=1217,1239
00:38:40.716 | SIM: mqtt1_gMqt/GPA2/PPU_Gen_counter_active_power=18013,104
00:38:40.716 | SIM: mqtt1_gMqt/GPA2/T404=44,361702
00:38:40.716 | SIM: mqtt1_gMqt/GPA2/Hours=90000
00:38:40.717 | SIM: mqtt1_gMqt/GPA3/PPU_Gen_active_power=1267,7728
00:38:40.717 | SIM: mqtt1_gMqt/GPA3/PPU_Gen_counter_active_power=18013,328
00:38:40.717 | SIM: mqtt1_gMqt/GPA3/T404=45,350662
00:38:40.717 | SIM: mqtt1_gMqt/GPA3/Hours=90000
00:38:40.718 | SIM: mqtt1_gMqt/GPA4/PPU_Gen_active_power=1214,8173
00:38:40.718 | SIM: mqtt1_gMqt/GPA4/PPU_Gen_counter_active_power=18013,21
00:38:40.719 | SIM: mqtt1_gMqt/GPA4/T404=45,300396
00:38:40.725 | SIM: mqtt1_gMqt/GPA4/Hours=90000
00:38:40.726 | SIM: mqtt1_gMqt/GPA5/PPU_Gen_active_power=1122,7461
00:38:40.726 | SIM: mqtt1_gMqt/GPA5/PPU_Gen_counter_active_power=18012,654
00:38:40.726 | SIM: mqtt1_gMqt/GPA5/T404=43,686924
00:38:40.726 | SIM: mqtt1_gMqt/GPA5/Hours=90000
00:38:40.726 | SIM: mqtt1_gMqt/GPA6/PPU_Gen_active_power=1179,3304
00:38:40.726 | SIM: mqtt1_gMqt/GPA6/PPU_Gen_counter_active_power=18012,967
00:38:40.727 | SIM: mqtt1_gMqt/GPA6/T404=44,070652
00:38:40.727 | SIM: mqtt1_gMqt/GPA6/Hours=90000
00:38:41.823 | SIM: mqtt1_gMqt/ZAS/ZAS_Actual_Power=194,12442
00:38:41.823 | SIM: mqtt1_gMqt/GPA1/PPU_Gen_active_power=1178,7565
00:38:41.824 | SIM: mqtt1_gMqt/GPA1/PPU_Gen_counter_active_power=18013,271
00:38:41.824 | SIM: mqtt1_gMqt/GPA1/T404=45,89746
00:38:41.824 | SIM: mqtt1_gMqt/GPA1/Hours=90000
00:38:41.824 | SIM: mqtt1_gMqt/GPA2/PPU_Gen_active_power=1221,1406
00:38:41.824 | SIM: mqtt1_gMqt/GPA2/PPU_Gen_counter_active_power=18013,443
00:38:41.824 | SIM: mqtt1_gMqt/GPA2/T404=44,233784
00:38:41.825 | SIM: mqtt1_gMqt/GPA2/Hours=90000
00:38:41.825 | SIM: mqtt1_gMqt/GPA3/PPU_Gen_active_power=1264,2074
00:38:41.825 | SIM: mqtt1_gMqt/GPA3/PPU_Gen_counter_active_power=18013,68
00:38:41.825 | SIM: mqtt1_gMqt/GPA3/T404=45,460384
00:38:41.825 | SIM: mqtt1_gMqt/GPA3/Hours=90000
00:38:41.825 | SIM: mqtt1_gMqt/GPA4/PPU_Gen_active_power=1220,469
00:38:41.826 | SIM: mqtt1_gMqt/GPA4/PPU_Gen_counter_active_power=18013,55
00:38:41.826 | SIM: mqtt1_gMqt/GPA4/T404=45,16377
00:38:41.826 | SIM: mqtt1_gMqt/GPA4/Hours=90000
00:38:41.826 | SIM: mqtt1_gMqt/GPA5/PPU_Gen_active_power=1130,077
00:38:41.826 | SIM: mqtt1_gMqt/GPA5/PPU_Gen_counter_active_power=18012,969
00:38:41.826 | SIM: mqtt1_gMqt/GPA5/T404=43,928432
00:38:41.827 | SIM: mqtt1_gMqt/GPA5/Hours=90000
00:38:41.827 | SIM: mqtt1_gMqt/GPA6/PPU_Gen_active_power=1183,6624
00:38:41.827 | SIM: mqtt1_gMqt/GPA6/PPU_Gen_counter_active_power=18013,295
00:38:41.827 | SIM: mqtt1_gMqt/GPA6/T404=44,099224
00:38:41.827 | SIM: mqtt1_gMqt/GPA6/Hours=90000
00:38:42.999 | SIM: mqtt1_gMqt/ZAS/ZAS_Actual_Power=194,2091
00:38:42.999 | SIM: mqtt1_gMqt/GPA1/PPU_Gen_active_power=1171,6932
00:38:43.000 | SIM: mqtt1_gMqt/GPA1/PPU_Gen_counter_active_power=18013,598
00:38:43.000 | SIM: mqtt1_gMqt/GPA1/T404=45,65936
00:38:43.000 | SIM: mqtt1_gMqt/GPA1/Hours=90000
00:38:43.000 | SIM: mqtt1_gMqt/GPA2/PPU_Gen_active_power=1228,0363
00:38:43.000 | SIM: mqtt1_gMqt/GPA2/PPU_Gen_counter_active_power=18013,785
00:38:43.001 | SIM: mqtt1_gMqt/GPA2/T404=44,19802
00:38:43.001 | SIM: mqtt1_gMqt/GPA2/Hours=90000
00:38:43.001 | SIM: mqtt1_gMqt/GPA3/PPU_Gen_active_power=1269,5308
00:38:43.001 | SIM: mqtt1_gMqt/GPA3/PPU_Gen_counter_active_power=18014,033
00:38:43.001 | SIM: mqtt1_gMqt/GPA3/T404=45,561478
00:38:43.002 | SIM: mqtt1_gMqt/GPA3/Hours=90000
00:38:43.002 | SIM: mqtt1_gMqt/GPA4/PPU_Gen_active_power=1216,0247
00:38:43.002 | SIM: mqtt1_gMqt/GPA4/PPU_Gen_counter_active_power=18013,889
00:38:43.002 | SIM: mqtt1_gMqt/GPA4/T404=45,310913
00:38:43.003 | SIM: mqtt1_gMqt/GPA4/Hours=90000
00:38:43.003 | SIM: mqtt1_gMqt/GPA5/PPU_Gen_active_power=1128,4906
00:38:43.003 | SIM: mqtt1_gMqt/GPA5/PPU_Gen_counter_active_power=18013,281
00:38:43.003 | SIM: mqtt1_gMqt/GPA5/T404=44,1035
00:38:43.003 | SIM: mqtt1_gMqt/GPA5/Hours=90000
00:38:43.004 | SIM: mqtt1_gMqt/GPA6/PPU_Gen_active_power=1179,3295
00:38:43.004 | SIM: mqtt1_gMqt/GPA6/PPU_Gen_counter_active_power=18013,623
00:38:43.004 | SIM: mqtt1_gMqt/GPA6/T404=44,144375
00:38:43.004 | SIM: mqtt1_gMqt/GPA6/Hours=90000
00:38:44.133 | SIM: mqtt1_gMqt/ZAS/ZAS_Actual_Power=194,81451
00:38:44.134 | SIM: mqtt1_gMqt/GPA1/PPU_Gen_active_power=1168,8202
00:38:44.134 | SIM: mqtt1_gMqt/GPA1/PPU_Gen_counter_active_power=18013,922
00:38:44.134 | SIM: mqtt1_gMqt/GPA1/T404=45,77868
00:38:44.134 | SIM: mqtt1_gMqt/GPA1/Hours=90000
00:38:44.135 | SIM: mqtt1_gMqt/GPA2/PPU_Gen_active_power=1218,6744
00:38:44.135 | SIM: mqtt1_gMqt/GPA2/PPU_Gen_counter_active_power=18014,123
00:38:44.135 | SIM: mqtt1_gMqt/GPA2/T404=44,371384
00:38:44.135 | SIM: mqtt1_gMqt/GPA2/Hours=90000
00:38:44.135 | SIM: mqtt1_gMqt/GPA3/PPU_Gen_active_power=1277,825
00:38:44.136 | SIM: mqtt1_gMqt/GPA3/PPU_Gen_counter_active_power=18014,389
00:38:44.136 | SIM: mqtt1_gMqt/GPA3/T404=45,47688
00:38:44.136 | SIM: mqtt1_gMqt/GPA3/Hours=90000
00:38:44.136 | SIM: mqtt1_gMqt/GPA4/PPU_Gen_active_power=1217,0238
00:38:44.136 | SIM: mqtt1_gMqt/GPA4/PPU_Gen_counter_active_power=18014,227
00:38:44.136 | SIM: mqtt1_gMqt/GPA4/T404=45,295464
00:38:44.137 | SIM: mqtt1_gMqt/GPA4/Hours=90000
00:38:44.137 | SIM: mqtt1_gMqt/GPA5/PPU_Gen_active_power=1122,4409
00:38:44.137 | SIM: mqtt1_gMqt/GPA5/PPU_Gen_counter_active_power=18013,594
00:38:44.137 | SIM: mqtt1_gMqt/GPA5/T404=43,961067
00:38:44.137 | SIM: mqtt1_gMqt/GPA5/Hours=90000
00:38:44.137 | SIM: mqtt1_gMqt/GPA6/PPU_Gen_active_power=1176,0225
00:38:44.138 | SIM: mqtt1_gMqt/GPA6/PPU_Gen_counter_active_power=18013,95
00:38:44.138 | SIM: mqtt1_gMqt/GPA6/T404=43,986855
00:38:44.138 | SIM: mqtt1_gMqt/GPA6/Hours=90000
00:38:45.224 | SIM: mqtt1_gMqt/ZAS/ZAS_Actual_Power=194,32509
00:38:45.224 | SIM: mqtt1_gMqt/GPA1/PPU_Gen_active_power=1167,1815
00:38:45.224 | SIM: mqtt1_gMqt/GPA1/PPU_Gen_counter_active_power=18014,246
00:38:45.225 | SIM: mqtt1_gMqt/GPA1/T404=45,752872
00:38:45.225 | SIM: mqtt1_gMqt/GPA1/Hours=90000
00:38:45.225 | SIM: mqtt1_gMqt/GPA2/PPU_Gen_active_power=1224,3086
00:38:45.225 | SIM: mqtt1_gMqt/GPA2/PPU_Gen_counter_active_power=18014,463
00:38:45.225 | SIM: mqtt1_gMqt/GPA2/T404=44,291412
00:38:45.226 | SIM: mqtt1_gMqt/GPA2/Hours=90000
00:38:45.226 | SIM: mqtt1_gMqt/GPA3/PPU_Gen_active_power=1284,6434
00:38:45.226 | SIM: mqtt1_gMqt/GPA3/PPU_Gen_counter_active_power=18014,746
00:38:45.226 | SIM: mqtt1_gMqt/GPA3/T404=45,478218
00:38:45.226 | SIM: mqtt1_gMqt/GPA3/Hours=90000
00:38:45.226 | SIM: mqtt1_gMqt/GPA4/PPU_Gen_active_power=1207,5116
00:38:45.226 | SIM: mqtt1_gMqt/GPA4/PPU_Gen_counter_active_power=18014,562
00:38:45.227 | SIM: mqtt1_gMqt/GPA4/T404=45,496185
00:38:45.227 | SIM: mqtt1_gMqt/GPA4/Hours=90000
00:38:45.227 | SIM: mqtt1_gMqt/GPA5/PPU_Gen_active_power=1125,3839
00:38:45.227 | SIM: mqtt1_gMqt/GPA5/PPU_Gen_counter_active_power=18013,906
00:38:45.227 | SIM: mqtt1_gMqt/GPA5/T404=44,09333
00:38:45.227 | SIM: mqtt1_gMqt/GPA5/Hours=90000
00:38:45.227 | SIM: mqtt1_gMqt/GPA6/PPU_Gen_active_power=1181,6162
00:38:45.227 | SIM: mqtt1_gMqt/GPA6/PPU_Gen_counter_active_power=18014,277
00:38:45.228 | SIM: mqtt1_gMqt/GPA6/T404=43,853867
00:38:45.228 | SIM: mqtt1_gMqt/GPA6/Hours=90000
00:38:46.322 | SIM: mqtt1_gMqt/ZAS/ZAS_Actual_Power=195,71402
00:38:46.329 | SIM: mqtt1_gMqt/GPA1/PPU_Gen_active_power=1159,2079
00:38:46.330 | SIM: mqtt1_gMqt/GPA1/PPU_Gen_counter_active_power=18014,568
00:38:46.330 | SIM: mqtt1_gMqt/GPA1/T404=45,769073
00:38:46.330 | SIM: mqtt1_gMqt/GPA1/Hours=90000
00:38:46.330 | SIM: mqtt1_gMqt/GPA2/PPU_Gen_active_power=1218,1012
00:38:46.330 | SIM: mqtt1_gMqt/GPA2/PPU_Gen_counter_active_power=18014,8
00:38:46.331 | SIM: mqtt1_gMqt/GPA2/T404=44,2294
00:38:46.331 | SIM: mqtt1_gMqt/GPA2/Hours=90000
00:38:46.331 | SIM: mqtt1_gMqt/GPA3/PPU_Gen_active_power=1281,3347
00:38:46.331 | SIM: mqtt1_gMqt/GPA3/PPU_Gen_counter_active_power=18015,102
00:38:46.331 | SIM: mqtt1_gMqt/GPA3/T404=45,24939
00:38:46.332 | SIM: mqtt1_gMqt/GPA3/Hours=90000
00:38:46.332 | SIM: mqtt1_gMqt/GPA4/PPU_Gen_active_power=1204,0533
00:38:46.332 | SIM: mqtt1_gMqt/GPA4/PPU_Gen_counter_active_power=18014,896
00:38:46.332 | SIM: mqtt1_gMqt/GPA4/T404=45,400043
00:38:46.333 | SIM: mqtt1_gMqt/GPA4/Hours=90000
00:38:46.333 | SIM: mqtt1_gMqt/GPA5/PPU_Gen_active_power=1130,4528
00:38:46.333 | SIM: mqtt1_gMqt/GPA5/PPU_Gen_counter_active_power=18014,22
00:38:46.333 | SIM: mqtt1_gMqt/GPA5/T404=44,204697
00:38:46.333 | SIM: mqtt1_gMqt/GPA5/Hours=90000
00:38:46.334 | SIM: mqtt1_gMqt/GPA6/PPU_Gen_active_power=1185,8623
00:38:46.334 | SIM: mqtt1_gMqt/GPA6/PPU_Gen_counter_active_power=18014,607
00:38:46.334 | SIM: mqtt1_gMqt/GPA6/T404=43,658512
00:38:46.334 | SIM: mqtt1_gMqt/GPA6/Hours=90000
00:38:47.424 | SIM: mqtt1_gMqt/ZAS/ZAS_Actual_Power=197,46806
00:38:47.424 | SIM: mqtt1_gMqt/GPA1/PPU_Gen_active_power=1154,2648
00:38:47.424 | SIM: mqtt1_gMqt/GPA1/PPU_Gen_counter_active_power=18014,889
00:38:47.424 | SIM: mqtt1_gMqt/GPA1/T404=45,9068
00:38:47.425 | SIM: mqtt1_gMqt/GPA1/Hours=90000
00:38:47.425 | SIM: mqtt1_gMqt/GPA2/PPU_Gen_active_power=1219,8911
00:38:47.425 | SIM: mqtt1_gMqt/GPA2/PPU_Gen_counter_active_power=18015,139
00:38:47.425 | SIM: mqtt1_gMqt/GPA2/T404=44,218464
00:38:47.425 | SIM: mqtt1_gMqt/GPA2/Hours=90000
00:38:47.425 | SIM: mqtt1_gMqt/GPA3/PPU_Gen_active_power=1282,272
00:38:47.426 | SIM: mqtt1_gMqt/GPA3/PPU_Gen_counter_active_power=18015,457
00:38:47.426 | SIM: mqtt1_gMqt/GPA3/T404=45,216232
00:38:47.426 | SIM: mqtt1_gMqt/GPA3/Hours=90000
00:38:47.426 | SIM: mqtt1_gMqt/GPA4/PPU_Gen_active_power=1206,284
00:38:47.426 | SIM: mqtt1_gMqt/GPA4/PPU_Gen_counter_active_power=18015,232
00:38:47.426 | SIM: mqtt1_gMqt/GPA4/T404=45,565258
00:38:47.427 | SIM: mqtt1_gMqt/GPA4/Hours=90000
00:38:47.427 | SIM: mqtt1_gMqt/GPA5/PPU_Gen_active_power=1138,3677
00:38:47.427 | SIM: mqtt1_gMqt/GPA5/PPU_Gen_counter_active_power=18014,537
00:38:47.427 | SIM: mqtt1_gMqt/GPA5/T404=43,997055
00:38:47.427 | SIM: mqtt1_gMqt/GPA5/Hours=90000
00:38:47.427 | SIM: mqtt1_gMqt/GPA6/PPU_Gen_active_power=1191,4847
00:38:47.428 | SIM: mqtt1_gMqt/GPA6/PPU_Gen_counter_active_power=18014,938
00:38:47.428 | SIM: mqtt1_gMqt/GPA6/T404=43,61507
00:38:47.428 | SIM: mqtt1_gMqt/GPA6/Hours=90000
00:38:48.563 | SIM: mqtt1_gMqt/ZAS/ZAS_Actual_Power=199,51936
00:38:48.563 | SIM: mqtt1_gMqt/GPA1/PPU_Gen_active_power=1156,6565
00:38:48.564 | SIM: mqtt1_gMqt/GPA1/PPU_Gen_counter_active_power=18015,21
00:38:48.564 | SIM: mqtt1_gMqt/GPA1/T404=45,804237
00:38:48.564 | SIM: mqtt1_gMqt/GPA1/Hours=90000
00:38:48.564 | SIM: mqtt1_gMqt/GPA2/PPU_Gen_active_power=1213,7988
00:38:48.564 | SIM: mqtt1_gMqt/GPA2/PPU_Gen_counter_active_power=18015,477
00:38:48.564 | SIM: mqtt1_gMqt/GPA2/T404=44,07519
00:38:48.565 | SIM: mqtt1_gMqt/GPA2/Hours=90000
00:38:48.565 | SIM: mqtt1_gMqt/GPA3/PPU_Gen_active_power=1272,9495
00:38:48.565 | SIM: mqtt1_gMqt/GPA3/PPU_Gen_counter_active_power=18015,81
00:38:48.565 | SIM: mqtt1_gMqt/GPA3/T404=45,218597
00:38:48.565 | SIM: mqtt1_gMqt/GPA3/Hours=90000
00:38:48.566 | SIM: mqtt1_gMqt/GPA4/PPU_Gen_active_power=1204,7504
00:38:48.566 | SIM: mqtt1_gMqt/GPA4/PPU_Gen_counter_active_power=18015,566
00:38:48.566 | SIM: mqtt1_gMqt/GPA4/T404=45,33207
00:38:48.566 | SIM: mqtt1_gMqt/GPA4/Hours=90000
00:38:48.566 | SIM: mqtt1_gMqt/GPA5/PPU_Gen_active_power=1146,4884
00:38:48.566 | SIM: mqtt1_gMqt/GPA5/PPU_Gen_counter_active_power=18014,855
00:38:48.566 | SIM: mqtt1_gMqt/GPA5/T404=44,165146
00:38:48.567 | SIM: mqtt1_gMqt/GPA5/Hours=90000
00:38:48.567 | SIM: mqtt1_gMqt/GPA6/PPU_Gen_active_power=1189,3977
00:38:48.567 | SIM: mqtt1_gMqt/GPA6/PPU_Gen_counter_active_power=18015,268
00:38:48.567 | SIM: mqtt1_gMqt/GPA6/T404=43,78241
00:38:48.567 | SIM: mqtt1_gMqt/GPA6/Hours=90000
00:38:49.647 | SIM: mqtt1_gMqt/ZAS/ZAS_Actual_Power=200,86679
00:38:49.647 | SIM: mqtt1_gMqt/GPA1/PPU_Gen_active_power=1155,5334
00:38:49.647 | SIM: mqtt1_gMqt/GPA1/PPU_Gen_counter_active_power=18015,531
00:38:49.647 | SIM: mqtt1_gMqt/GPA1/T404=45,944138
00:38:49.647 | SIM: mqtt1_gMqt/GPA1/Hours=90000
00:38:49.647 | SIM: mqtt1_gMqt/GPA2/PPU_Gen_active_power=1212,274
00:38:49.648 | SIM: mqtt1_gMqt/GPA2/PPU_Gen_counter_active_power=18015,812
00:38:49.648 | SIM: mqtt1_gMqt/GPA2/T404=44,025887
00:38:49.648 | SIM: mqtt1_gMqt/GPA2/Hours=90000
00:38:49.648 | SIM: mqtt1_gMqt/GPA3/PPU_Gen_active_power=1273,2255
00:38:49.648 | SIM: mqtt1_gMqt/GPA3/PPU_Gen_counter_active_power=18016,164
00:38:49.648 | SIM: mqtt1_gMqt/GPA3/T404=45,440098
00:38:49.648 | SIM: mqtt1_gMqt/GPA3/Hours=90000
00:38:49.649 | SIM: mqtt1_gMqt/GPA4/PPU_Gen_active_power=1210,1146
00:38:49.649 | SIM: mqtt1_gMqt/GPA4/PPU_Gen_counter_active_power=18015,902
00:38:49.649 | SIM: mqtt1_gMqt/GPA4/T404=45,32937
00:38:49.649 | SIM: mqtt1_gMqt/GPA4/Hours=90000
00:38:49.649 | SIM: mqtt1_gMqt/GPA5/PPU_Gen_active_power=1155,8029
00:38:49.649 | SIM: mqtt1_gMqt/GPA5/PPU_Gen_counter_active_power=18015,176
00:38:49.649 | SIM: mqtt1_gMqt/GPA5/T404=44,313435
00:38:49.650 | SIM: mqtt1_gMqt/GPA5/Hours=90000
00:38:49.650 | SIM: mqtt1_gMqt/GPA6/PPU_Gen_active_power=1198,6388
00:38:49.650 | SIM: mqtt1_gMqt/GPA6/PPU_Gen_counter_active_power=18015,6
00:38:49.650 | SIM: mqtt1_gMqt/GPA6/T404=43,70185
00:38:49.651 | SIM: mqtt1_gMqt/GPA6/Hours=90000
00:38:50.744 | SIM: mqtt1_gMqt/ZAS/ZAS_Actual_Power=200,31303
00:38:50.745 | SIM: mqtt1_gMqt/GPA1/PPU_Gen_active_power=1153,3685
00:38:50.745 | SIM: mqtt1_gMqt/GPA1/PPU_Gen_counter_active_power=18015,852
00:38:50.745 | SIM: mqtt1_gMqt/GPA1/T404=45,773163
00:38:50.745 | SIM: mqtt1_gMqt/GPA1/Hours=90000
00:38:50.745 | SIM: mqtt1_gMqt/GPA2/PPU_Gen_active_power=1215,9662
00:38:50.746 | SIM: mqtt1_gMqt/GPA2/PPU_Gen_counter_active_power=18016,15
00:38:50.746 | SIM: mqtt1_gMqt/GPA2/T404=43,938755
00:38:50.746 | SIM: mqtt1_gMqt/GPA2/Hours=90000
00:38:50.746 | SIM: mqtt1_gMqt/GPA3/PPU_Gen_active_power=1265,6567
00:38:50.746 | SIM: mqtt1_gMqt/GPA3/PPU_Gen_counter_active_power=18016,516
00:38:50.746 | SIM: mqtt1_gMqt/GPA3/T404=45,34774
00:38:50.747 | SIM: mqtt1_gMqt/GPA3/Hours=90000
00:38:50.747 | SIM: mqtt1_gMqt/GPA4/PPU_Gen_active_power=1201,5052
00:38:50.747 | SIM: mqtt1_gMqt/GPA4/PPU_Gen_counter_active_power=18016,236
00:38:50.747 | SIM: mqtt1_gMqt/GPA4/T404=45,142628
00:38:50.747 | SIM: mqtt1_gMqt/GPA4/Hours=90000
00:38:50.747 | SIM: mqtt1_gMqt/GPA5/PPU_Gen_active_power=1155,8652
00:38:50.748 | SIM: mqtt1_gMqt/GPA5/PPU_Gen_counter_active_power=18015,496
00:38:50.748 | SIM: mqtt1_gMqt/GPA5/T404=44,515285
00:38:50.748 | SIM: mqtt1_gMqt/GPA5/Hours=90000
00:38:50.748 | SIM: mqtt1_gMqt/GPA6/PPU_Gen_active_power=1206,9528
00:38:50.748 | SIM: mqtt1_gMqt/GPA6/PPU_Gen_counter_active_power=18015,936
00:38:50.748 | SIM: mqtt1_gMqt/GPA6/T404=43,930664
00:38:50.749 | SIM: mqtt1_gMqt/GPA6/Hours=90000
00:38:51.840 | SIM: mqtt1_gMqt/ZAS/ZAS_Actual_Power=200,14754
00:38:51.840 | SIM: mqtt1_gMqt/GPA1/PPU_Gen_active_power=1157,3083
00:38:51.840 | SIM: mqtt1_gMqt/GPA1/PPU_Gen_counter_active_power=18016,174
00:38:51.841 | SIM: mqtt1_gMqt/GPA1/T404=45,786594
00:38:51.841 | SIM: mqtt1_gMqt/GPA1/Hours=90000
00:38:51.841 | SIM: mqtt1_gMqt/GPA2/PPU_Gen_active_power=1220,7681
00:38:51.841 | SIM: mqtt1_gMqt/GPA2/PPU_Gen_counter_active_power=18016,49
00:38:51.841 | SIM: mqtt1_gMqt/GPA2/T404=44,183445
00:38:51.842 | SIM: mqtt1_gMqt/GPA2/Hours=90000
00:38:51.842 | SIM: mqtt1_gMqt/GPA3/PPU_Gen_active_power=1264,8754
00:38:51.842 | SIM: mqtt1_gMqt/GPA3/PPU_Gen_counter_active_power=18016,867
00:38:51.842 | SIM: mqtt1_gMqt/GPA3/T404=45,215008
00:38:51.842 | SIM: mqtt1_gMqt/GPA3/Hours=90000
00:38:51.843 | SIM: mqtt1_gMqt/GPA4/PPU_Gen_active_power=1192,5857
00:38:51.843 | SIM: mqtt1_gMqt/GPA4/PPU_Gen_counter_active_power=18016,568
00:38:51.843 | SIM: mqtt1_gMqt/GPA4/T404=45,287285
00:38:51.843 | SIM: mqtt1_gMqt/GPA4/Hours=90000
00:38:51.843 | SIM: mqtt1_gMqt/GPA5/PPU_Gen_active_power=1154,027
00:38:51.843 | SIM: mqtt1_gMqt/GPA5/PPU_Gen_counter_active_power=18015,816
00:38:51.844 | SIM: mqtt1_gMqt/GPA5/T404=44,69911
00:38:51.844 | SIM: mqtt1_gMqt/GPA5/Hours=90000
00:38:51.844 | SIM: mqtt1_gMqt/GPA6/PPU_Gen_active_power=1214,7549
00:38:51.844 | SIM: mqtt1_gMqt/GPA6/PPU_Gen_counter_active_power=18016,273
00:38:51.844 | SIM: mqtt1_gMqt/GPA6/T404=43,890568
00:38:51.844 | SIM: mqtt1_gMqt/GPA6/Hours=90000
00:38:52.964 | SIM: mqtt1_gMqt/ZAS/ZAS_Actual_Power=200,85019
00:38:52.964 | SIM: mqtt1_gMqt/GPA1/PPU_Gen_active_power=1151,1807
00:38:52.964 | SIM: mqtt1_gMqt/GPA1/PPU_Gen_counter_active_power=18016,494
00:38:52.965 | SIM: mqtt1_gMqt/GPA1/T404=45,817245
00:38:52.965 | SIM: mqtt1_gMqt/GPA1/Hours=90000
00:38:52.965 | SIM: mqtt1_gMqt/GPA2/PPU_Gen_active_power=1218,0286
00:38:52.965 | SIM: mqtt1_gMqt/GPA2/PPU_Gen_counter_active_power=18016,828
00:38:52.965 | SIM: mqtt1_gMqt/GPA2/T404=44,318676
00:38:52.966 | SIM: mqtt1_gMqt/GPA2/Hours=90000
00:38:52.966 | SIM: mqtt1_gMqt/GPA3/PPU_Gen_active_power=1273,2665
00:38:52.966 | SIM: mqtt1_gMqt/GPA3/PPU_Gen_counter_active_power=18017,22
00:38:52.966 | SIM: mqtt1_gMqt/GPA3/T404=45,061443
00:38:52.966 | SIM: mqtt1_gMqt/GPA3/Hours=90000
00:38:52.966 | SIM: mqtt1_gMqt/GPA4/PPU_Gen_active_power=1194,795
00:38:52.967 | SIM: mqtt1_gMqt/GPA4/PPU_Gen_counter_active_power=18016,9
00:38:52.967 | SIM: mqtt1_gMqt/GPA4/T404=45,257042
00:38:52.967 | SIM: mqtt1_gMqt/GPA4/Hours=90000
00:38:52.967 | SIM: mqtt1_gMqt/GPA5/PPU_Gen_active_power=1156,0625
00:38:52.967 | SIM: mqtt1_gMqt/GPA5/PPU_Gen_counter_active_power=18016,137
00:38:52.967 | SIM: mqtt1_gMqt/GPA5/T404=44,602955
00:38:52.967 | SIM: mqtt1_gMqt/GPA5/Hours=90000
00:38:52.968 | SIM: mqtt1_gMqt/GPA6/PPU_Gen_active_power=1209,1246
00:38:52.968 | SIM: mqtt1_gMqt/GPA6/PPU_Gen_counter_active_power=18016,61
00:38:52.968 | SIM: mqtt1_gMqt/GPA6/T404=43,903767
00:38:52.968 | SIM: mqtt1_gMqt/GPA6/Hours=90000
00:38:54.073 | SIM: mqtt1_gMqt/ZAS/ZAS_Actual_Power=199,42737
00:38:54.073 | SIM: mqtt1_gMqt/GPA1/PPU_Gen_active_power=1141,469
00:38:54.073 | SIM: mqtt1_gMqt/GPA1/PPU_Gen_counter_active_power=18016,81
00:38:54.074 | SIM: mqtt1_gMqt/GPA1/T404=45,785378
00:38:54.074 | SIM: mqtt1_gMqt/GPA1/Hours=90000
00:38:54.074 | SIM: mqtt1_gMqt/GPA2/PPU_Gen_active_power=1220,6505
00:38:54.074 | SIM: mqtt1_gMqt/GPA2/PPU_Gen_counter_active_power=18017,168
00:38:54.074 | SIM: mqtt1_gMqt/GPA2/T404=44,23006
00:38:54.074 | SIM: mqtt1_gMqt/GPA2/Hours=90000
00:38:54.075 | SIM: mqtt1_gMqt/GPA3/PPU_Gen_active_power=1267,805
00:38:54.075 | SIM: mqtt1_gMqt/GPA3/PPU_Gen_counter_active_power=18017,572
00:38:54.075 | SIM: mqtt1_gMqt/GPA3/T404=45,054497
00:38:54.075 | SIM: mqtt1_gMqt/GPA3/Hours=90000
00:38:54.075 | SIM: mqtt1_gMqt/GPA4/PPU_Gen_active_power=1184,8898
00:38:54.075 | SIM: mqtt1_gMqt/GPA4/PPU_Gen_counter_active_power=18017,23
00:38:54.076 | SIM: mqtt1_gMqt/GPA4/T404=45,357742
00:38:54.076 | SIM: mqtt1_gMqt/GPA4/Hours=90000
00:38:54.076 | SIM: mqtt1_gMqt/GPA5/PPU_Gen_active_power=1147,0104
00:38:54.076 | SIM: mqtt1_gMqt/GPA5/PPU_Gen_counter_active_power=18016,455
00:38:54.076 | SIM: mqtt1_gMqt/GPA5/T404=44,36807
00:38:54.076 | SIM: mqtt1_gMqt/GPA5/Hours=90000
00:38:54.077 | SIM: mqtt1_gMqt/GPA6/PPU_Gen_active_power=1210,9747
00:38:54.077 | SIM: mqtt1_gMqt/GPA6/PPU_Gen_counter_active_power=18016,945
00:38:54.077 | SIM: mqtt1_gMqt/GPA6/T404=43,68631
00:38:54.077 | SIM: mqtt1_gMqt/GPA6/Hours=90000
00:38:55.169 | SIM: mqtt1_gMqt/ZAS/ZAS_Actual_Power=197,868
00:38:55.169 | SIM: mqtt1_gMqt/GPA1/PPU_Gen_active_power=1141,5524
00:38:55.170 | SIM: mqtt1_gMqt/GPA1/PPU_Gen_counter_active_power=18017,127
00:38:55.170 | SIM: mqtt1_gMqt/GPA1/T404=45,80053
00:38:55.170 | SIM: mqtt1_gMqt/GPA1/Hours=90000
00:38:55.170 | SIM: mqtt1_gMqt/GPA2/PPU_Gen_active_power=1212,2828
00:38:55.171 | SIM: mqtt1_gMqt/GPA2/PPU_Gen_counter_active_power=18017,504
00:38:55.171 | SIM: mqtt1_gMqt/GPA2/T404=44,00703
00:38:55.171 | SIM: mqtt1_gMqt/GPA2/Hours=90000
00:38:55.171 | SIM: mqtt1_gMqt/GPA3/PPU_Gen_active_power=1268,9211
00:38:55.172 | SIM: mqtt1_gMqt/GPA3/PPU_Gen_counter_active_power=18017,924
00:38:55.172 | SIM: mqtt1_gMqt/GPA3/T404=44,952538
00:38:55.172 | SIM: mqtt1_gMqt/GPA3/Hours=90000
00:38:55.172 | SIM: mqtt1_gMqt/GPA4/PPU_Gen_active_power=1188,1643
00:38:55.172 | SIM: mqtt1_gMqt/GPA4/PPU_Gen_counter_active_power=18017,56
00:38:55.172 | SIM: mqtt1_gMqt/GPA4/T404=45,55511
00:38:55.172 | SIM: mqtt1_gMqt/GPA4/Hours=90000
00:38:55.173 | SIM: mqtt1_gMqt/GPA5/PPU_Gen_active_power=1155,1692
00:38:55.173 | SIM: mqtt1_gMqt/GPA5/PPU_Gen_counter_active_power=18016,775
00:38:55.173 | SIM: mqtt1_gMqt/GPA5/T404=44,472225
00:38:55.173 | SIM: mqtt1_gMqt/GPA5/Hours=90000
00:38:55.173 | SIM: mqtt1_gMqt/GPA6/PPU_Gen_active_power=1203,9481
00:38:55.173 | SIM: mqtt1_gMqt/GPA6/PPU_Gen_counter_active_power=18017,28
00:38:55.173 | SIM: mqtt1_gMqt/GPA6/T404=43,922043
00:38:55.174 | SIM: mqtt1_gMqt/GPA6/Hours=90000
00:38:56.262 | SIM: mqtt1_gMqt/ZAS/ZAS_Actual_Power=199,79027
00:38:56.263 | SIM: mqtt1_gMqt/GPA1/PPU_Gen_active_power=1139,1566
00:38:56.263 | SIM: mqtt1_gMqt/GPA1/PPU_Gen_counter_active_power=18017,443
00:38:56.263 | SIM: mqtt1_gMqt/GPA1/T404=45,685326
00:38:56.263 | SIM: mqtt1_gMqt/GPA1/Hours=90000
00:38:56.264 | SIM: mqtt1_gMqt/GPA2/PPU_Gen_active_power=1216,607
00:38:56.264 | SIM: mqtt1_gMqt/GPA2/PPU_Gen_counter_active_power=18017,842
00:38:56.264 | SIM: mqtt1_gMqt/GPA2/T404=44,040127
00:38:56.264 | SIM: mqtt1_gMqt/GPA2/Hours=90000
00:38:56.264 | SIM: mqtt1_gMqt/GPA3/PPU_Gen_active_power=1271,3461
00:38:56.264 | SIM: mqtt1_gMqt/GPA3/PPU_Gen_counter_active_power=18018,277
00:38:56.265 | SIM: mqtt1_gMqt/GPA3/T404=44,93864
00:38:56.265 | SIM: mqtt1_gMqt/GPA3/Hours=90000
00:38:56.265 | SIM: mqtt1_gMqt/GPA4/PPU_Gen_active_power=1186,5476
00:38:56.265 | SIM: mqtt1_gMqt/GPA4/PPU_Gen_counter_active_power=18017,89
00:38:56.265 | SIM: mqtt1_gMqt/GPA4/T404=45,352623
00:38:56.265 | SIM: mqtt1_gMqt/GPA4/Hours=90000
00:38:56.266 | SIM: mqtt1_gMqt/GPA5/PPU_Gen_active_power=1152,7422
00:38:56.266 | SIM: mqtt1_gMqt/GPA5/PPU_Gen_counter_active_power=18017,096
00:38:56.266 | SIM: mqtt1_gMqt/GPA5/T404=44,351936
00:38:56.266 | SIM: mqtt1_gMqt/GPA5/Hours=90000
00:38:56.266 | SIM: mqtt1_gMqt/GPA6/PPU_Gen_active_power=1213,7616
00:38:56.266 | SIM: mqtt1_gMqt/GPA6/PPU_Gen_counter_active_power=18017,617
00:38:56.267 | SIM: mqtt1_gMqt/GPA6/T404=43,697475
00:38:56.267 | SIM: mqtt1_gMqt/GPA6/Hours=90000
00:38:57.352 | SIM: mqtt1_gMqt/ZAS/ZAS_Actual_Power=200,01364
00:38:57.352 | SIM: mqtt1_gMqt/GPA1/PPU_Gen_active_power=1146,6123
00:38:57.353 | SIM: mqtt1_gMqt/GPA1/PPU_Gen_counter_active_power=18017,762
00:38:57.353 | SIM: mqtt1_gMqt/GPA1/T404=45,449654
00:38:57.353 | SIM: mqtt1_gMqt/GPA1/Hours=90000
00:38:57.353 | SIM: mqtt1_gMqt/GPA2/PPU_Gen_active_power=1218,3724
00:38:57.353 | SIM: mqtt1_gMqt/GPA2/PPU_Gen_counter_active_power=18018,18
00:38:57.353 | SIM: mqtt1_gMqt/GPA2/T404=44,001488
00:38:57.354 | SIM: mqtt1_gMqt/GPA2/Hours=90000
00:38:57.354 | SIM: mqtt1_gMqt/GPA3/PPU_Gen_active_power=1273,9934
00:38:57.354 | SIM: mqtt1_gMqt/GPA3/PPU_Gen_counter_active_power=18018,63
00:38:57.354 | SIM: mqtt1_gMqt/GPA3/T404=45,085426
00:38:57.354 | SIM: mqtt1_gMqt/GPA3/Hours=90000
00:38:57.354 | SIM: mqtt1_gMqt/GPA4/PPU_Gen_active_power=1188,3926
00:38:57.354 | SIM: mqtt1_gMqt/GPA4/PPU_Gen_counter_active_power=18018,22
00:38:57.355 | SIM: mqtt1_gMqt/GPA4/T404=45,550976
00:38:57.355 | SIM: mqtt1_gMqt/GPA4/Hours=90000
00:38:57.355 | SIM: mqtt1_gMqt/GPA5/PPU_Gen_active_power=1149,4065
00:38:57.355 | SIM: mqtt1_gMqt/GPA5/PPU_Gen_counter_active_power=18017,414
00:38:57.355 | SIM: mqtt1_gMqt/GPA5/T404=44,592026
00:38:57.355 | SIM: mqtt1_gMqt/GPA5/Hours=90000
00:38:57.355 | SIM: mqtt1_gMqt/GPA6/PPU_Gen_active_power=1204,72
00:38:57.356 | SIM: mqtt1_gMqt/GPA6/PPU_Gen_counter_active_power=18017,951
00:38:57.356 | SIM: mqtt1_gMqt/GPA6/T404=43,818985
00:38:57.356 | SIM: mqtt1_gMqt/GPA6/Hours=90000
00:38:58.450 | SIM: mqtt1_gMqt/ZAS/ZAS_Actual_Power=199,19379
00:38:58.450 | SIM: mqtt1_gMqt/GPA1/PPU_Gen_active_power=1146,8444
00:38:58.450 | SIM: mqtt1_gMqt/GPA1/PPU_Gen_counter_active_power=18018,08
00:38:58.450 | SIM: mqtt1_gMqt/GPA1/T404=45,212566
00:38:58.451 | SIM: mqtt1_gMqt/GPA1/Hours=90000
00:38:58.451 | SIM: mqtt1_gMqt/GPA2/PPU_Gen_active_power=1222,775
00:38:58.451 | SIM: mqtt1_gMqt/GPA2/PPU_Gen_counter_active_power=18018,52
00:38:58.451 | SIM: mqtt1_gMqt/GPA2/T404=43,752228
00:38:58.451 | SIM: mqtt1_gMqt/GPA2/Hours=90000
00:38:58.451 | SIM: mqtt1_gMqt/GPA3/PPU_Gen_active_power=1281,0758
00:38:58.452 | SIM: mqtt1_gMqt/GPA3/PPU_Gen_counter_active_power=18018,986
00:38:58.452 | SIM: mqtt1_gMqt/GPA3/T404=44,864693
00:38:58.452 | SIM: mqtt1_gMqt/GPA3/Hours=90000
00:38:58.452 | SIM: mqtt1_gMqt/GPA4/PPU_Gen_active_power=1192,3137
00:38:58.452 | SIM: mqtt1_gMqt/GPA4/PPU_Gen_counter_active_power=18018,553
00:38:58.452 | SIM: mqtt1_gMqt/GPA4/T404=45,607784
00:38:58.452 | SIM: mqtt1_gMqt/GPA4/Hours=90000
00:38:58.453 | SIM: mqtt1_gMqt/GPA5/PPU_Gen_active_power=1149,4114
00:38:58.453 | SIM: mqtt1_gMqt/GPA5/PPU_Gen_counter_active_power=18017,732
00:38:58.453 | SIM: mqtt1_gMqt/GPA5/T404=44,743942
00:38:58.453 | SIM: mqtt1_gMqt/GPA5/Hours=90000
00:38:58.453 | SIM: mqtt1_gMqt/GPA6/PPU_Gen_active_power=1213,5093
00:38:58.453 | SIM: mqtt1_gMqt/GPA6/PPU_Gen_counter_active_power=18018,29
00:38:58.453 | SIM: mqtt1_gMqt/GPA6/T404=44,04472
00:38:58.454 | SIM: mqtt1_gMqt/GPA6/Hours=90000
00:38:59.541 | SIM: mqtt1_gMqt/ZAS/ZAS_Actual_Power=198,12863
00:38:59.541 | SIM: mqtt1_gMqt/GPA1/PPU_Gen_active_power=1148,9745
00:38:59.542 | SIM: mqtt1_gMqt/GPA1/PPU_Gen_counter_active_power=18018,398
00:38:59.542 | SIM: mqtt1_gMqt/GPA1/T404=45,14853
00:38:59.542 | SIM: mqtt1_gMqt/GPA1/Hours=90000
00:38:59.542 | SIM: mqtt1_gMqt/GPA2/PPU_Gen_active_power=1214,1307
00:38:59.542 | SIM: mqtt1_gMqt/GPA2/PPU_Gen_counter_active_power=18018,857
00:38:59.543 | SIM: mqtt1_gMqt/GPA2/T404=43,928486
00:38:59.543 | SIM: mqtt1_gMqt/GPA2/Hours=90000
00:38:59.543 | SIM: mqtt1_gMqt/GPA3/PPU_Gen_active_power=1289,426
00:38:59.543 | SIM: mqtt1_gMqt/GPA3/PPU_Gen_counter_active_power=18019,344
00:38:59.543 | SIM: mqtt1_gMqt/GPA3/T404=44,813374
00:38:59.543 | SIM: mqtt1_gMqt/GPA3/Hours=90000
00:38:59.543 | SIM: mqtt1_gMqt/GPA4/PPU_Gen_active_power=1193,5045
00:38:59.544 | SIM: mqtt1_gMqt/GPA4/PPU_Gen_counter_active_power=18018,885
00:38:59.544 | SIM: mqtt1_gMqt/GPA4/T404=45,66386
00:38:59.544 | SIM: mqtt1_gMqt/GPA4/Hours=90000
00:38:59.544 | SIM: mqtt1_gMqt/GPA5/PPU_Gen_active_power=1156,9418
00:38:59.544 | SIM: mqtt1_gMqt/GPA5/PPU_Gen_counter_active_power=18018,055
00:38:59.544 | SIM: mqtt1_gMqt/GPA5/T404=44,546696
00:38:59.545 | SIM: mqtt1_gMqt/GPA5/Hours=90000
00:38:59.545 | SIM: mqtt1_gMqt/GPA6/PPU_Gen_active_power=1210,7876
00:38:59.545 | SIM: mqtt1_gMqt/GPA6/PPU_Gen_counter_active_power=18018,625
00:38:59.545 | SIM: mqtt1_gMqt/GPA6/T404=43,83495
00:38:59.545 | SIM: mqtt1_gMqt/GPA6/Hours=90000
00:39:00.636 | SIM: mqtt1_gMqt/ZAS/ZAS_Actual_Power=198,7368
00:39:00.637 | SIM: mqtt1_gMqt/GPA1/PPU_Gen_active_power=1145,3031
00:39:00.637 | SIM: mqtt1_gMqt/GPA1/PPU_Gen_counter_active_power=18018,717
00:39:00.637 | SIM: mqtt1_gMqt/GPA1/T404=44,9305
00:39:00.637 | SIM: mqtt1_gMqt/GPA1/Hours=90000
00:39:00.638 | SIM: mqtt1_gMqt/GPA2/PPU_Gen_active_power=1214,5869
00:39:00.638 | SIM: mqtt1_gMqt/GPA2/PPU_Gen_counter_active_power=18019,195
00:39:00.638 | SIM: mqtt1_gMqt/GPA2/T404=43,68583
00:39:00.638 | SIM: mqtt1_gMqt/GPA2/Hours=90000
00:39:00.638 | SIM: mqtt1_gMqt/GPA3/PPU_Gen_active_power=1282,1959
00:39:00.639 | SIM: mqtt1_gMqt/GPA3/PPU_Gen_counter_active_power=18019,7
00:39:00.639 | SIM: mqtt1_gMqt/GPA3/T404=45,01855
00:39:00.639 | SIM: mqtt1_gMqt/GPA3/Hours=90000
00:39:00.639 | SIM: mqtt1_gMqt/GPA3/HAS_IN_Word55_0=True
00:39:00.639 | SIM: mqtt1_gMqt/GPA4/PPU_Gen_active_power=1189,407
00:39:00.639 | SIM: mqtt1_gMqt/GPA4/PPU_Gen_counter_active_power=18019,215
00:39:00.640 | SIM: mqtt1_gMqt/GPA4/T404=45,417248
00:39:00.640 | SIM: mqtt1_gMqt/GPA4/Hours=90000
00:39:00.640 | SIM: mqtt1_gMqt/GPA5/PPU_Gen_active_power=1155,709
00:39:00.640 | SIM: mqtt1_gMqt/GPA5/PPU_Gen_counter_active_power=18018,375
00:39:00.640 | SIM: mqtt1_gMqt/GPA5/T404=44,569675
00:39:00.640 | SIM: mqtt1_gMqt/GPA5/Hours=90000
00:39:00.641 | SIM: mqtt1_gMqt/GPA6/PPU_Gen_active_power=1206,1847
00:39:00.641 | SIM: mqtt1_gMqt/GPA6/PPU_Gen_counter_active_power=18018,96
00:39:00.641 | SIM: mqtt1_gMqt/GPA6/T404=43,813557
00:39:00.641 | SIM: mqtt1_gMqt/GPA6/Hours=90000
00:39:01.728 | SIM: mqtt1_gMqt/ZAS/ZAS_Actual_Power=198,91484
00:39:01.729 | SIM: mqtt1_gMqt/GPA1/PPU_Gen_active_power=1139,7198
00:39:01.729 | SIM: mqtt1_gMqt/GPA1/PPU_Gen_counter_active_power=18019,033
00:39:01.729 | SIM: mqtt1_gMqt/GPA1/T404=44,889965
00:39:01.729 | SIM: mqtt1_gMqt/GPA1/Hours=90000
00:39:01.729 | SIM: mqtt1_gMqt/GPA2/PPU_Gen_active_power=1212,9763
00:39:01.730 | SIM: mqtt1_gMqt/GPA2/PPU_Gen_counter_active_power=18019,533
00:39:01.730 | SIM: mqtt1_gMqt/GPA2/T404=43,661602
00:39:01.730 | SIM: mqtt1_gMqt/GPA2/Hours=90000
00:39:01.730 | SIM: mqtt1_gMqt/GPA3/PPU_Gen_active_power=1290,3995
00:39:01.730 | SIM: mqtt1_gMqt/GPA3/PPU_Gen_counter_active_power=18020,059
00:39:01.730 | SIM: mqtt1_gMqt/GPA3/T404=45,08697
00:39:01.731 | SIM: mqtt1_gMqt/GPA3/Hours=90000
00:39:01.731 | SIM: mqtt1_gMqt/GPA4/PPU_Gen_active_power=1193,1036
00:39:01.731 | SIM: mqtt1_gMqt/GPA4/PPU_Gen_counter_active_power=18019,547
00:39:01.731 | SIM: mqtt1_gMqt/GPA4/T404=45,521557
00:39:01.731 | SIM: mqtt1_gMqt/GPA4/Hours=90000
00:39:01.732 | SIM: mqtt1_gMqt/GPA5/PPU_Gen_active_power=1159,2968
00:39:01.732 | SIM: mqtt1_gMqt/GPA5/PPU_Gen_counter_active_power=18018,697
00:39:01.732 | SIM: mqtt1_gMqt/GPA5/T404=44,453945
00:39:01.732 | SIM: mqtt1_gMqt/GPA5/Hours=90000
00:39:01.732 | SIM: mqtt1_gMqt/GPA6/PPU_Gen_active_power=1209,283
00:39:01.733 | SIM: mqtt1_gMqt/GPA6/PPU_Gen_counter_active_power=18019,297
00:39:01.733 | SIM: mqtt1_gMqt/GPA6/T404=43,6968
00:39:01.733 | SIM: mqtt1_gMqt/GPA6/Hours=90000
00:39:02.843 | SIM: mqtt1_gMqt/ZAS/ZAS_Actual_Power=198,08754
00:39:02.843 | SIM: mqtt1_gMqt/GPA1/PPU_Gen_active_power=1137,2341
00:39:02.844 | SIM: mqtt1_gMqt/GPA1/PPU_Gen_counter_active_power=18019,35
00:39:02.847 | SIM: mqtt1_gMqt/GPA1/T404=45,093815
00:39:02.847 | SIM: mqtt1_gMqt/GPA1/Hours=90000
00:39:02.847 | SIM: mqtt1_gMqt/GPA2/PPU_Gen_active_power=1213,4175
00:39:02.847 | SIM: mqtt1_gMqt/GPA2/PPU_Gen_counter_active_power=18019,871
00:39:02.847 | SIM: mqtt1_gMqt/GPA2/T404=43,65366
00:39:02.848 | SIM: mqtt1_gMqt/GPA2/Hours=90000
00:39:02.848 | SIM: mqtt1_gMqt/GPA3/PPU_Gen_active_power=1298,8147
00:39:02.848 | SIM: mqtt1_gMqt/GPA3/PPU_Gen_counter_active_power=18020,42
00:39:02.848 | SIM: mqtt1_gMqt/GPA3/T404=45,094364
00:39:02.848 | SIM: mqtt1_gMqt/GPA3/Hours=90000
00:39:02.848 | SIM: mqtt1_gMqt/GPA4/PPU_Gen_active_power=1190,1641
00:39:02.849 | SIM: mqtt1_gMqt/GPA4/PPU_Gen_counter_active_power=18019,877
00:39:02.849 | SIM: mqtt1_gMqt/GPA4/T404=45,32836
00:39:02.849 | SIM: mqtt1_gMqt/GPA4/Hours=90000
00:39:02.849 | SIM: mqtt1_gMqt/GPA5/PPU_Gen_active_power=1158,6144
00:39:02.849 | SIM: mqtt1_gMqt/GPA5/PPU_Gen_counter_active_power=18019,02
00:39:02.849 | SIM: mqtt1_gMqt/GPA5/T404=44,28265
00:39:02.849 | SIM: mqtt1_gMqt/GPA5/Hours=90000
00:39:02.849 | SIM: mqtt1_gMqt/GPA6/PPU_Gen_active_power=1212,9893
00:39:02.850 | SIM: mqtt1_gMqt/GPA6/PPU_Gen_counter_active_power=18019,635
00:39:02.850 | SIM: mqtt1_gMqt/GPA6/T404=43,877754
00:39:02.850 | SIM: mqtt1_gMqt/GPA6/Hours=90000
00:39:03.966 | SIM: mqtt1_gMqt/ZAS/ZAS_Actual_Power=196,32834
00:39:03.966 | SIM: mqtt1_gMqt/GPA1/PPU_Gen_active_power=1131,0402
00:39:03.966 | SIM: mqtt1_gMqt/GPA1/PPU_Gen_counter_active_power=18019,664
00:39:03.967 | SIM: mqtt1_gMqt/GPA1/T404=44,885715
00:39:03.967 | SIM: mqtt1_gMqt/GPA1/Hours=90000
00:39:03.967 | SIM: mqtt1_gMqt/GPA2/PPU_Gen_active_power=1210,9012
00:39:03.967 | SIM: mqtt1_gMqt/GPA2/PPU_Gen_counter_active_power=18020,207
00:39:03.967 | SIM: mqtt1_gMqt/GPA2/T404=43,832542
00:39:03.968 | SIM: mqtt1_gMqt/GPA2/Hours=90000
00:39:03.968 | SIM: mqtt1_gMqt/GPA3/PPU_Gen_active_power=1294,9689
00:39:03.968 | SIM: mqtt1_gMqt/GPA3/PPU_Gen_counter_active_power=18020,78
00:39:03.968 | SIM: mqtt1_gMqt/GPA3/T404=45,17418
00:39:03.969 | SIM: mqtt1_gMqt/GPA3/Hours=90000
00:39:03.969 | SIM: mqtt1_gMqt/GPA4/PPU_Gen_active_power=1184,0162
00:39:03.969 | SIM: mqtt1_gMqt/GPA4/PPU_Gen_counter_active_power=18020,205
00:39:03.969 | SIM: mqtt1_gMqt/GPA4/T404=45,189133
00:39:03.969 | SIM: mqtt1_gMqt/GPA4/Hours=90000
00:39:03.970 | SIM: mqtt1_gMqt/GPA5/PPU_Gen_active_power=1154,091
00:39:03.970 | SIM: mqtt1_gMqt/GPA5/PPU_Gen_counter_active_power=18019,34
00:39:03.970 | SIM: mqtt1_gMqt/GPA5/T404=44,458584
00:39:03.970 | SIM: mqtt1_gMqt/GPA5/Hours=90000
00:39:03.970 | SIM: mqtt1_gMqt/GPA6/PPU_Gen_active_power=1216,882
00:39:03.971 | SIM: mqtt1_gMqt/GPA6/PPU_Gen_counter_active_power=18019,973
00:39:03.971 | SIM: mqtt1_gMqt/GPA6/T404=43,81624
00:39:03.971 | SIM: mqtt1_gMqt/GPA6/Hours=90000
00:39:05.059 | SIM: mqtt1_gMqt/ZAS/ZAS_Actual_Power=196,79182
00:39:05.059 | SIM: mqtt1_gMqt/GPA1/PPU_Gen_active_power=1140,7372
00:39:05.059 | SIM: mqtt1_gMqt/GPA1/PPU_Gen_counter_active_power=18019,98
00:39:05.060 | SIM: mqtt1_gMqt/GPA1/T404=44,905357
00:39:05.060 | SIM: mqtt1_gMqt/GPA1/Hours=90000
00:39:05.060 | SIM: mqtt1_gMqt/GPA2/PPU_Gen_active_power=1206,2413
00:39:05.060 | SIM: mqtt1_gMqt/GPA2/PPU_Gen_counter_active_power=18020,543
00:39:05.061 | SIM: mqtt1_gMqt/GPA2/T404=43,84088
00:39:05.061 | SIM: mqtt1_gMqt/GPA2/Hours=90000
00:39:05.061 | SIM: mqtt1_gMqt/GPA3/PPU_Gen_active_power=1292,4866
00:39:05.061 | SIM: mqtt1_gMqt/GPA3/PPU_Gen_counter_active_power=18021,139
00:39:05.061 | SIM: mqtt1_gMqt/GPA3/T404=45,352463
00:39:05.062 | SIM: mqtt1_gMqt/GPA3/Hours=90000
00:39:05.062 | SIM: mqtt1_gMqt/GPA4/PPU_Gen_active_power=1185,9362
00:39:05.062 | SIM: mqtt1_gMqt/GPA4/PPU_Gen_counter_active_power=18020,535
00:39:05.062 | SIM: mqtt1_gMqt/GPA4/T404=45,161808
00:39:05.063 | SIM: mqtt1_gMqt/GPA4/Hours=90000
00:39:05.063 | SIM: mqtt1_gMqt/GPA5/PPU_Gen_active_power=1163,68
00:39:05.063 | SIM: mqtt1_gMqt/GPA5/PPU_Gen_counter_active_power=18019,664
00:39:05.063 | SIM: mqtt1_gMqt/GPA5/T404=44,297535
00:39:05.063 | SIM: mqtt1_gMqt/GPA5/Hours=90000
00:39:05.064 | SIM: mqtt1_gMqt/GPA6/PPU_Gen_active_power=1224,2601
00:39:05.064 | SIM: mqtt1_gMqt/GPA6/PPU_Gen_counter_active_power=18020,312
00:39:05.064 | SIM: mqtt1_gMqt/GPA6/T404=43,963722
00:39:05.064 | SIM: mqtt1_gMqt/GPA6/Hours=90000
00:39:06.168 | SIM: mqtt1_gMqt/ZAS/ZAS_Actual_Power=196,52196
00:39:06.168 | SIM: mqtt1_gMqt/GPA1/PPU_Gen_active_power=1134,0588
00:39:06.169 | SIM: mqtt1_gMqt/GPA1/PPU_Gen_counter_active_power=18020,295
00:39:06.169 | SIM: mqtt1_gMqt/GPA1/T404=44,92412
00:39:06.169 | SIM: mqtt1_gMqt/GPA1/Hours=90000
00:39:06.169 | SIM: mqtt1_gMqt/GPA2/PPU_Gen_active_power=1210,8516
00:39:06.169 | SIM: mqtt1_gMqt/GPA2/PPU_Gen_counter_active_power=18020,879
00:39:06.169 | SIM: mqtt1_gMqt/GPA2/T404=43,870476
00:39:06.170 | SIM: mqtt1_gMqt/GPA2/Hours=90000
00:39:06.170 | SIM: mqtt1_gMqt/GPA3/PPU_Gen_active_power=1291,2085
00:39:06.170 | SIM: mqtt1_gMqt/GPA3/PPU_Gen_counter_active_power=18021,498
00:39:06.170 | SIM: mqtt1_gMqt/GPA3/T404=45,34597
00:39:06.170 | SIM: mqtt1_gMqt/GPA3/Hours=90000
00:39:06.171 | SIM: mqtt1_gMqt/GPA4/PPU_Gen_active_power=1186,8451
00:39:06.171 | SIM: mqtt1_gMqt/GPA4/PPU_Gen_counter_active_power=18020,865
00:39:06.171 | SIM: mqtt1_gMqt/GPA4/T404=45,14045
00:39:06.171 | SIM: mqtt1_gMqt/GPA4/Hours=90000
00:39:06.171 | SIM: mqtt1_gMqt/GPA5/PPU_Gen_active_power=1156,4884
00:39:06.171 | SIM: mqtt1_gMqt/GPA5/PPU_Gen_counter_active_power=18019,984
00:39:06.172 | SIM: mqtt1_gMqt/GPA5/T404=44,3052
00:39:06.172 | SIM: mqtt1_gMqt/GPA5/Hours=90000
00:39:06.172 | SIM: mqtt1_gMqt/GPA6/PPU_Gen_active_power=1226,7284
00:39:06.172 | SIM: mqtt1_gMqt/GPA6/PPU_Gen_counter_active_power=18020,652
00:39:06.172 | SIM: mqtt1_gMqt/GPA6/T404=44,01359
00:39:06.172 | SIM: mqtt1_gMqt/GPA6/Hours=90000
00:39:07.260 | SIM: mqtt1_gMqt/ZAS/ZAS_Actual_Power=198,00883
00:39:07.261 | SIM: mqtt1_gMqt/GPA1/PPU_Gen_active_power=1132,5048
00:39:07.261 | SIM: mqtt1_gMqt/GPA1/PPU_Gen_counter_active_power=18020,61
00:39:07.261 | SIM: mqtt1_gMqt/GPA1/T404=45,024998
00:39:07.261 | SIM: mqtt1_gMqt/GPA1/Hours=90000
00:39:07.261 | SIM: mqtt1_gMqt/GPA2/PPU_Gen_active_power=1201,2964
00:39:07.262 | SIM: mqtt1_gMqt/GPA2/PPU_Gen_counter_active_power=18021,213
00:39:07.262 | SIM: mqtt1_gMqt/GPA2/T404=43,731617
00:39:07.262 | SIM: mqtt1_gMqt/GPA2/Hours=90000
00:39:07.262 | SIM: mqtt1_gMqt/GPA3/PPU_Gen_active_power=1298,4042
00:39:07.262 | SIM: mqtt1_gMqt/GPA3/PPU_Gen_counter_active_power=18021,86
00:39:07.262 | SIM: mqtt1_gMqt/GPA3/T404=45,285038
00:39:07.263 | SIM: mqtt1_gMqt/GPA3/Hours=90000
00:39:07.263 | SIM: mqtt1_gMqt/GPA4/PPU_Gen_active_power=1185,6045
00:39:07.263 | SIM: mqtt1_gMqt/GPA4/PPU_Gen_counter_active_power=18021,195
00:39:07.263 | SIM: mqtt1_gMqt/GPA4/T404=44,948505
00:39:07.263 | SIM: mqtt1_gMqt/GPA4/Hours=90000
00:39:07.263 | SIM: mqtt1_gMqt/GPA5/PPU_Gen_active_power=1154,95
00:39:07.264 | SIM: mqtt1_gMqt/GPA5/PPU_Gen_counter_active_power=18020,305
00:39:07.264 | SIM: mqtt1_gMqt/GPA5/T404=44,545742
00:39:07.264 | SIM: mqtt1_gMqt/GPA5/Hours=90000
00:39:07.264 | SIM: mqtt1_gMqt/GPA6/PPU_Gen_active_power=1229,1422
00:39:07.264 | SIM: mqtt1_gMqt/GPA6/PPU_Gen_counter_active_power=18020,994
00:39:07.264 | SIM: mqtt1_gMqt/GPA6/T404=43,939423
00:39:07.265 | SIM: mqtt1_gMqt/GPA6/Hours=90000
00:39:08.356 | SIM: mqtt1_gMqt/ZAS/ZAS_Actual_Power=200,08722
00:39:08.356 | SIM: mqtt1_gMqt/GPA1/PPU_Gen_active_power=1139,7946
00:39:08.357 | SIM: mqtt1_gMqt/GPA1/PPU_Gen_counter_active_power=18020,926
00:39:08.357 | SIM: mqtt1_gMqt/GPA1/T404=45,07003
00:39:08.357 | SIM: mqtt1_gMqt/GPA1/Hours=90000
00:39:08.357 | SIM: mqtt1_gMqt/GPA2/PPU_Gen_active_power=1195,979
00:39:08.358 | SIM: mqtt1_gMqt/GPA2/PPU_Gen_counter_active_power=18021,545
00:39:08.358 | SIM: mqtt1_gMqt/GPA2/T404=43,55037
00:39:08.358 | SIM: mqtt1_gMqt/GPA2/Hours=90000
00:39:08.358 | SIM: mqtt1_gMqt/GPA3/PPU_Gen_active_power=1290,4889
00:39:08.358 | SIM: mqtt1_gMqt/GPA3/PPU_Gen_counter_active_power=18022,219
00:39:08.359 | SIM: mqtt1_gMqt/GPA3/T404=45,039246
00:39:08.359 | SIM: mqtt1_gMqt/GPA3/Hours=90000
00:39:08.359 | SIM: mqtt1_gMqt/GPA4/PPU_Gen_active_power=1191,391
00:39:08.359 | SIM: mqtt1_gMqt/GPA4/PPU_Gen_counter_active_power=18021,525
00:39:08.359 | SIM: mqtt1_gMqt/GPA4/T404=45,038242
00:39:08.360 | SIM: mqtt1_gMqt/GPA4/Hours=90000
00:39:08.360 | SIM: mqtt1_gMqt/GPA5/PPU_Gen_active_power=1155,8293
00:39:08.360 | SIM: mqtt1_gMqt/GPA5/PPU_Gen_counter_active_power=18020,625
00:39:08.360 | SIM: mqtt1_gMqt/GPA5/T404=44,706608
00:39:08.361 | SIM: mqtt1_gMqt/GPA5/Hours=90000
00:39:08.361 | SIM: mqtt1_gMqt/GPA6/PPU_Gen_active_power=1231,6088
00:39:08.361 | SIM: mqtt1_gMqt/GPA6/PPU_Gen_counter_active_power=18021,336
00:39:08.361 | SIM: mqtt1_gMqt/GPA6/T404=44,129253
00:39:08.361 | SIM: mqtt1_gMqt/GPA6/Hours=90000
00:39:09.448 | SIM: mqtt1_gMqt/ZAS/ZAS_Actual_Power=200,5335
00:39:09.448 | SIM: mqtt1_gMqt/GPA1/PPU_Gen_active_power=1133,7177
00:39:09.449 | SIM: mqtt1_gMqt/GPA1/PPU_Gen_counter_active_power=18021,24
00:39:09.449 | SIM: mqtt1_gMqt/GPA1/T404=45,078564
00:39:09.449 | SIM: mqtt1_gMqt/GPA1/Hours=90000
00:39:09.449 | SIM: mqtt1_gMqt/GPA2/PPU_Gen_active_power=1203,1106
00:39:09.449 | SIM: mqtt1_gMqt/GPA2/PPU_Gen_counter_active_power=18021,879
00:39:09.449 | SIM: mqtt1_gMqt/GPA2/T404=43,607243
00:39:09.450 | SIM: mqtt1_gMqt/GPA2/Hours=90000
00:39:09.450 | SIM: mqtt1_gMqt/GPA3/PPU_Gen_active_power=1283,9529
00:39:09.450 | SIM: mqtt1_gMqt/GPA3/PPU_Gen_counter_active_power=18022,576
00:39:09.450 | SIM: mqtt1_gMqt/GPA3/T404=44,970264
00:39:09.450 | SIM: mqtt1_gMqt/GPA3/Hours=90000
00:39:09.450 | SIM: mqtt1_gMqt/GPA4/PPU_Gen_active_power=1198,1636
00:39:09.451 | SIM: mqtt1_gMqt/GPA4/PPU_Gen_counter_active_power=18021,857
00:39:09.451 | SIM: mqtt1_gMqt/GPA4/T404=45,230824
00:39:09.451 | SIM: mqtt1_gMqt/GPA4/Hours=90000
00:39:09.451 | SIM: mqtt1_gMqt/GPA5/PPU_Gen_active_power=1154,16
00:39:09.451 | SIM: mqtt1_gMqt/GPA5/PPU_Gen_counter_active_power=18020,945
00:39:09.451 | SIM: mqtt1_gMqt/GPA5/T404=44,835907
00:39:09.451 | SIM: mqtt1_gMqt/GPA5/Hours=90000
00:39:09.452 | SIM: mqtt1_gMqt/GPA6/PPU_Gen_active_power=1224,1194
00:39:09.452 | SIM: mqtt1_gMqt/GPA6/PPU_Gen_counter_active_power=18021,676
00:39:09.452 | SIM: mqtt1_gMqt/GPA6/T404=44,1029
00:39:09.452 | SIM: mqtt1_gMqt/GPA6/Hours=90000
00:39:10.542 | SIM: mqtt1_gMqt/ZAS/ZAS_Actual_Power=199,24667
00:39:10.542 | SIM: mqtt1_gMqt/GPA1/PPU_Gen_active_power=1132,7606
00:39:10.542 | SIM: mqtt1_gMqt/GPA1/PPU_Gen_counter_active_power=18021,555
00:39:10.542 | SIM: mqtt1_gMqt/GPA1/T404=45,254032
00:39:10.543 | SIM: mqtt1_gMqt/GPA1/Hours=90000
00:39:10.543 | SIM: mqtt1_gMqt/GPA2/PPU_Gen_active_power=1193,3274
00:39:10.543 | SIM: mqtt1_gMqt/GPA2/PPU_Gen_counter_active_power=18022,21
00:39:10.543 | SIM: mqtt1_gMqt/GPA2/T404=43,600613
00:39:10.544 | SIM: mqtt1_gMqt/GPA2/Hours=90000
00:39:10.544 | SIM: mqtt1_gMqt/GPA3/PPU_Gen_active_power=1279,5293
00:39:10.544 | SIM: mqtt1_gMqt/GPA3/PPU_Gen_counter_active_power=18022,932
00:39:10.544 | SIM: mqtt1_gMqt/GPA3/T404=45,216637
00:39:10.544 | SIM: mqtt1_gMqt/GPA3/Hours=90000
00:39:10.545 | SIM: mqtt1_gMqt/GPA4/PPU_Gen_active_power=1206,3032
00:39:10.545 | SIM: mqtt1_gMqt/GPA4/PPU_Gen_counter_active_power=18022,193
00:39:10.545 | SIM: mqtt1_gMqt/GPA4/T404=45,045746
00:39:10.545 | SIM: mqtt1_gMqt/GPA4/Hours=90000
00:39:10.545 | SIM: mqtt1_gMqt/GPA5/PPU_Gen_active_power=1164,1592
00:39:10.546 | SIM: mqtt1_gMqt/GPA5/PPU_Gen_counter_active_power=18021,27
00:39:10.546 | SIM: mqtt1_gMqt/GPA5/T404=44,83313
00:39:10.546 | SIM: mqtt1_gMqt/GPA5/Hours=90000
00:39:10.546 | SIM: mqtt1_gMqt/GPA6/PPU_Gen_active_power=1231,6929
00:39:10.547 | SIM: mqtt1_gMqt/GPA6/PPU_Gen_counter_active_power=18022,018
00:39:10.547 | SIM: mqtt1_gMqt/GPA6/T404=44,01306
00:39:10.547 | SIM: mqtt1_gMqt/GPA6/Hours=90000
00:39:11.636 | SIM: mqtt1_gMqt/ZAS/ZAS_Actual_Power=198,10468
00:39:11.636 | SIM: mqtt1_gMqt/GPA1/PPU_Gen_active_power=1132,9769
00:39:11.636 | SIM: mqtt1_gMqt/GPA1/PPU_Gen_counter_active_power=18021,87
00:39:11.636 | SIM: mqtt1_gMqt/GPA1/T404=45,437748
00:39:11.636 | SIM: mqtt1_gMqt/GPA1/Hours=90000
00:39:11.637 | SIM: mqtt1_gMqt/GPA2/PPU_Gen_active_power=1185,6862
00:39:11.637 | SIM: mqtt1_gMqt/GPA2/PPU_Gen_counter_active_power=18022,541
00:39:11.637 | SIM: mqtt1_gMqt/GPA2/T404=43,697685
00:39:11.637 | SIM: mqtt1_gMqt/GPA2/Hours=90000
00:39:11.637 | SIM: mqtt1_gMqt/GPA3/PPU_Gen_active_power=1281,6301
00:39:11.637 | SIM: mqtt1_gMqt/GPA3/PPU_Gen_counter_active_power=18023,287
00:39:11.638 | SIM: mqtt1_gMqt/GPA3/T404=45,236015
00:39:11.638 | SIM: mqtt1_gMqt/GPA3/Hours=90000
00:39:11.638 | SIM: mqtt1_gMqt/GPA4/PPU_Gen_active_power=1205,4493
00:39:11.638 | SIM: mqtt1_gMqt/GPA4/PPU_Gen_counter_active_power=18022,527
00:39:11.638 | SIM: mqtt1_gMqt/GPA4/T404=44,983887
00:39:11.638 | SIM: mqtt1_gMqt/GPA4/Hours=90000
00:39:11.639 | SIM: mqtt1_gMqt/GPA5/PPU_Gen_active_power=1156,1444
00:39:11.639 | SIM: mqtt1_gMqt/GPA5/PPU_Gen_counter_active_power=18021,59
00:39:11.639 | SIM: mqtt1_gMqt/GPA5/T404=45,069103
00:39:11.639 | SIM: mqtt1_gMqt/GPA5/Hours=90000
00:39:11.639 | SIM: mqtt1_gMqt/GPA6/PPU_Gen_active_power=1227,9038
00:39:11.639 | SIM: mqtt1_gMqt/GPA6/PPU_Gen_counter_active_power=18022,36
00:39:11.640 | SIM: mqtt1_gMqt/GPA6/T404=43,787197
00:39:11.640 | SIM: mqtt1_gMqt/GPA6/Hours=90000
00:39:21.080 | SIM: mqtt1_plc1_40001=20
00:39:21.086 | SIM: mqtt1_plc1_00001=False
00:39:21.086 | SIM: mqtt1_gMqt/ZAS/ZAS_Actual_Power=150
00:39:21.087 | SIM: mqtt1_gMqt/ZAS/ZAS_Setpoint_Power=200
00:39:21.087 | SIM: mqtt1_gMqt/Mixer/Tank_Level=50
00:39:21.087 | SIM: mqtt1_gMqt/Mixer/Pump_NS_Status=True
00:39:21.087 | SIM: mqtt1_gMqt/Mixer/Valve_YV_W1=True
00:39:21.088 | SIM: mqtt1_gMqt/Mixer/Valve_YV_S1=45
00:39:21.088 | SIM: mqtt1_gMqt/Mixer/Valve_YV_M1=True
00:39:21.088 | SIM: mqtt1_gMqt/Mixer/Mixed_Temp=60
00:39:21.088 | SIM: mqtt1_gMqt/Mixer/Tank_Pressure=2,4
00:39:21.089 | SIM: mqtt1_gMqt/GPA1/PPU_Gen_active_power=0
00:39:21.089 | SIM: mqtt1_gMqt/GPA1/PPU_Gen_counter_active_power=0
00:39:21.089 | SIM: mqtt1_gMqt/GPA1/T404=0
00:39:21.089 | SIM: mqtt1_gMqt/GPA1/Hours=0
00:39:21.089 | SIM: mqtt1_gMqt/GPA1/Status_MWM=False
00:39:21.089 | SIM: mqtt1_gMqt/GPA1/HAS_IN_Word55_0=False
00:39:21.090 | SIM: mqtt1_gMqt/GPA2/PPU_Gen_active_power=0
00:39:21.090 | SIM: mqtt1_gMqt/GPA2/PPU_Gen_counter_active_power=0
00:39:21.090 | SIM: mqtt1_gMqt/GPA2/T404=0
00:39:21.090 | SIM: mqtt1_gMqt/GPA2/Hours=0
00:39:21.090 | SIM: mqtt1_gMqt/GPA2/Status_MWM=False
00:39:21.090 | SIM: mqtt1_gMqt/GPA2/HAS_IN_Word55_0=False
00:39:21.091 | SIM: mqtt1_gMqt/GPA3/PPU_Gen_active_power=0
00:39:21.091 | SIM: mqtt1_gMqt/GPA3/PPU_Gen_counter_active_power=0
00:39:21.091 | SIM: mqtt1_gMqt/GPA3/T404=0
00:39:21.091 | SIM: mqtt1_gMqt/GPA3/Hours=0
00:39:21.092 | SIM: mqtt1_gMqt/GPA3/Status_MWM=False
00:39:21.092 | SIM: mqtt1_gMqt/GPA3/HAS_IN_Word55_0=False
00:39:21.092 | SIM: mqtt1_gMqt/GPA4/PPU_Gen_active_power=0
00:39:21.092 | SIM: mqtt1_gMqt/GPA4/PPU_Gen_counter_active_power=0
00:39:21.092 | SIM: mqtt1_gMqt/GPA4/T404=0
00:39:21.092 | SIM: mqtt1_gMqt/GPA4/Hours=0
00:39:21.093 | SIM: mqtt1_gMqt/GPA4/Status_MWM=False
00:39:21.093 | SIM: mqtt1_gMqt/GPA4/HAS_IN_Word55_0=False
00:39:21.093 | SIM: mqtt1_gMqt/GPA5/PPU_Gen_active_power=0
00:39:21.093 | SIM: mqtt1_gMqt/GPA5/PPU_Gen_counter_active_power=0
00:39:21.093 | SIM: mqtt1_gMqt/GPA5/T404=0
00:39:21.093 | SIM: mqtt1_gMqt/GPA5/Hours=0
00:39:21.094 | SIM: mqtt1_gMqt/GPA5/Status_MWM=False
00:39:21.094 | SIM: mqtt1_gMqt/GPA5/HAS_IN_Word55_0=False
00:39:21.094 | SIM: mqtt1_gMqt/GPA6/PPU_Gen_active_power=0
00:39:21.094 | SIM: mqtt1_gMqt/GPA6/PPU_Gen_counter_active_power=0
00:39:21.094 | SIM: mqtt1_gMqt/GPA6/T404=0
00:39:21.095 | SIM: mqtt1_gMqt/GPA6/Hours=0
00:39:21.095 | SIM: mqtt1_gMqt/GPA6/Status_MWM=False
00:39:21.095 | SIM: mqtt1_gMqt/GPA6/HAS_IN_Word55_0=False
00:39:22.197 | SIM: mqtt1_gMqt/ZAS/ZAS_Actual_Power=154,62512
00:39:22.197 | SIM: mqtt1_gMqt/GPA1/PPU_Gen_active_power=1194,3759
00:39:22.197 | SIM: mqtt1_gMqt/GPA1/PPU_Gen_counter_active_power=18000,332
00:39:22.197 | SIM: mqtt1_gMqt/GPA1/T404=44,89744
00:39:22.197 | SIM: mqtt1_gMqt/GPA1/Hours=90000
00:39:22.198 | SIM: mqtt1_gMqt/GPA2/PPU_Gen_active_power=1192,2661
00:39:22.198 | SIM: mqtt1_gMqt/GPA2/PPU_Gen_counter_active_power=18000,332
00:39:22.198 | SIM: mqtt1_gMqt/GPA2/T404=44,79732
00:39:22.198 | SIM: mqtt1_gMqt/GPA2/Hours=90000
00:39:22.198 | SIM: mqtt1_gMqt/GPA3/PPU_Gen_active_power=1197,5405
00:39:22.198 | SIM: mqtt1_gMqt/GPA3/PPU_Gen_counter_active_power=18000,332
00:39:22.198 | SIM: mqtt1_gMqt/GPA3/T404=45,168182
00:39:22.199 | SIM: mqtt1_gMqt/GPA3/Hours=90000
00:39:22.199 | SIM: mqtt1_gMqt/GPA4/PPU_Gen_active_power=1209,6506
00:39:22.199 | SIM: mqtt1_gMqt/GPA4/PPU_Gen_counter_active_power=18000,336
00:39:22.199 | SIM: mqtt1_gMqt/GPA4/T404=45,228233
00:39:22.199 | SIM: mqtt1_gMqt/GPA4/Hours=90000
00:39:22.199 | SIM: mqtt1_gMqt/GPA5/PPU_Gen_active_power=1206,4683
00:39:22.200 | SIM: mqtt1_gMqt/GPA5/PPU_Gen_counter_active_power=18000,336
00:39:22.200 | SIM: mqtt1_gMqt/GPA5/T404=44,81141
00:39:22.200 | SIM: mqtt1_gMqt/GPA5/Hours=90000
00:39:22.200 | SIM: mqtt1_gMqt/GPA6/PPU_Gen_active_power=1199,4551
00:39:22.200 | SIM: mqtt1_gMqt/GPA6/PPU_Gen_counter_active_power=18000,334
00:39:22.200 | SIM: mqtt1_gMqt/GPA6/T404=45,016884
00:39:22.200 | SIM: mqtt1_gMqt/GPA6/Hours=90000
00:39:23.292 | SIM: mqtt1_gMqt/ZAS/ZAS_Actual_Power=157,53223
00:39:23.292 | SIM: mqtt1_gMqt/GPA1/PPU_Gen_active_power=1188,8701
00:39:23.292 | SIM: mqtt1_gMqt/GPA1/PPU_Gen_counter_active_power=18000,662
00:39:23.292 | SIM: mqtt1_gMqt/GPA1/T404=44,934284
00:39:23.292 | SIM: mqtt1_gMqt/GPA1/Hours=90000
00:39:23.293 | SIM: mqtt1_gMqt/GPA2/PPU_Gen_active_power=1187,1359
00:39:23.293 | SIM: mqtt1_gMqt/GPA2/PPU_Gen_counter_active_power=18000,662
00:39:23.293 | SIM: mqtt1_gMqt/GPA2/T404=44,88005
00:39:23.293 | SIM: mqtt1_gMqt/GPA2/Hours=90000
00:39:23.293 | SIM: mqtt1_gMqt/GPA3/PPU_Gen_active_power=1205,635
00:39:23.293 | SIM: mqtt1_gMqt/GPA3/PPU_Gen_counter_active_power=18000,666
00:39:23.294 | SIM: mqtt1_gMqt/GPA3/T404=45,276287
00:39:23.294 | SIM: mqtt1_gMqt/GPA3/Hours=90000
00:39:23.294 | SIM: mqtt1_gMqt/GPA4/PPU_Gen_active_power=1201,3296
00:39:23.294 | SIM: mqtt1_gMqt/GPA4/PPU_Gen_counter_active_power=18000,67
00:39:23.294 | SIM: mqtt1_gMqt/GPA4/T404=45,36554
00:39:23.294 | SIM: mqtt1_gMqt/GPA4/Hours=90000
00:39:23.295 | SIM: mqtt1_gMqt/GPA5/PPU_Gen_active_power=1213,6813
00:39:23.295 | SIM: mqtt1_gMqt/GPA5/PPU_Gen_counter_active_power=18000,674
00:39:23.295 | SIM: mqtt1_gMqt/GPA5/T404=44,92339
00:39:23.295 | SIM: mqtt1_gMqt/GPA5/Hours=90000
00:39:23.295 | SIM: mqtt1_gMqt/GPA6/PPU_Gen_active_power=1193,1046
00:39:23.295 | SIM: mqtt1_gMqt/GPA6/PPU_Gen_counter_active_power=18000,666
00:39:23.295 | SIM: mqtt1_gMqt/GPA6/T404=44,8384
00:39:23.296 | SIM: mqtt1_gMqt/GPA6/Hours=90000
00:39:24.384 | SIM: mqtt1_gMqt/ZAS/ZAS_Actual_Power=162,18388
00:39:24.385 | SIM: mqtt1_gMqt/GPA1/PPU_Gen_active_power=1186,3344
00:39:24.385 | SIM: mqtt1_gMqt/GPA1/PPU_Gen_counter_active_power=18000,992
00:39:24.385 | SIM: mqtt1_gMqt/GPA1/T404=45,029015
00:39:24.385 | SIM: mqtt1_gMqt/GPA1/Hours=90000
00:39:24.386 | SIM: mqtt1_gMqt/GPA2/PPU_Gen_active_power=1178,9321
00:39:24.386 | SIM: mqtt1_gMqt/GPA2/PPU_Gen_counter_active_power=18000,99
00:39:24.386 | SIM: mqtt1_gMqt/GPA2/T404=45,041367
00:39:24.386 | SIM: mqtt1_gMqt/GPA2/Hours=90000
00:39:24.386 | SIM: mqtt1_gMqt/GPA3/PPU_Gen_active_power=1195,6893
00:39:24.386 | SIM: mqtt1_gMqt/GPA3/PPU_Gen_counter_active_power=18000,998
00:39:24.387 | SIM: mqtt1_gMqt/GPA3/T404=45,267628
00:39:24.387 | SIM: mqtt1_gMqt/GPA3/Hours=90000
00:39:24.387 | SIM: mqtt1_gMqt/GPA4/PPU_Gen_active_power=1192,6198
00:39:24.387 | SIM: mqtt1_gMqt/GPA4/PPU_Gen_counter_active_power=18001,002
00:39:24.387 | SIM: mqtt1_gMqt/GPA4/T404=45,53845
00:39:24.388 | SIM: mqtt1_gMqt/GPA4/Hours=90000
00:39:24.388 | SIM: mqtt1_gMqt/GPA5/PPU_Gen_active_power=1208,0078
00:39:24.388 | SIM: mqtt1_gMqt/GPA5/PPU_Gen_counter_active_power=18001,01
00:39:24.388 | SIM: mqtt1_gMqt/GPA5/T404=45,159916
00:39:24.388 | SIM: mqtt1_gMqt/GPA5/Hours=90000
00:39:24.388 | SIM: mqtt1_gMqt/GPA6/PPU_Gen_active_power=1187,3573
00:39:24.389 | SIM: mqtt1_gMqt/GPA6/PPU_Gen_counter_active_power=18000,996
00:39:24.389 | SIM: mqtt1_gMqt/GPA6/T404=44,626392
00:39:24.389 | SIM: mqtt1_gMqt/GPA6/Hours=90000
00:39:25.467 | SIM: mqtt1_gMqt/ZAS/ZAS_Actual_Power=165,69612
00:39:25.467 | SIM: mqtt1_gMqt/GPA1/PPU_Gen_active_power=1176,6659
00:39:25.467 | SIM: mqtt1_gMqt/GPA1/PPU_Gen_counter_active_power=18001,318
00:39:25.467 | SIM: mqtt1_gMqt/GPA1/T404=45,240707
00:39:25.467 | SIM: mqtt1_gMqt/GPA1/Hours=90000
00:39:25.468 | SIM: mqtt1_gMqt/GPA2/PPU_Gen_active_power=1171,9258
00:39:25.468 | SIM: mqtt1_gMqt/GPA2/PPU_Gen_counter_active_power=18001,316
00:39:25.468 | SIM: mqtt1_gMqt/GPA2/T404=44,91475
00:39:25.468 | SIM: mqtt1_gMqt/GPA2/Hours=90000
00:39:25.468 | SIM: mqtt1_gMqt/GPA3/PPU_Gen_active_power=1194,258
00:39:25.469 | SIM: mqtt1_gMqt/GPA3/PPU_Gen_counter_active_power=18001,33
00:39:25.469 | SIM: mqtt1_gMqt/GPA3/T404=45,348576
00:39:25.469 | SIM: mqtt1_gMqt/GPA3/Hours=90000
00:39:25.469 | SIM: mqtt1_gMqt/GPA4/PPU_Gen_active_power=1202,2574
00:39:25.469 | SIM: mqtt1_gMqt/GPA4/PPU_Gen_counter_active_power=18001,336
00:39:25.469 | SIM: mqtt1_gMqt/GPA4/T404=45,769962
00:39:25.469 | SIM: mqtt1_gMqt/GPA4/Hours=90000
00:39:25.470 | SIM: mqtt1_gMqt/GPA5/PPU_Gen_active_power=1204,8967
00:39:25.470 | SIM: mqtt1_gMqt/GPA5/PPU_Gen_counter_active_power=18001,344
00:39:25.470 | SIM: mqtt1_gMqt/GPA5/T404=44,98423
00:39:25.470 | SIM: mqtt1_gMqt/GPA5/Hours=90000
00:39:25.470 | SIM: mqtt1_gMqt/GPA6/PPU_Gen_active_power=1180,6426
00:39:25.470 | SIM: mqtt1_gMqt/GPA6/PPU_Gen_counter_active_power=18001,324
00:39:25.470 | SIM: mqtt1_gMqt/GPA6/T404=44,624393
00:39:25.471 | SIM: mqtt1_gMqt/GPA6/Hours=90000
00:39:26.558 | SIM: mqtt1_gMqt/ZAS/ZAS_Actual_Power=168,08574
00:39:26.558 | SIM: mqtt1_gMqt/GPA1/PPU_Gen_active_power=1168,2948
00:39:26.559 | SIM: mqtt1_gMqt/GPA1/PPU_Gen_counter_active_power=18001,643
00:39:26.559 | SIM: mqtt1_gMqt/GPA1/T404=45,176914
00:39:26.559 | SIM: mqtt1_gMqt/GPA1/Hours=90000
00:39:26.559 | SIM: mqtt1_gMqt/GPA2/PPU_Gen_active_power=1164,1312
00:39:26.559 | SIM: mqtt1_gMqt/GPA2/PPU_Gen_counter_active_power=18001,64
00:39:26.559 | SIM: mqtt1_gMqt/GPA2/T404=44,973015
00:39:26.560 | SIM: mqtt1_gMqt/GPA2/Hours=90000
00:39:26.560 | SIM: mqtt1_gMqt/GPA3/PPU_Gen_active_power=1196,4369
00:39:26.560 | SIM: mqtt1_gMqt/GPA3/PPU_Gen_counter_active_power=18001,662
00:39:26.560 | SIM: mqtt1_gMqt/GPA3/T404=45,195065
00:39:26.560 | SIM: mqtt1_gMqt/GPA3/Hours=90000
00:39:26.560 | SIM: mqtt1_gMqt/GPA4/PPU_Gen_active_power=1196,3599
00:39:26.561 | SIM: mqtt1_gMqt/GPA4/PPU_Gen_counter_active_power=18001,668
00:39:26.561 | SIM: mqtt1_gMqt/GPA4/T404=45,679638
00:39:26.561 | SIM: mqtt1_gMqt/GPA4/Hours=90000
00:39:26.561 | SIM: mqtt1_gMqt/GPA5/PPU_Gen_active_power=1208,87
00:39:26.561 | SIM: mqtt1_gMqt/GPA5/PPU_Gen_counter_active_power=18001,68
00:39:26.561 | SIM: mqtt1_gMqt/GPA5/T404=45,20583
00:39:26.562 | SIM: mqtt1_gMqt/GPA5/Hours=90000
00:39:26.562 | SIM: mqtt1_gMqt/GPA6/PPU_Gen_active_power=1176,396
00:39:26.562 | SIM: mqtt1_gMqt/GPA6/PPU_Gen_counter_active_power=18001,65
00:39:26.562 | SIM: mqtt1_gMqt/GPA6/T404=44,704357
00:39:26.562 | SIM: mqtt1_gMqt/GPA6/Hours=90000
00:39:27.649 | SIM: mqtt1_gMqt/ZAS/ZAS_Actual_Power=169,89787
00:39:27.649 | SIM: mqtt1_gMqt/GPA1/PPU_Gen_active_power=1176,4938
00:39:27.649 | SIM: mqtt1_gMqt/GPA1/PPU_Gen_counter_active_power=18001,969
00:39:27.650 | SIM: mqtt1_gMqt/GPA1/T404=45,184425
00:39:27.650 | SIM: mqtt1_gMqt/GPA1/Hours=90000
00:39:27.650 | SIM: mqtt1_gMqt/GPA2/PPU_Gen_active_power=1170,958
00:39:27.650 | SIM: mqtt1_gMqt/GPA2/PPU_Gen_counter_active_power=18001,967
00:39:27.650 | SIM: mqtt1_gMqt/GPA2/T404=44,837013
00:39:27.650 | SIM: mqtt1_gMqt/GPA2/Hours=90000
00:39:27.651 | SIM: mqtt1_gMqt/GPA3/PPU_Gen_active_power=1190,3864
00:39:27.651 | SIM: mqtt1_gMqt/GPA3/PPU_Gen_counter_active_power=18001,992
00:39:27.651 | SIM: mqtt1_gMqt/GPA3/T404=45,30898
00:39:27.651 | SIM: mqtt1_gMqt/GPA3/Hours=90000
00:39:27.651 | SIM: mqtt1_gMqt/GPA4/PPU_Gen_active_power=1200,6826
00:39:27.652 | SIM: mqtt1_gMqt/GPA4/PPU_Gen_counter_active_power=18002,002
00:39:27.652 | SIM: mqtt1_gMqt/GPA4/T404=45,602673
00:39:27.652 | SIM: mqtt1_gMqt/GPA4/Hours=90000
00:39:27.652 | SIM: mqtt1_gMqt/GPA5/PPU_Gen_active_power=1199,4382
00:39:27.652 | SIM: mqtt1_gMqt/GPA5/PPU_Gen_counter_active_power=18002,014
00:39:27.652 | SIM: mqtt1_gMqt/GPA5/T404=44,978462
00:39:27.653 | SIM: mqtt1_gMqt/GPA5/Hours=90000
00:39:27.653 | SIM: mqtt1_gMqt/GPA6/PPU_Gen_active_power=1184,2048
00:39:27.653 | SIM: mqtt1_gMqt/GPA6/PPU_Gen_counter_active_power=18001,979
00:39:27.653 | SIM: mqtt1_gMqt/GPA6/T404=44,70109
00:39:27.653 | SIM: mqtt1_gMqt/GPA6/Hours=90000
00:39:28.737 | SIM: mqtt1_gMqt/ZAS/ZAS_Actual_Power=172,13812
00:39:28.737 | SIM: mqtt1_gMqt/GPA1/PPU_Gen_active_power=1182,7882
00:39:28.737 | SIM: mqtt1_gMqt/GPA1/PPU_Gen_counter_active_power=18002,297
00:39:28.737 | SIM: mqtt1_gMqt/GPA1/T404=45,09106
00:39:28.738 | SIM: mqtt1_gMqt/GPA1/Hours=90000
00:39:28.738 | SIM: mqtt1_gMqt/GPA2/PPU_Gen_active_power=1168,5889
00:39:28.738 | SIM: mqtt1_gMqt/GPA2/PPU_Gen_counter_active_power=18002,291
00:39:28.738 | SIM: mqtt1_gMqt/GPA2/T404=45,020103
00:39:28.738 | SIM: mqtt1_gMqt/GPA2/Hours=90000
00:39:28.738 | SIM: mqtt1_gMqt/GPA3/PPU_Gen_active_power=1200,2181
00:39:28.739 | SIM: mqtt1_gMqt/GPA3/PPU_Gen_counter_active_power=18002,326
00:39:28.739 | SIM: mqtt1_gMqt/GPA3/T404=45,40405
00:39:28.739 | SIM: mqtt1_gMqt/GPA3/Hours=90000
00:39:28.739 | SIM: mqtt1_gMqt/GPA4/PPU_Gen_active_power=1203,3688
00:39:28.739 | SIM: mqtt1_gMqt/GPA4/PPU_Gen_counter_active_power=18002,336
00:39:28.739 | SIM: mqtt1_gMqt/GPA4/T404=45,55263
00:39:28.740 | SIM: mqtt1_gMqt/GPA4/Hours=90000
00:39:28.740 | SIM: mqtt1_gMqt/GPA5/PPU_Gen_active_power=1204,6564
00:39:28.740 | SIM: mqtt1_gMqt/GPA5/PPU_Gen_counter_active_power=18002,348
00:39:28.740 | SIM: mqtt1_gMqt/GPA5/T404=44,985928
00:39:28.740 | SIM: mqtt1_gMqt/GPA5/Hours=90000
00:39:28.740 | SIM: mqtt1_gMqt/GPA6/PPU_Gen_active_power=1179,148
00:39:28.740 | SIM: mqtt1_gMqt/GPA6/PPU_Gen_counter_active_power=18002,307
00:39:28.741 | SIM: mqtt1_gMqt/GPA6/T404=44,809082
00:39:28.741 | SIM: mqtt1_gMqt/GPA6/Hours=90000
00:39:29.839 | SIM: mqtt1_gMqt/ZAS/ZAS_Actual_Power=176,32156
00:39:29.839 | SIM: mqtt1_gMqt/GPA1/PPU_Gen_active_power=1190,7035
00:39:29.839 | SIM: mqtt1_gMqt/GPA1/PPU_Gen_counter_active_power=18002,627
00:39:29.839 | SIM: mqtt1_gMqt/GPA1/T404=45,287342
00:39:29.840 | SIM: mqtt1_gMqt/GPA1/Hours=90000
00:39:29.840 | SIM: mqtt1_gMqt/GPA2/PPU_Gen_active_power=1177,3512
00:39:29.840 | SIM: mqtt1_gMqt/GPA2/PPU_Gen_counter_active_power=18002,617
00:39:29.840 | SIM: mqtt1_gMqt/GPA2/T404=44,85885
00:39:29.840 | SIM: mqtt1_gMqt/GPA2/Hours=90000
00:39:29.840 | SIM: mqtt1_gMqt/GPA3/PPU_Gen_active_power=1192,4963
00:39:29.841 | SIM: mqtt1_gMqt/GPA3/PPU_Gen_counter_active_power=18002,658
00:39:29.841 | SIM: mqtt1_gMqt/GPA3/T404=45,381138
00:39:29.841 | SIM: mqtt1_gMqt/GPA3/Hours=90000
00:39:29.841 | SIM: mqtt1_gMqt/GPA4/PPU_Gen_active_power=1196,6849
00:39:29.841 | SIM: mqtt1_gMqt/GPA4/PPU_Gen_counter_active_power=18002,668
00:39:29.841 | SIM: mqtt1_gMqt/GPA4/T404=45,47133
00:39:29.842 | SIM: mqtt1_gMqt/GPA4/Hours=90000
00:39:29.842 | SIM: mqtt1_gMqt/GPA5/PPU_Gen_active_power=1197,6655
00:39:29.842 | SIM: mqtt1_gMqt/GPA5/PPU_Gen_counter_active_power=18002,68
00:39:29.842 | SIM: mqtt1_gMqt/GPA5/T404=45,149097
00:39:29.842 | SIM: mqtt1_gMqt/GPA5/Hours=90000
00:39:29.842 | SIM: mqtt1_gMqt/GPA6/PPU_Gen_active_power=1178,1836
00:39:29.843 | SIM: mqtt1_gMqt/GPA6/PPU_Gen_counter_active_power=18002,635
00:39:29.843 | SIM: mqtt1_gMqt/GPA6/T404=44,744698
00:39:29.843 | SIM: mqtt1_gMqt/GPA6/Hours=90000
00:39:30.933 | SIM: mqtt1_gMqt/ZAS/ZAS_Actual_Power=179,54323
00:39:30.933 | SIM: mqtt1_gMqt/GPA1/PPU_Gen_active_power=1194,5093
00:39:30.934 | SIM: mqtt1_gMqt/GPA1/PPU_Gen_counter_active_power=18002,959
00:39:30.934 | SIM: mqtt1_gMqt/GPA1/T404=45,267204
00:39:30.934 | SIM: mqtt1_gMqt/GPA1/Hours=90000
00:39:30.934 | SIM: mqtt1_gMqt/GPA2/PPU_Gen_active_power=1169,2357
00:39:30.934 | SIM: mqtt1_gMqt/GPA2/PPU_Gen_counter_active_power=18002,941
00:39:30.934 | SIM: mqtt1_gMqt/GPA2/T404=44,930183
00:39:30.935 | SIM: mqtt1_gMqt/GPA2/Hours=90000
00:39:30.935 | SIM: mqtt1_gMqt/GPA3/PPU_Gen_active_power=1187,1215
00:39:30.935 | SIM: mqtt1_gMqt/GPA3/PPU_Gen_counter_active_power=18002,988
00:39:30.935 | SIM: mqtt1_gMqt/GPA3/T404=45,460915
00:39:30.935 | SIM: mqtt1_gMqt/GPA3/Hours=90000
00:39:30.935 | SIM: mqtt1_gMqt/GPA4/PPU_Gen_active_power=1195,3389
00:39:30.936 | SIM: mqtt1_gMqt/GPA4/PPU_Gen_counter_active_power=18003
00:39:30.936 | SIM: mqtt1_gMqt/GPA4/T404=45,602352
00:39:30.936 | SIM: mqtt1_gMqt/GPA4/Hours=90000
00:39:30.936 | SIM: mqtt1_gMqt/GPA5/PPU_Gen_active_power=1192,5366
00:39:30.936 | SIM: mqtt1_gMqt/GPA5/PPU_Gen_counter_active_power=18003,012
00:39:30.936 | SIM: mqtt1_gMqt/GPA5/T404=44,971317
00:39:30.937 | SIM: mqtt1_gMqt/GPA5/Hours=90000
00:39:30.937 | SIM: mqtt1_gMqt/GPA6/PPU_Gen_active_power=1175,5458
00:39:30.937 | SIM: mqtt1_gMqt/GPA6/PPU_Gen_counter_active_power=18002,96
00:39:30.937 | SIM: mqtt1_gMqt/GPA6/T404=44,54058
00:39:30.937 | SIM: mqtt1_gMqt/GPA6/Hours=90000
00:39:32.026 | SIM: mqtt1_gMqt/ZAS/ZAS_Actual_Power=182,00739
00:39:32.027 | SIM: mqtt1_gMqt/GPA1/PPU_Gen_active_power=1189,4176
00:39:32.027 | SIM: mqtt1_gMqt/GPA1/PPU_Gen_counter_active_power=18003,29
00:39:32.027 | SIM: mqtt1_gMqt/GPA1/T404=45,03094
00:39:32.027 | SIM: mqtt1_gMqt/GPA1/Hours=90000
00:39:32.027 | SIM: mqtt1_gMqt/GPA2/PPU_Gen_active_power=1171,8855
00:39:32.028 | SIM: mqtt1_gMqt/GPA2/PPU_Gen_counter_active_power=18003,268
00:39:32.028 | SIM: mqtt1_gMqt/GPA2/T404=44,720146
00:39:32.028 | SIM: mqtt1_gMqt/GPA2/Hours=90000
00:39:32.028 | SIM: mqtt1_gMqt/GPA3/PPU_Gen_active_power=1187,4956
00:39:32.028 | SIM: mqtt1_gMqt/GPA3/PPU_Gen_counter_active_power=18003,318
00:39:32.028 | SIM: mqtt1_gMqt/GPA3/T404=45,68328
00:39:32.029 | SIM: mqtt1_gMqt/GPA3/Hours=90000
00:39:32.029 | SIM: mqtt1_gMqt/GPA4/PPU_Gen_active_power=1197,3468
00:39:32.029 | SIM: mqtt1_gMqt/GPA4/PPU_Gen_counter_active_power=18003,332
00:39:32.029 | SIM: mqtt1_gMqt/GPA4/T404=45,71349
00:39:32.029 | SIM: mqtt1_gMqt/GPA4/Hours=90000
00:39:32.029 | SIM: mqtt1_gMqt/GPA5/PPU_Gen_active_power=1194,2528
00:39:32.030 | SIM: mqtt1_gMqt/GPA5/PPU_Gen_counter_active_power=18003,344
00:39:32.030 | SIM: mqtt1_gMqt/GPA5/T404=44,86589
00:39:32.030 | SIM: mqtt1_gMqt/GPA5/Hours=90000
00:39:32.030 | SIM: mqtt1_gMqt/GPA6/PPU_Gen_active_power=1167,4033
00:39:32.030 | SIM: mqtt1_gMqt/GPA6/PPU_Gen_counter_active_power=18003,285
00:39:32.030 | SIM: mqtt1_gMqt/GPA6/T404=44,690403
00:39:32.031 | SIM: mqtt1_gMqt/GPA6/Hours=90000
00:39:33.123 | SIM: mqtt1_gMqt/ZAS/ZAS_Actual_Power=183,8163
00:39:33.123 | SIM: mqtt1_gMqt/GPA1/PPU_Gen_active_power=1195,4032
00:39:33.124 | SIM: mqtt1_gMqt/GPA1/PPU_Gen_counter_active_power=18003,621
00:39:33.124 | SIM: mqtt1_gMqt/GPA1/T404=44,913383
00:39:33.124 | SIM: mqtt1_gMqt/GPA1/Hours=90000
00:39:33.124 | SIM: mqtt1_gMqt/GPA2/PPU_Gen_active_power=1175,0065
00:39:33.124 | SIM: mqtt1_gMqt/GPA2/PPU_Gen_counter_active_power=18003,594
00:39:33.124 | SIM: mqtt1_gMqt/GPA2/T404=44,80703
00:39:33.124 | SIM: mqtt1_gMqt/GPA2/Hours=90000
00:39:33.125 | SIM: mqtt1_gMqt/GPA3/PPU_Gen_active_power=1197,1892
00:39:33.125 | SIM: mqtt1_gMqt/GPA3/PPU_Gen_counter_active_power=18003,65
00:39:33.125 | SIM: mqtt1_gMqt/GPA3/T404=45,657722
00:39:33.125 | SIM: mqtt1_gMqt/GPA3/Hours=90000
00:39:33.125 | SIM: mqtt1_gMqt/GPA4/PPU_Gen_active_power=1201,8204
00:39:33.125 | SIM: mqtt1_gMqt/GPA4/PPU_Gen_counter_active_power=18003,666
00:39:33.125 | SIM: mqtt1_gMqt/GPA4/T404=45,700653
00:39:33.125 | SIM: mqtt1_gMqt/GPA4/Hours=90000
00:39:33.126 | SIM: mqtt1_gMqt/GPA5/PPU_Gen_active_power=1203,7418
00:39:33.126 | SIM: mqtt1_gMqt/GPA5/PPU_Gen_counter_active_power=18003,678
00:39:33.126 | SIM: mqtt1_gMqt/GPA5/T404=44,773212
00:39:33.126 | SIM: mqtt1_gMqt/GPA5/Hours=90000
00:39:33.126 | SIM: mqtt1_gMqt/GPA6/PPU_Gen_active_power=1163,0544
00:39:33.126 | SIM: mqtt1_gMqt/GPA6/PPU_Gen_counter_active_power=18003,607
00:39:33.126 | SIM: mqtt1_gMqt/GPA6/T404=44,787407
00:39:33.127 | SIM: mqtt1_gMqt/GPA6/Hours=90000
00:39:34.219 | SIM: mqtt1_gMqt/ZAS/ZAS_Actual_Power=184,77191
00:39:34.219 | SIM: mqtt1_gMqt/GPA1/PPU_Gen_active_power=1188,9393
00:39:34.219 | SIM: mqtt1_gMqt/GPA1/PPU_Gen_counter_active_power=18003,951
00:39:34.220 | SIM: mqtt1_gMqt/GPA1/T404=44,81765
00:39:34.221 | SIM: mqtt1_gMqt/GPA1/Hours=90000
00:39:34.221 | SIM: mqtt1_gMqt/GPA2/PPU_Gen_active_power=1179,1725
00:39:34.221 | SIM: mqtt1_gMqt/GPA2/PPU_Gen_counter_active_power=18003,922
00:39:34.221 | SIM: mqtt1_gMqt/GPA2/T404=44,61127
00:39:34.221 | SIM: mqtt1_gMqt/GPA2/Hours=90000
00:39:34.222 | SIM: mqtt1_gMqt/GPA3/PPU_Gen_active_power=1198,029
00:39:34.222 | SIM: mqtt1_gMqt/GPA3/PPU_Gen_counter_active_power=18003,982
00:39:34.222 | SIM: mqtt1_gMqt/GPA3/T404=45,805313
00:39:34.222 | SIM: mqtt1_gMqt/GPA3/Hours=90000
00:39:34.222 | SIM: mqtt1_gMqt/GPA4/PPU_Gen_active_power=1208,1023
00:39:34.222 | SIM: mqtt1_gMqt/GPA4/PPU_Gen_counter_active_power=18004,002
00:39:34.223 | SIM: mqtt1_gMqt/GPA4/T404=45,94984
00:39:34.223 | SIM: mqtt1_gMqt/GPA4/Hours=90000
00:39:34.223 | SIM: mqtt1_gMqt/GPA5/PPU_Gen_active_power=1197,0818
00:39:34.223 | SIM: mqtt1_gMqt/GPA5/PPU_Gen_counter_active_power=18004,01
00:39:34.223 | SIM: mqtt1_gMqt/GPA5/T404=44,9236
00:39:34.223 | SIM: mqtt1_gMqt/GPA5/Hours=90000
00:39:34.223 | SIM: mqtt1_gMqt/GPA6/PPU_Gen_active_power=1155,5914
00:39:34.224 | SIM: mqtt1_gMqt/GPA6/PPU_Gen_counter_active_power=18003,928
00:39:34.224 | SIM: mqtt1_gMqt/GPA6/T404=44,965767
00:39:34.224 | SIM: mqtt1_gMqt/GPA6/Hours=90000
00:39:35.331 | SIM: mqtt1_gMqt/ZAS/ZAS_Actual_Power=186,04953
00:39:35.331 | SIM: mqtt1_gMqt/GPA1/PPU_Gen_active_power=1181,966
00:39:35.331 | SIM: mqtt1_gMqt/GPA1/PPU_Gen_counter_active_power=18004,28
00:39:35.332 | SIM: mqtt1_gMqt/GPA1/T404=44,961807
00:39:35.332 | SIM: mqtt1_gMqt/GPA1/Hours=90000
00:39:35.332 | SIM: mqtt1_gMqt/GPA2/PPU_Gen_active_power=1186,6703
00:39:35.332 | SIM: mqtt1_gMqt/GPA2/PPU_Gen_counter_active_power=18004,252
00:39:35.332 | SIM: mqtt1_gMqt/GPA2/T404=44,398937
00:39:35.333 | SIM: mqtt1_gMqt/GPA2/Hours=90000
00:39:35.333 | SIM: mqtt1_gMqt/GPA3/PPU_Gen_active_power=1203,2227
00:39:35.333 | SIM: mqtt1_gMqt/GPA3/PPU_Gen_counter_active_power=18004,316
00:39:35.333 | SIM: mqtt1_gMqt/GPA3/T404=45,75807
00:39:35.333 | SIM: mqtt1_gMqt/GPA3/Hours=90000
00:39:35.333 | SIM: mqtt1_gMqt/GPA4/PPU_Gen_active_power=1212,3348
00:39:35.333 | SIM: mqtt1_gMqt/GPA4/PPU_Gen_counter_active_power=18004,338
00:39:35.334 | SIM: mqtt1_gMqt/GPA4/T404=45,952793
00:39:35.334 | SIM: mqtt1_gMqt/GPA4/Hours=90000
00:39:35.334 | SIM: mqtt1_gMqt/GPA5/PPU_Gen_active_power=1206,059
00:39:35.334 | SIM: mqtt1_gMqt/GPA5/PPU_Gen_counter_active_power=18004,346
00:39:35.334 | SIM: mqtt1_gMqt/GPA5/T404=45,16072
00:39:35.334 | SIM: mqtt1_gMqt/GPA5/Hours=90000
00:39:35.334 | SIM: mqtt1_gMqt/GPA6/PPU_Gen_active_power=1150,0177
00:39:35.335 | SIM: mqtt1_gMqt/GPA6/PPU_Gen_counter_active_power=18004,248
00:39:35.335 | SIM: mqtt1_gMqt/GPA6/T404=45,02887
00:39:35.335 | SIM: mqtt1_gMqt/GPA6/Hours=90000
00:39:36.435 | SIM: mqtt1_gMqt/ZAS/ZAS_Actual_Power=188,64447
00:39:36.436 | SIM: mqtt1_gMqt/GPA1/PPU_Gen_active_power=1176,538
00:39:36.436 | SIM: mqtt1_gMqt/GPA1/PPU_Gen_counter_active_power=18004,605
00:39:36.436 | SIM: mqtt1_gMqt/GPA1/T404=44,864594
00:39:36.436 | SIM: mqtt1_gMqt/GPA1/Hours=90000
00:39:36.436 | SIM: mqtt1_gMqt/GPA2/PPU_Gen_active_power=1181,9324
00:39:36.436 | SIM: mqtt1_gMqt/GPA2/PPU_Gen_counter_active_power=18004,58
00:39:36.436 | SIM: mqtt1_gMqt/GPA2/T404=44,5999
00:39:36.437 | SIM: mqtt1_gMqt/GPA2/Hours=90000
00:39:36.437 | SIM: mqtt1_gMqt/GPA3/PPU_Gen_active_power=1207,6345
00:39:36.437 | SIM: mqtt1_gMqt/GPA3/PPU_Gen_counter_active_power=18004,652
00:39:36.437 | SIM: mqtt1_gMqt/GPA3/T404=45,927353
00:39:36.437 | SIM: mqtt1_gMqt/GPA3/Hours=90000
00:39:36.438 | SIM: mqtt1_gMqt/GPA4/PPU_Gen_active_power=1209,9708
00:39:36.438 | SIM: mqtt1_gMqt/GPA4/PPU_Gen_counter_active_power=18004,674
00:39:36.438 | SIM: mqtt1_gMqt/GPA4/T404=45,881535
00:39:36.438 | SIM: mqtt1_gMqt/GPA4/Hours=90000
00:39:36.438 | SIM: mqtt1_gMqt/GPA5/PPU_Gen_active_power=1203,1907
00:39:36.438 | SIM: mqtt1_gMqt/GPA5/PPU_Gen_counter_active_power=18004,68
00:39:36.438 | SIM: mqtt1_gMqt/GPA5/T404=45,205364
00:39:36.439 | SIM: mqtt1_gMqt/GPA5/Hours=90000
00:39:36.439 | SIM: mqtt1_gMqt/GPA6/PPU_Gen_active_power=1150,6459
00:39:36.439 | SIM: mqtt1_gMqt/GPA6/PPU_Gen_counter_active_power=18004,568
00:39:36.439 | SIM: mqtt1_gMqt/GPA6/T404=45,091217
00:39:36.439 | SIM: mqtt1_gMqt/GPA6/Hours=90000
00:39:37.592 | SIM: mqtt1_gMqt/ZAS/ZAS_Actual_Power=188,1469
00:39:37.593 | SIM: mqtt1_gMqt/GPA1/PPU_Gen_active_power=1185,4153
00:39:37.593 | SIM: mqtt1_gMqt/GPA1/PPU_Gen_counter_active_power=18004,936
00:39:37.593 | SIM: mqtt1_gMqt/GPA1/T404=44,97646
00:39:37.593 | SIM: mqtt1_gMqt/GPA1/Hours=90000
00:39:37.594 | SIM: mqtt1_gMqt/GPA2/PPU_Gen_active_power=1173,3011
00:39:37.594 | SIM: mqtt1_gMqt/GPA2/PPU_Gen_counter_active_power=18004,906
00:39:37.594 | SIM: mqtt1_gMqt/GPA2/T404=44,526814
00:39:37.594 | SIM: mqtt1_gMqt/GPA2/Hours=90000
00:39:37.595 | SIM: mqtt1_gMqt/GPA3/PPU_Gen_active_power=1208,139
00:39:37.595 | SIM: mqtt1_gMqt/GPA3/PPU_Gen_counter_active_power=18004,988
00:39:37.595 | SIM: mqtt1_gMqt/GPA3/T404=45,692654
00:39:37.595 | SIM: mqtt1_gMqt/GPA3/Hours=90000
00:39:37.595 | SIM: mqtt1_gMqt/GPA4/PPU_Gen_active_power=1201,1525
00:39:37.596 | SIM: mqtt1_gMqt/GPA4/PPU_Gen_counter_active_power=18005,008
00:39:37.596 | SIM: mqtt1_gMqt/GPA4/T404=46,003128
00:39:37.596 | SIM: mqtt1_gMqt/GPA4/Hours=90000
00:39:37.596 | SIM: mqtt1_gMqt/GPA5/PPU_Gen_active_power=1193,9933
00:39:37.596 | SIM: mqtt1_gMqt/GPA5/PPU_Gen_counter_active_power=18005,012
00:39:37.596 | SIM: mqtt1_gMqt/GPA5/T404=45,284695
00:39:37.597 | SIM: mqtt1_gMqt/GPA5/Hours=90000
00:39:37.597 | SIM: mqtt1_gMqt/GPA6/PPU_Gen_active_power=1142,2849
00:39:37.597 | SIM: mqtt1_gMqt/GPA6/PPU_Gen_counter_active_power=18004,885
00:39:37.597 | SIM: mqtt1_gMqt/GPA6/T404=45,106167
00:39:37.598 | SIM: mqtt1_gMqt/GPA6/Hours=90000
00:39:38.679 | SIM: mqtt1_gMqt/ZAS/ZAS_Actual_Power=189,71912
00:39:38.680 | SIM: mqtt1_gMqt/GPA1/PPU_Gen_active_power=1194,8948
00:39:38.680 | SIM: mqtt1_gMqt/GPA1/PPU_Gen_counter_active_power=18005,268
00:39:38.680 | SIM: mqtt1_gMqt/GPA1/T404=44,89149
00:39:38.680 | SIM: mqtt1_gMqt/GPA1/Hours=90000
00:39:38.680 | SIM: mqtt1_gMqt/GPA2/PPU_Gen_active_power=1172,9003
00:39:38.681 | SIM: mqtt1_gMqt/GPA2/PPU_Gen_counter_active_power=18005,232
00:39:38.681 | SIM: mqtt1_gMqt/GPA2/T404=44,520386
00:39:38.681 | SIM: mqtt1_gMqt/GPA2/Hours=90000
00:39:38.681 | SIM: mqtt1_gMqt/GPA3/PPU_Gen_active_power=1207,3846
00:39:38.681 | SIM: mqtt1_gMqt/GPA3/PPU_Gen_counter_active_power=18005,324
00:39:38.682 | SIM: mqtt1_gMqt/GPA3/T404=45,61203
00:39:38.682 | SIM: mqtt1_gMqt/GPA3/Hours=90000
00:39:38.682 | SIM: mqtt1_gMqt/GPA4/PPU_Gen_active_power=1193,785
00:39:38.682 | SIM: mqtt1_gMqt/GPA4/PPU_Gen_counter_active_power=18005,34
00:39:38.683 | SIM: mqtt1_gMqt/GPA4/T404=46,079227
00:39:38.683 | SIM: mqtt1_gMqt/GPA4/Hours=90000
00:39:38.683 | SIM: mqtt1_gMqt/GPA5/PPU_Gen_active_power=1187,2593
00:39:38.683 | SIM: mqtt1_gMqt/GPA5/PPU_Gen_counter_active_power=18005,342
00:39:38.683 | SIM: mqtt1_gMqt/GPA5/T404=45,08596
00:39:38.684 | SIM: mqtt1_gMqt/GPA5/Hours=90000
00:39:38.684 | SIM: mqtt1_gMqt/GPA6/PPU_Gen_active_power=1138,6381
00:39:38.684 | SIM: mqtt1_gMqt/GPA6/PPU_Gen_counter_active_power=18005,201
00:39:38.684 | SIM: mqtt1_gMqt/GPA6/T404=45,071224
00:39:38.684 | SIM: mqtt1_gMqt/GPA6/Hours=90000
00:39:39.775 | SIM: mqtt1_gMqt/ZAS/ZAS_Actual_Power=191,91217
00:39:39.775 | SIM: mqtt1_gMqt/GPA1/PPU_Gen_active_power=1195,7579
00:39:39.775 | SIM: mqtt1_gMqt/GPA1/PPU_Gen_counter_active_power=18005,6
00:39:39.776 | SIM: mqtt1_gMqt/GPA1/T404=44,98618
00:39:39.776 | SIM: mqtt1_gMqt/GPA1/Hours=90000
00:39:39.776 | SIM: mqtt1_gMqt/GPA2/PPU_Gen_active_power=1174,4437
00:39:39.776 | SIM: mqtt1_gMqt/GPA2/PPU_Gen_counter_active_power=18005,559
00:39:39.776 | SIM: mqtt1_gMqt/GPA2/T404=44,29609
00:39:39.776 | SIM: mqtt1_gMqt/GPA2/Hours=90000
00:39:39.777 | SIM: mqtt1_gMqt/GPA3/PPU_Gen_active_power=1204,1614
00:39:39.777 | SIM: mqtt1_gMqt/GPA3/PPU_Gen_counter_active_power=18005,658
00:39:39.777 | SIM: mqtt1_gMqt/GPA3/T404=45,680496
00:39:39.778 | SIM: mqtt1_gMqt/GPA3/Hours=90000
00:39:39.778 | SIM: mqtt1_gMqt/GPA4/PPU_Gen_active_power=1190,7628
00:39:39.778 | SIM: mqtt1_gMqt/GPA4/PPU_Gen_counter_active_power=18005,67
00:39:39.778 | SIM: mqtt1_gMqt/GPA4/T404=46,22136
00:39:39.778 | SIM: mqtt1_gMqt/GPA4/Hours=90000
00:39:39.778 | SIM: mqtt1_gMqt/GPA5/PPU_Gen_active_power=1190,3934
00:39:39.779 | SIM: mqtt1_gMqt/GPA5/PPU_Gen_counter_active_power=18005,672
00:39:39.779 | SIM: mqtt1_gMqt/GPA5/T404=45,30667
00:39:39.779 | SIM: mqtt1_gMqt/GPA5/Hours=90000
00:39:39.779 | SIM: mqtt1_gMqt/GPA6/PPU_Gen_active_power=1137,7085
00:39:39.779 | SIM: mqtt1_gMqt/GPA6/PPU_Gen_counter_active_power=18005,518
00:39:39.780 | SIM: mqtt1_gMqt/GPA6/T404=44,865353
00:39:39.780 | SIM: mqtt1_gMqt/GPA6/Hours=90000
00:39:40.867 | SIM: mqtt1_gMqt/ZAS/ZAS_Actual_Power=194,10735
00:39:40.867 | SIM: mqtt1_gMqt/GPA1/PPU_Gen_active_power=1204,1324
00:39:40.868 | SIM: mqtt1_gMqt/GPA1/PPU_Gen_counter_active_power=18005,934
00:39:40.869 | SIM: mqtt1_gMqt/GPA1/T404=45,064083
00:39:40.869 | SIM: mqtt1_gMqt/GPA1/Hours=90000
00:39:40.869 | SIM: mqtt1_gMqt/GPA2/PPU_Gen_active_power=1170,4835
00:39:40.869 | SIM: mqtt1_gMqt/GPA2/PPU_Gen_counter_active_power=18005,883
00:39:40.870 | SIM: mqtt1_gMqt/GPA2/T404=44,526752
00:39:40.870 | SIM: mqtt1_gMqt/GPA2/Hours=90000
00:39:40.870 | SIM: mqtt1_gMqt/GPA3/PPU_Gen_active_power=1201,0316
00:39:40.871 | SIM: mqtt1_gMqt/GPA3/PPU_Gen_counter_active_power=18005,992
00:39:40.871 | SIM: mqtt1_gMqt/GPA3/T404=45,64926
00:39:40.871 | SIM: mqtt1_gMqt/GPA3/Hours=90000
00:39:40.871 | SIM: mqtt1_gMqt/GPA4/PPU_Gen_active_power=1181,1166
00:39:40.872 | SIM: mqtt1_gMqt/GPA4/PPU_Gen_counter_active_power=18005,998
00:39:40.872 | SIM: mqtt1_gMqt/GPA4/T404=46,46812
00:39:40.872 | SIM: mqtt1_gMqt/GPA4/Hours=90000
00:39:40.872 | SIM: mqtt1_gMqt/GPA5/PPU_Gen_active_power=1184,8754
00:39:40.873 | SIM: mqtt1_gMqt/GPA5/PPU_Gen_counter_active_power=18006,002
00:39:40.873 | SIM: mqtt1_gMqt/GPA5/T404=45,22953
00:39:40.873 | SIM: mqtt1_gMqt/GPA5/Hours=90000
00:39:40.873 | SIM: mqtt1_gMqt/GPA6/PPU_Gen_active_power=1139,2599
00:39:40.873 | SIM: mqtt1_gMqt/GPA6/PPU_Gen_counter_active_power=18005,834
00:39:40.874 | SIM: mqtt1_gMqt/GPA6/T404=45,05076
00:39:40.874 | SIM: mqtt1_gMqt/GPA6/Hours=90000
00:39:41.971 | SIM: mqtt1_gMqt/ZAS/ZAS_Actual_Power=193,43634
00:39:41.972 | SIM: mqtt1_gMqt/GPA1/PPU_Gen_active_power=1202,8438
00:39:41.972 | SIM: mqtt1_gMqt/GPA1/PPU_Gen_counter_active_power=18006,268
00:39:41.973 | SIM: mqtt1_gMqt/GPA1/T404=45,128696
00:39:41.973 | SIM: mqtt1_gMqt/GPA1/Hours=90000
00:39:41.973 | SIM: mqtt1_gMqt/GPA2/PPU_Gen_active_power=1168,9309
00:39:41.973 | SIM: mqtt1_gMqt/GPA2/PPU_Gen_counter_active_power=18006,207
00:39:41.974 | SIM: mqtt1_gMqt/GPA2/T404=44,57611
00:39:41.974 | SIM: mqtt1_gMqt/GPA2/Hours=90000
00:39:41.974 | SIM: mqtt1_gMqt/GPA3/PPU_Gen_active_power=1207,8264
00:39:41.974 | SIM: mqtt1_gMqt/GPA3/PPU_Gen_counter_active_power=18006,328
00:39:41.974 | SIM: mqtt1_gMqt/GPA3/T404=45,78449
00:39:41.974 | SIM: mqtt1_gMqt/GPA3/Hours=90000
00:39:41.975 | SIM: mqtt1_gMqt/GPA4/PPU_Gen_active_power=1189,6754
00:39:41.975 | SIM: mqtt1_gMqt/GPA4/PPU_Gen_counter_active_power=18006,328
00:39:41.975 | SIM: mqtt1_gMqt/GPA4/T404=46,63839
00:39:41.975 | SIM: mqtt1_gMqt/GPA4/Hours=90000
00:39:41.975 | SIM: mqtt1_gMqt/GPA5/PPU_Gen_active_power=1189,9849
00:39:41.975 | SIM: mqtt1_gMqt/GPA5/PPU_Gen_counter_active_power=18006,332
00:39:41.976 | SIM: mqtt1_gMqt/GPA5/T404=45,210606
00:39:41.976 | SIM: mqtt1_gMqt/GPA5/Hours=90000
00:39:41.976 | SIM: mqtt1_gMqt/GPA6/PPU_Gen_active_power=1137,8594
00:39:41.976 | SIM: mqtt1_gMqt/GPA6/PPU_Gen_counter_active_power=18006,15
00:39:41.976 | SIM: mqtt1_gMqt/GPA6/T404=44,818134
00:39:41.976 | SIM: mqtt1_gMqt/GPA6/Hours=90000
00:39:43.105 | SIM: mqtt1_gMqt/ZAS/ZAS_Actual_Power=194,2819
00:39:43.105 | SIM: mqtt1_gMqt/GPA1/PPU_Gen_active_power=1204,3734
00:39:43.106 | SIM: mqtt1_gMqt/GPA1/PPU_Gen_counter_active_power=18006,602
00:39:43.106 | SIM: mqtt1_gMqt/GPA1/T404=45,18019
00:39:43.106 | SIM: mqtt1_gMqt/GPA1/Hours=90000
00:39:43.106 | SIM: mqtt1_gMqt/GPA2/PPU_Gen_active_power=1172,4398
00:39:43.107 | SIM: mqtt1_gMqt/GPA2/PPU_Gen_counter_active_power=18006,533
00:39:43.107 | SIM: mqtt1_gMqt/GPA2/T404=44,519135
00:39:43.107 | SIM: mqtt1_gMqt/GPA2/Hours=90000
00:39:43.107 | SIM: mqtt1_gMqt/GPA3/PPU_Gen_active_power=1203,6227
00:39:43.107 | SIM: mqtt1_gMqt/GPA3/PPU_Gen_counter_active_power=18006,662
00:39:43.108 | SIM: mqtt1_gMqt/GPA3/T404=45,935677
00:39:43.108 | SIM: mqtt1_gMqt/GPA3/Hours=90000
00:39:43.108 | SIM: mqtt1_gMqt/GPA4/PPU_Gen_active_power=1180,9105
00:39:43.108 | SIM: mqtt1_gMqt/GPA4/PPU_Gen_counter_active_power=18006,656
00:39:43.108 | SIM: mqtt1_gMqt/GPA4/T404=46,5203
00:39:43.109 | SIM: mqtt1_gMqt/GPA4/Hours=90000
00:39:43.109 | SIM: mqtt1_gMqt/GPA5/PPU_Gen_active_power=1186,5282
00:39:43.109 | SIM: mqtt1_gMqt/GPA5/PPU_Gen_counter_active_power=18006,662
00:39:43.109 | SIM: mqtt1_gMqt/GPA5/T404=45,124313
00:39:43.110 | SIM: mqtt1_gMqt/GPA5/Hours=90000
00:39:43.110 | SIM: mqtt1_gMqt/GPA6/PPU_Gen_active_power=1139,9111
00:39:43.110 | SIM: mqtt1_gMqt/GPA6/PPU_Gen_counter_active_power=18006,467
00:39:43.110 | SIM: mqtt1_gMqt/GPA6/T404=44,840725
00:39:43.110 | SIM: mqtt1_gMqt/GPA6/Hours=90000
00:39:44.206 | SIM: mqtt1_gMqt/ZAS/ZAS_Actual_Power=193,17642
00:39:44.206 | SIM: mqtt1_gMqt/GPA1/PPU_Gen_active_power=1194,5049
00:39:44.207 | SIM: mqtt1_gMqt/GPA1/PPU_Gen_counter_active_power=18006,934
00:39:44.207 | SIM: mqtt1_gMqt/GPA1/T404=44,93232
00:39:44.207 | SIM: mqtt1_gMqt/GPA1/Hours=90000
00:39:44.207 | SIM: mqtt1_gMqt/GPA2/PPU_Gen_active_power=1173,1371
00:39:44.208 | SIM: mqtt1_gMqt/GPA2/PPU_Gen_counter_active_power=18006,86
00:39:44.208 | SIM: mqtt1_gMqt/GPA2/T404=44,75104
00:39:44.208 | SIM: mqtt1_gMqt/GPA2/Hours=90000
00:39:44.208 | SIM: mqtt1_gMqt/GPA3/PPU_Gen_active_power=1213,5519
00:39:44.209 | SIM: mqtt1_gMqt/GPA3/PPU_Gen_counter_active_power=18007
00:39:44.209 | SIM: mqtt1_gMqt/GPA3/T404=45,863808
00:39:44.209 | SIM: mqtt1_gMqt/GPA3/Hours=90000
00:39:44.209 | SIM: mqtt1_gMqt/GPA4/PPU_Gen_active_power=1186,5963
00:39:44.209 | SIM: mqtt1_gMqt/GPA4/PPU_Gen_counter_active_power=18006,986
00:39:44.210 | SIM: mqtt1_gMqt/GPA4/T404=46,389923
00:39:44.210 | SIM: mqtt1_gMqt/GPA4/Hours=90000
00:39:44.210 | SIM: mqtt1_gMqt/GPA5/PPU_Gen_active_power=1181,2975
00:39:44.210 | SIM: mqtt1_gMqt/GPA5/PPU_Gen_counter_active_power=18006,99
00:39:44.211 | SIM: mqtt1_gMqt/GPA5/T404=45,00117
00:39:44.211 | SIM: mqtt1_gMqt/GPA5/Hours=90000
00:39:44.211 | SIM: mqtt1_gMqt/GPA6/PPU_Gen_active_power=1144,5363
00:39:44.211 | SIM: mqtt1_gMqt/GPA6/PPU_Gen_counter_active_power=18006,785
00:39:44.211 | SIM: mqtt1_gMqt/GPA6/T404=45,026833
00:39:44.211 | SIM: mqtt1_gMqt/GPA6/Hours=90000
00:39:45.301 | SIM: mqtt1_gMqt/ZAS/ZAS_Actual_Power=192,72015
00:39:45.302 | SIM: mqtt1_gMqt/GPA1/PPU_Gen_active_power=1194,3951
00:39:45.302 | SIM: mqtt1_gMqt/GPA1/PPU_Gen_counter_active_power=18007,266
00:39:45.302 | SIM: mqtt1_gMqt/GPA1/T404=45,048386
00:39:45.303 | SIM: mqtt1_gMqt/GPA1/Hours=90000
00:39:45.303 | SIM: mqtt1_gMqt/GPA2/PPU_Gen_active_power=1178,4266
00:39:45.303 | SIM: mqtt1_gMqt/GPA2/PPU_Gen_counter_active_power=18007,188
00:39:45.303 | SIM: mqtt1_gMqt/GPA2/T404=44,635906
00:39:45.303 | SIM: mqtt1_gMqt/GPA2/Hours=90000
00:39:45.304 | SIM: mqtt1_gMqt/GPA3/PPU_Gen_active_power=1214,7607
00:39:45.304 | SIM: mqtt1_gMqt/GPA3/PPU_Gen_counter_active_power=18007,338
00:39:45.304 | SIM: mqtt1_gMqt/GPA3/T404=45,970062
00:39:45.304 | SIM: mqtt1_gMqt/GPA3/Hours=90000
00:39:45.304 | SIM: mqtt1_gMqt/GPA4/PPU_Gen_active_power=1184,4418
00:39:45.305 | SIM: mqtt1_gMqt/GPA4/PPU_Gen_counter_active_power=18007,314
00:39:45.305 | SIM: mqtt1_gMqt/GPA4/T404=46,456425
00:39:45.305 | SIM: mqtt1_gMqt/GPA4/Hours=90000
00:39:45.305 | SIM: mqtt1_gMqt/GPA5/PPU_Gen_active_power=1180,307
00:39:45.305 | SIM: mqtt1_gMqt/GPA5/PPU_Gen_counter_active_power=18007,318
00:39:45.305 | SIM: mqtt1_gMqt/GPA5/T404=44,906353
00:39:45.306 | SIM: mqtt1_gMqt/GPA5/Hours=90000
00:39:45.306 | SIM: mqtt1_gMqt/GPA6/PPU_Gen_active_power=1145,67
00:39:45.306 | SIM: mqtt1_gMqt/GPA6/PPU_Gen_counter_active_power=18007,104
00:39:45.307 | SIM: mqtt1_gMqt/GPA6/T404=45,11661
00:39:45.307 | SIM: mqtt1_gMqt/GPA6/Hours=90000
00:39:46.401 | SIM: mqtt1_gMqt/ZAS/ZAS_Actual_Power=194,38628
00:39:46.401 | SIM: mqtt1_gMqt/GPA1/PPU_Gen_active_power=1192,7354
00:39:46.401 | SIM: mqtt1_gMqt/GPA1/PPU_Gen_counter_active_power=18007,598
00:39:46.401 | SIM: mqtt1_gMqt/GPA1/T404=44,831646
00:39:46.402 | SIM: mqtt1_gMqt/GPA1/Hours=90000
00:39:46.402 | SIM: mqtt1_gMqt/GPA2/PPU_Gen_active_power=1181,3146
00:39:46.402 | SIM: mqtt1_gMqt/GPA2/PPU_Gen_counter_active_power=18007,516
00:39:46.402 | SIM: mqtt1_gMqt/GPA2/T404=44,5031
00:39:46.402 | SIM: mqtt1_gMqt/GPA2/Hours=90000
00:39:46.402 | SIM: mqtt1_gMqt/GPA3/PPU_Gen_active_power=1213,0702
00:39:46.403 | SIM: mqtt1_gMqt/GPA3/PPU_Gen_counter_active_power=18007,676
00:39:46.403 | SIM: mqtt1_gMqt/GPA3/T404=45,996525
00:39:46.403 | SIM: mqtt1_gMqt/GPA3/Hours=90000
00:39:46.403 | SIM: mqtt1_gMqt/GPA4/PPU_Gen_active_power=1187,676
00:39:46.403 | SIM: mqtt1_gMqt/GPA4/PPU_Gen_counter_active_power=18007,645
00:39:46.403 | SIM: mqtt1_gMqt/GPA4/T404=46,61575
00:39:46.404 | SIM: mqtt1_gMqt/GPA4/Hours=90000
00:39:46.404 | SIM: mqtt1_gMqt/GPA5/PPU_Gen_active_power=1174,3773
00:39:46.404 | SIM: mqtt1_gMqt/GPA5/PPU_Gen_counter_active_power=18007,645
00:39:46.404 | SIM: mqtt1_gMqt/GPA5/T404=45,136135
00:39:46.404 | SIM: mqtt1_gMqt/GPA5/Hours=90000
00:39:46.405 | SIM: mqtt1_gMqt/GPA6/PPU_Gen_active_power=1137,5355
00:39:46.405 | SIM: mqtt1_gMqt/GPA6/PPU_Gen_counter_active_power=18007,42
00:39:46.405 | SIM: mqtt1_gMqt/GPA6/T404=45,359512
00:39:46.406 | SIM: mqtt1_gMqt/GPA6/Hours=90000
00:39:47.493 | SIM: mqtt1_gMqt/ZAS/ZAS_Actual_Power=195,4712
00:39:47.494 | SIM: mqtt1_gMqt/GPA1/PPU_Gen_active_power=1195,2003
00:39:47.494 | SIM: mqtt1_gMqt/GPA1/PPU_Gen_counter_active_power=18007,93
00:39:47.494 | SIM: mqtt1_gMqt/GPA1/T404=44,791992
00:39:47.495 | SIM: mqtt1_gMqt/GPA1/Hours=90000
00:39:47.495 | SIM: mqtt1_gMqt/GPA2/PPU_Gen_active_power=1187,2195
00:39:47.495 | SIM: mqtt1_gMqt/GPA2/PPU_Gen_counter_active_power=18007,846
00:39:47.495 | SIM: mqtt1_gMqt/GPA2/T404=44,492867
00:39:47.495 | SIM: mqtt1_gMqt/GPA2/Hours=90000
00:39:47.496 | SIM: mqtt1_gMqt/GPA3/PPU_Gen_active_power=1211,7328
00:39:47.496 | SIM: mqtt1_gMqt/GPA3/PPU_Gen_counter_active_power=18008,012
00:39:47.496 | SIM: mqtt1_gMqt/GPA3/T404=46,217926
00:39:47.496 | SIM: mqtt1_gMqt/GPA3/Hours=90000
00:39:47.496 | SIM: mqtt1_gMqt/GPA4/PPU_Gen_active_power=1195,5985
00:39:47.496 | SIM: mqtt1_gMqt/GPA4/PPU_Gen_counter_active_power=18007,977
00:39:47.496 | SIM: mqtt1_gMqt/GPA4/T404=46,784306
00:39:47.497 | SIM: mqtt1_gMqt/GPA4/Hours=90000
00:39:47.497 | SIM: mqtt1_gMqt/GPA5/PPU_Gen_active_power=1183,0847
00:39:47.497 | SIM: mqtt1_gMqt/GPA5/PPU_Gen_counter_active_power=18007,973
00:39:47.497 | SIM: mqtt1_gMqt/GPA5/T404=45,321445
00:39:47.497 | SIM: mqtt1_gMqt/GPA5/Hours=90000
00:39:47.497 | SIM: mqtt1_gMqt/GPA6/PPU_Gen_active_power=1131,2982
00:39:47.498 | SIM: mqtt1_gMqt/GPA6/PPU_Gen_counter_active_power=18007,734
00:39:47.498 | SIM: mqtt1_gMqt/GPA6/T404=45,316765
00:39:47.498 | SIM: mqtt1_gMqt/GPA6/Hours=90000
00:39:48.585 | SIM: mqtt1_gMqt/ZAS/ZAS_Actual_Power=194,12108
00:39:48.585 | SIM: mqtt1_gMqt/GPA1/PPU_Gen_active_power=1188,6987
00:39:48.585 | SIM: mqtt1_gMqt/GPA1/PPU_Gen_counter_active_power=18008,26
00:39:48.586 | SIM: mqtt1_gMqt/GPA1/T404=44,605892
00:39:48.586 | SIM: mqtt1_gMqt/GPA1/Hours=90000
00:39:48.586 | SIM: mqtt1_gMqt/GPA2/PPU_Gen_active_power=1180,8403
00:39:48.587 | SIM: mqtt1_gMqt/GPA2/PPU_Gen_counter_active_power=18008,174
00:39:48.587 | SIM: mqtt1_gMqt/GPA2/T404=44,581688
00:39:48.587 | SIM: mqtt1_gMqt/GPA2/Hours=90000
00:39:48.587 | SIM: mqtt1_gMqt/GPA3/PPU_Gen_active_power=1203,1101
00:39:48.589 | SIM: mqtt1_gMqt/GPA3/PPU_Gen_counter_active_power=18008,346
00:39:48.589 | SIM: mqtt1_gMqt/GPA3/T404=46,33004
00:39:48.589 | SIM: mqtt1_gMqt/GPA3/Hours=90000
00:39:48.589 | SIM: mqtt1_gMqt/GPA4/PPU_Gen_active_power=1205,2711
00:39:48.589 | SIM: mqtt1_gMqt/GPA4/PPU_Gen_counter_active_power=18008,31
00:39:48.590 | SIM: mqtt1_gMqt/GPA4/T404=46,976486
00:39:48.590 | SIM: mqtt1_gMqt/GPA4/Hours=90000
00:39:48.590 | SIM: mqtt1_gMqt/GPA5/PPU_Gen_active_power=1180,8586
00:39:48.590 | SIM: mqtt1_gMqt/GPA5/PPU_Gen_counter_active_power=18008,3
00:39:48.590 | SIM: mqtt1_gMqt/GPA5/T404=45,338146
00:39:48.591 | SIM: mqtt1_gMqt/GPA5/Hours=90000
00:39:48.591 | SIM: mqtt1_gMqt/GPA6/PPU_Gen_active_power=1136,9125
00:39:48.591 | SIM: mqtt1_gMqt/GPA6/PPU_Gen_counter_active_power=18008,05
00:39:48.591 | SIM: mqtt1_gMqt/GPA6/T404=45,391647
00:39:48.592 | SIM: mqtt1_gMqt/GPA6/Hours=90000
00:39:49.682 | SIM: mqtt1_gMqt/ZAS/ZAS_Actual_Power=195,74611
00:39:49.683 | SIM: mqtt1_gMqt/GPA1/PPU_Gen_active_power=1182,4329
00:39:49.683 | SIM: mqtt1_gMqt/GPA1/PPU_Gen_counter_active_power=18008,588
00:39:49.683 | SIM: mqtt1_gMqt/GPA1/T404=44,662365
00:39:49.683 | SIM: mqtt1_gMqt/GPA1/Hours=90000
00:39:49.684 | SIM: mqtt1_gMqt/GPA2/PPU_Gen_active_power=1177,644
00:39:49.684 | SIM: mqtt1_gMqt/GPA2/PPU_Gen_counter_active_power=18008,5
00:39:49.684 | SIM: mqtt1_gMqt/GPA2/T404=44,804478
00:39:49.684 | SIM: mqtt1_gMqt/GPA2/Hours=90000
00:39:49.684 | SIM: mqtt1_gMqt/GPA3/PPU_Gen_active_power=1212,2521
00:39:49.685 | SIM: mqtt1_gMqt/GPA3/PPU_Gen_counter_active_power=18008,682
00:39:49.685 | SIM: mqtt1_gMqt/GPA3/T404=46,21252
00:39:49.685 | SIM: mqtt1_gMqt/GPA3/Hours=90000
00:39:49.685 | SIM: mqtt1_gMqt/GPA4/PPU_Gen_active_power=1203,565
00:39:49.685 | SIM: mqtt1_gMqt/GPA4/PPU_Gen_counter_active_power=18008,645
00:39:49.686 | SIM: mqtt1_gMqt/GPA4/T404=47,180923
00:39:49.686 | SIM: mqtt1_gMqt/GPA4/Hours=90000
00:39:49.686 | SIM: mqtt1_gMqt/GPA5/PPU_Gen_active_power=1187,1813
00:39:49.686 | SIM: mqtt1_gMqt/GPA5/PPU_Gen_counter_active_power=18008,63
00:39:49.687 | SIM: mqtt1_gMqt/GPA5/T404=45,290077
00:39:49.687 | SIM: mqtt1_gMqt/GPA5/Hours=90000
00:39:49.687 | SIM: mqtt1_gMqt/GPA6/PPU_Gen_active_power=1143,0653
00:39:49.687 | SIM: mqtt1_gMqt/GPA6/PPU_Gen_counter_active_power=18008,37
00:39:49.688 | SIM: mqtt1_gMqt/GPA6/T404=45,24054
00:39:49.688 | SIM: mqtt1_gMqt/GPA6/Hours=90000
00:39:50.779 | SIM: mqtt1_gMqt/ZAS/ZAS_Actual_Power=194,37505
00:39:50.779 | SIM: mqtt1_gMqt/GPA1/PPU_Gen_active_power=1184,319
00:39:50.780 | SIM: mqtt1_gMqt/GPA1/PPU_Gen_counter_active_power=18008,916
00:39:50.780 | SIM: mqtt1_gMqt/GPA1/T404=44,875164
00:39:50.780 | SIM: mqtt1_gMqt/GPA1/Hours=90000
00:39:50.780 | SIM: mqtt1_gMqt/GPA2/PPU_Gen_active_power=1168,3898
00:39:50.781 | SIM: mqtt1_gMqt/GPA2/PPU_Gen_counter_active_power=18008,824
00:39:50.781 | SIM: mqtt1_gMqt/GPA2/T404=44,69109
00:39:50.781 | SIM: mqtt1_gMqt/GPA2/Hours=90000
00:39:50.781 | SIM: mqtt1_gMqt/GPA3/PPU_Gen_active_power=1211,9288
00:39:50.781 | SIM: mqtt1_gMqt/GPA3/PPU_Gen_counter_active_power=18009,018
00:39:50.782 | SIM: mqtt1_gMqt/GPA3/T404=46,29131
00:39:50.782 | SIM: mqtt1_gMqt/GPA3/Hours=90000
00:39:50.782 | SIM: mqtt1_gMqt/GPA4/PPU_Gen_active_power=1208,7698
00:39:50.782 | SIM: mqtt1_gMqt/GPA4/PPU_Gen_counter_active_power=18008,98
00:39:50.782 | SIM: mqtt1_gMqt/GPA4/T404=47,3398
00:39:50.782 | SIM: mqtt1_gMqt/GPA4/Hours=90000
00:39:50.783 | SIM: mqtt1_gMqt/GPA5/PPU_Gen_active_power=1182,478
00:39:50.783 | SIM: mqtt1_gMqt/GPA5/PPU_Gen_counter_active_power=18008,959
00:39:50.783 | SIM: mqtt1_gMqt/GPA5/T404=45,283215
00:39:50.783 | SIM: mqtt1_gMqt/GPA5/Hours=90000
00:39:50.783 | SIM: mqtt1_gMqt/GPA6/PPU_Gen_active_power=1137,2955
00:39:50.783 | SIM: mqtt1_gMqt/GPA6/PPU_Gen_counter_active_power=18008,686
00:39:50.784 | SIM: mqtt1_gMqt/GPA6/T404=45,49011
00:39:50.784 | SIM: mqtt1_gMqt/GPA6/Hours=90000
00:39:51.933 | SIM: mqtt1_gMqt/ZAS/ZAS_Actual_Power=193,02803
00:39:51.933 | SIM: mqtt1_gMqt/GPA1/PPU_Gen_active_power=1186,221
00:39:51.933 | SIM: mqtt1_gMqt/GPA1/PPU_Gen_counter_active_power=18009,246
00:39:51.934 | SIM: mqtt1_gMqt/GPA1/T404=44,75804
00:39:51.934 | SIM: mqtt1_gMqt/GPA1/Hours=90000
00:39:51.934 | SIM: mqtt1_gMqt/GPA2/PPU_Gen_active_power=1167,3607
00:39:51.934 | SIM: mqtt1_gMqt/GPA2/PPU_Gen_counter_active_power=18009,148
00:39:51.934 | SIM: mqtt1_gMqt/GPA2/T404=44,93312
00:39:51.935 | SIM: mqtt1_gMqt/GPA2/Hours=90000
00:39:51.935 | SIM: mqtt1_gMqt/GPA3/PPU_Gen_active_power=1203,0085
00:39:51.935 | SIM: mqtt1_gMqt/GPA3/PPU_Gen_counter_active_power=18009,352
00:39:51.935 | SIM: mqtt1_gMqt/GPA3/T404=46,045273
00:39:51.935 | SIM: mqtt1_gMqt/GPA3/Hours=90000
00:39:51.935 | SIM: mqtt1_gMqt/GPA4/PPU_Gen_active_power=1200,7911
00:39:51.935 | SIM: mqtt1_gMqt/GPA4/PPU_Gen_counter_active_power=18009,314
00:39:51.936 | SIM: mqtt1_gMqt/GPA4/T404=47,27533
00:39:51.936 | SIM: mqtt1_gMqt/GPA4/Hours=90000
00:39:51.936 | SIM: mqtt1_gMqt/GPA5/PPU_Gen_active_power=1187,7975
00:39:51.936 | SIM: mqtt1_gMqt/GPA5/PPU_Gen_counter_active_power=18009,29
00:39:51.936 | SIM: mqtt1_gMqt/GPA5/T404=45,40797
00:39:51.936 | SIM: mqtt1_gMqt/GPA5/Hours=90000
00:39:51.937 | SIM: mqtt1_gMqt/GPA6/PPU_Gen_active_power=1143,6274
00:39:51.937 | SIM: mqtt1_gMqt/GPA6/PPU_Gen_counter_active_power=18009,004
00:39:51.937 | SIM: mqtt1_gMqt/GPA6/T404=45,581787
00:39:51.937 | SIM: mqtt1_gMqt/GPA6/Hours=90000
00:39:53.025 | SIM: mqtt1_gMqt/ZAS/ZAS_Actual_Power=192,11792
00:39:53.026 | SIM: mqtt1_gMqt/GPA1/PPU_Gen_active_power=1195,5731
00:39:53.026 | SIM: mqtt1_gMqt/GPA1/PPU_Gen_counter_active_power=18009,578
00:39:53.026 | SIM: mqtt1_gMqt/GPA1/T404=44,700474
00:39:53.026 | SIM: mqtt1_gMqt/GPA1/Hours=90000
00:39:53.026 | SIM: mqtt1_gMqt/GPA2/PPU_Gen_active_power=1176,1234
00:39:53.026 | SIM: mqtt1_gMqt/GPA2/PPU_Gen_counter_active_power=18009,475
00:39:53.027 | SIM: mqtt1_gMqt/GPA2/T404=44,922543
00:39:53.027 | SIM: mqtt1_gMqt/GPA2/Hours=90000
00:39:53.027 | SIM: mqtt1_gMqt/GPA3/PPU_Gen_active_power=1208,3136
00:39:53.027 | SIM: mqtt1_gMqt/GPA3/PPU_Gen_counter_active_power=18009,688
00:39:53.027 | SIM: mqtt1_gMqt/GPA3/T404=45,988224
00:39:53.028 | SIM: mqtt1_gMqt/GPA3/Hours=90000
00:39:53.028 | SIM: mqtt1_gMqt/GPA4/PPU_Gen_active_power=1199,279
00:39:53.028 | SIM: mqtt1_gMqt/GPA4/PPU_Gen_counter_active_power=18009,648
00:39:53.029 | SIM: mqtt1_gMqt/GPA4/T404=47,132156
00:39:53.029 | SIM: mqtt1_gMqt/GPA4/Hours=90000
00:39:53.029 | SIM: mqtt1_gMqt/GPA5/PPU_Gen_active_power=1179,1339
00:39:53.029 | SIM: mqtt1_gMqt/GPA5/PPU_Gen_counter_active_power=18009,617
00:39:53.029 | SIM: mqtt1_gMqt/GPA5/T404=45,302113
00:39:53.029 | SIM: mqtt1_gMqt/GPA5/Hours=90000
00:39:53.029 | SIM: mqtt1_gMqt/GPA6/PPU_Gen_active_power=1139,7432
00:39:53.030 | SIM: mqtt1_gMqt/GPA6/PPU_Gen_counter_active_power=18009,32
00:39:53.030 | SIM: mqtt1_gMqt/GPA6/T404=45,63239
00:39:53.030 | SIM: mqtt1_gMqt/GPA6/Hours=90000
00:39:54.117 | SIM: mqtt1_gMqt/ZAS/ZAS_Actual_Power=191,25764
00:39:54.117 | SIM: mqtt1_gMqt/GPA1/PPU_Gen_active_power=1192,5387
00:39:54.118 | SIM: mqtt1_gMqt/GPA1/PPU_Gen_counter_active_power=18009,91
00:39:54.118 | SIM: mqtt1_gMqt/GPA1/T404=44,802685
00:39:54.118 | SIM: mqtt1_gMqt/GPA1/Hours=90000
00:39:54.118 | SIM: mqtt1_gMqt/GPA2/PPU_Gen_active_power=1166,303
00:39:54.118 | SIM: mqtt1_gMqt/GPA2/PPU_Gen_counter_active_power=18009,799
00:39:54.119 | SIM: mqtt1_gMqt/GPA2/T404=44,887806
00:39:54.119 | SIM: mqtt1_gMqt/GPA2/Hours=90000
00:39:54.119 | SIM: mqtt1_gMqt/GPA3/PPU_Gen_active_power=1199,2036
00:39:54.119 | SIM: mqtt1_gMqt/GPA3/PPU_Gen_counter_active_power=18010,021
00:39:54.120 | SIM: mqtt1_gMqt/GPA3/T404=45,94502
00:39:54.120 | SIM: mqtt1_gMqt/GPA3/Hours=90000
00:39:54.120 | SIM: mqtt1_gMqt/GPA4/PPU_Gen_active_power=1189,6469
00:39:54.120 | SIM: mqtt1_gMqt/GPA4/PPU_Gen_counter_active_power=18009,979
00:39:54.120 | SIM: mqtt1_gMqt/GPA4/T404=46,957355
00:39:54.120 | SIM: mqtt1_gMqt/GPA4/Hours=90000
00:39:54.121 | SIM: mqtt1_gMqt/GPA5/PPU_Gen_active_power=1179,6936
00:39:54.121 | SIM: mqtt1_gMqt/GPA5/PPU_Gen_counter_active_power=18009,945
00:39:54.121 | SIM: mqtt1_gMqt/GPA5/T404=45,53276
00:39:54.121 | SIM: mqtt1_gMqt/GPA5/Hours=90000
00:39:54.121 | SIM: mqtt1_gMqt/GPA6/PPU_Gen_active_power=1130,1913
00:39:54.121 | SIM: mqtt1_gMqt/GPA6/PPU_Gen_counter_active_power=18009,635
00:39:54.122 | SIM: mqtt1_gMqt/GPA6/T404=45,714626
00:39:54.122 | SIM: mqtt1_gMqt/GPA6/Hours=90000
00:39:55.214 | SIM: mqtt1_gMqt/ZAS/ZAS_Actual_Power=193,41467
00:39:55.214 | SIM: mqtt1_gMqt/GPA1/PPU_Gen_active_power=1192,1339
00:39:55.215 | SIM: mqtt1_gMqt/GPA1/PPU_Gen_counter_active_power=18010,242
00:39:55.215 | SIM: mqtt1_gMqt/GPA1/T404=44,8453
00:39:55.215 | SIM: mqtt1_gMqt/GPA1/Hours=90000
00:39:55.215 | SIM: mqtt1_gMqt/GPA2/PPU_Gen_active_power=1169,7882
00:39:55.215 | SIM: mqtt1_gMqt/GPA2/PPU_Gen_counter_active_power=18010,123
00:39:55.215 | SIM: mqtt1_gMqt/GPA2/T404=44,79412
00:39:55.216 | SIM: mqtt1_gMqt/GPA2/Hours=90000
00:39:55.216 | SIM: mqtt1_gMqt/GPA3/PPU_Gen_active_power=1193,425
00:39:55.216 | SIM: mqtt1_gMqt/GPA3/PPU_Gen_counter_active_power=18010,354
00:39:55.216 | SIM: mqtt1_gMqt/GPA3/T404=46,149868
00:39:55.216 | SIM: mqtt1_gMqt/GPA3/Hours=90000
00:39:55.216 | SIM: mqtt1_gMqt/GPA4/PPU_Gen_active_power=1189,0576
00:39:55.217 | SIM: mqtt1_gMqt/GPA4/PPU_Gen_counter_active_power=18010,309
00:39:55.217 | SIM: mqtt1_gMqt/GPA4/T404=46,8373
00:39:55.217 | SIM: mqtt1_gMqt/GPA4/Hours=90000
00:39:55.217 | SIM: mqtt1_gMqt/GPA5/PPU_Gen_active_power=1187,027
00:39:55.217 | SIM: mqtt1_gMqt/GPA5/PPU_Gen_counter_active_power=18010,275
00:39:55.217 | SIM: mqtt1_gMqt/GPA5/T404=45,397587
00:39:55.217 | SIM: mqtt1_gMqt/GPA5/Hours=90000
00:39:55.218 | SIM: mqtt1_gMqt/GPA6/PPU_Gen_active_power=1121,8243
00:39:55.218 | SIM: mqtt1_gMqt/GPA6/PPU_Gen_counter_active_power=18009,947
00:39:55.218 | SIM: mqtt1_gMqt/GPA6/T404=45,880398
00:39:55.218 | SIM: mqtt1_gMqt/GPA6/Hours=90000
00:39:56.308 | SIM: mqtt1_gMqt/ZAS/ZAS_Actual_Power=196,04651
00:39:56.308 | SIM: mqtt1_gMqt/GPA1/PPU_Gen_active_power=1189,0078
00:39:56.309 | SIM: mqtt1_gMqt/GPA1/PPU_Gen_counter_active_power=18010,572
00:39:56.309 | SIM: mqtt1_gMqt/GPA1/T404=44,767143
00:39:56.309 | SIM: mqtt1_gMqt/GPA1/Hours=90000
00:39:56.309 | SIM: mqtt1_gMqt/GPA2/PPU_Gen_active_power=1161,5768
00:39:56.309 | SIM: mqtt1_gMqt/GPA2/PPU_Gen_counter_active_power=18010,445
00:39:56.310 | SIM: mqtt1_gMqt/GPA2/T404=44,632675
00:39:56.310 | SIM: mqtt1_gMqt/GPA2/Hours=90000
00:39:56.310 | SIM: mqtt1_gMqt/GPA3/PPU_Gen_active_power=1184,3472
00:39:56.310 | SIM: mqtt1_gMqt/GPA3/PPU_Gen_counter_active_power=18010,682
00:39:56.310 | SIM: mqtt1_gMqt/GPA3/T404=46,334156
00:39:56.310 | SIM: mqtt1_gMqt/GPA3/Hours=90000
00:39:56.311 | SIM: mqtt1_gMqt/GPA4/PPU_Gen_active_power=1189,6471
00:39:56.311 | SIM: mqtt1_gMqt/GPA4/PPU_Gen_counter_active_power=18010,639
00:39:56.311 | SIM: mqtt1_gMqt/GPA4/T404=46,734726
00:39:56.311 | SIM: mqtt1_gMqt/GPA4/Hours=90000
00:39:56.311 | SIM: mqtt1_gMqt/GPA5/PPU_Gen_active_power=1187,9556
00:39:56.311 | SIM: mqtt1_gMqt/GPA5/PPU_Gen_counter_active_power=18010,605
00:39:56.312 | SIM: mqtt1_gMqt/GPA5/T404=45,274555
00:39:56.312 | SIM: mqtt1_gMqt/GPA5/Hours=90000
00:39:56.312 | SIM: mqtt1_gMqt/GPA6/PPU_Gen_active_power=1111,9253
00:39:56.312 | SIM: mqtt1_gMqt/GPA6/PPU_Gen_counter_active_power=18010,256
00:39:56.312 | SIM: mqtt1_gMqt/GPA6/T404=46,038612
00:39:56.312 | SIM: mqtt1_gMqt/GPA6/Hours=90000
00:39:57.402 | SIM: mqtt1_gMqt/ZAS/ZAS_Actual_Power=197,78069
00:39:57.402 | SIM: mqtt1_gMqt/GPA1/PPU_Gen_active_power=1189,3154
00:39:57.402 | SIM: mqtt1_gMqt/GPA1/PPU_Gen_counter_active_power=18010,902
00:39:57.402 | SIM: mqtt1_gMqt/GPA1/T404=44,56588
00:39:57.403 | SIM: mqtt1_gMqt/GPA1/Hours=90000
00:39:57.403 | SIM: mqtt1_gMqt/GPA2/PPU_Gen_active_power=1165,6279
00:39:57.403 | SIM: mqtt1_gMqt/GPA2/PPU_Gen_counter_active_power=18010,77
00:39:57.403 | SIM: mqtt1_gMqt/GPA2/T404=44,555866
00:39:57.403 | SIM: mqtt1_gMqt/GPA2/Hours=90000
00:39:57.404 | SIM: mqtt1_gMqt/GPA3/PPU_Gen_active_power=1179,3384
00:39:57.404 | SIM: mqtt1_gMqt/GPA3/PPU_Gen_counter_active_power=18011,01
00:39:57.404 | SIM: mqtt1_gMqt/GPA3/T404=46,542767
00:39:57.404 | SIM: mqtt1_gMqt/GPA3/Hours=90000
00:39:57.404 | SIM: mqtt1_gMqt/GPA3/HAS_IN_Word55_0=True
00:39:57.405 | SIM: mqtt1_gMqt/GPA4/PPU_Gen_active_power=1183,4802
00:39:57.405 | SIM: mqtt1_gMqt/GPA4/PPU_Gen_counter_active_power=18010,967
00:39:57.405 | SIM: mqtt1_gMqt/GPA4/T404=46,948235
00:39:57.405 | SIM: mqtt1_gMqt/GPA4/Hours=90000
00:39:57.405 | SIM: mqtt1_gMqt/GPA5/PPU_Gen_active_power=1181,6833
00:39:57.405 | SIM: mqtt1_gMqt/GPA5/PPU_Gen_counter_active_power=18010,934
00:39:57.405 | SIM: mqtt1_gMqt/GPA5/T404=45,308918
00:39:57.406 | SIM: mqtt1_gMqt/GPA5/Hours=90000
00:39:57.406 | SIM: mqtt1_gMqt/GPA6/PPU_Gen_active_power=1108,6235
00:39:57.406 | SIM: mqtt1_gMqt/GPA6/PPU_Gen_counter_active_power=18010,564
00:39:57.406 | SIM: mqtt1_gMqt/GPA6/T404=46,121754
00:39:57.406 | SIM: mqtt1_gMqt/GPA6/Hours=90000
00:39:58.497 | SIM: mqtt1_gMqt/ZAS/ZAS_Actual_Power=197,50717
00:39:58.497 | SIM: mqtt1_gMqt/GPA1/PPU_Gen_active_power=1183,5145
00:39:58.497 | SIM: mqtt1_gMqt/GPA1/PPU_Gen_counter_active_power=18011,23
00:39:58.498 | SIM: mqtt1_gMqt/GPA1/T404=44,606277
00:39:58.498 | SIM: mqtt1_gMqt/GPA1/Hours=90000
00:39:58.498 | SIM: mqtt1_gMqt/GPA2/PPU_Gen_active_power=1170,6807
00:39:58.498 | SIM: mqtt1_gMqt/GPA2/PPU_Gen_counter_active_power=18011,094
00:39:58.499 | SIM: mqtt1_gMqt/GPA2/T404=44,70804
00:39:58.499 | SIM: mqtt1_gMqt/GPA2/Hours=90000
00:39:58.499 | SIM: mqtt1_gMqt/GPA3/PPU_Gen_active_power=1174,6095
00:39:58.500 | SIM: mqtt1_gMqt/GPA3/PPU_Gen_counter_active_power=18011,336
00:39:58.500 | SIM: mqtt1_gMqt/GPA3/T404=46,30022
00:39:58.500 | SIM: mqtt1_gMqt/GPA3/Hours=90000
00:39:58.500 | SIM: mqtt1_gMqt/GPA4/PPU_Gen_active_power=1174,3566
00:39:58.501 | SIM: mqtt1_gMqt/GPA4/PPU_Gen_counter_active_power=18011,293
00:39:58.501 | SIM: mqtt1_gMqt/GPA4/T404=47,07542
00:39:58.501 | SIM: mqtt1_gMqt/GPA4/Hours=90000
00:39:58.501 | SIM: mqtt1_gMqt/GPA5/PPU_Gen_active_power=1180,3766
00:39:58.501 | SIM: mqtt1_gMqt/GPA5/PPU_Gen_counter_active_power=18011,262
00:39:58.501 | SIM: mqtt1_gMqt/GPA5/T404=45,492496
00:39:58.501 | SIM: mqtt1_gMqt/GPA5/Hours=90000
00:39:58.501 | SIM: mqtt1_gMqt/GPA6/PPU_Gen_active_power=1109,3656
00:39:58.502 | SIM: mqtt1_gMqt/GPA6/PPU_Gen_counter_active_power=18010,873
00:39:58.502 | SIM: mqtt1_gMqt/GPA6/T404=46,179134
00:39:58.505 | SIM: mqtt1_gMqt/GPA6/Hours=90000
00:39:59.604 | SIM: mqtt1_gMqt/ZAS/ZAS_Actual_Power=199,14655
00:39:59.604 | SIM: mqtt1_gMqt/GPA1/PPU_Gen_active_power=1176,0336
00:39:59.604 | SIM: mqtt1_gMqt/GPA1/PPU_Gen_counter_active_power=18011,557
00:39:59.604 | SIM: mqtt1_gMqt/GPA1/T404=44,711555
00:39:59.604 | SIM: mqtt1_gMqt/GPA1/Hours=90000
00:39:59.605 | SIM: mqtt1_gMqt/GPA2/PPU_Gen_active_power=1173,2568
00:39:59.605 | SIM: mqtt1_gMqt/GPA2/PPU_Gen_counter_active_power=18011,42
00:39:59.605 | SIM: mqtt1_gMqt/GPA2/T404=44,83985
00:39:59.605 | SIM: mqtt1_gMqt/GPA2/Hours=90000
00:39:59.605 | SIM: mqtt1_gMqt/GPA3/PPU_Gen_active_power=1170,4574
00:39:59.605 | SIM: mqtt1_gMqt/GPA3/PPU_Gen_counter_active_power=18011,66
00:39:59.606 | SIM: mqtt1_gMqt/GPA3/T404=46,24802
00:39:59.606 | SIM: mqtt1_gMqt/GPA3/Hours=90000
00:39:59.606 | SIM: mqtt1_gMqt/GPA4/PPU_Gen_active_power=1183,0887
00:39:59.606 | SIM: mqtt1_gMqt/GPA4/PPU_Gen_counter_active_power=18011,621
00:39:59.606 | SIM: mqtt1_gMqt/GPA4/T404=46,834522
00:39:59.606 | SIM: mqtt1_gMqt/GPA4/Hours=90000
00:39:59.607 | SIM: mqtt1_gMqt/GPA5/PPU_Gen_active_power=1175,467
00:39:59.607 | SIM: mqtt1_gMqt/GPA5/PPU_Gen_counter_active_power=18011,588
00:39:59.607 | SIM: mqtt1_gMqt/GPA5/T404=45,552406
00:39:59.607 | SIM: mqtt1_gMqt/GPA5/Hours=90000
00:39:59.607 | SIM: mqtt1_gMqt/GPA6/PPU_Gen_active_power=1103,077
00:39:59.607 | SIM: mqtt1_gMqt/GPA6/PPU_Gen_counter_active_power=18011,18
00:39:59.608 | SIM: mqtt1_gMqt/GPA6/T404=46,351994
00:39:59.608 | SIM: mqtt1_gMqt/GPA6/Hours=90000
00:40:00.696 | SIM: mqtt1_gMqt/ZAS/ZAS_Actual_Power=200,38663
00:40:00.697 | SIM: mqtt1_gMqt/GPA1/PPU_Gen_active_power=1177,3286
00:40:00.697 | SIM: mqtt1_gMqt/GPA1/PPU_Gen_counter_active_power=18011,883
00:40:00.697 | SIM: mqtt1_gMqt/GPA1/T404=44,90935
00:40:00.697 | SIM: mqtt1_gMqt/GPA1/Hours=90000
00:40:00.698 | SIM: mqtt1_gMqt/GPA2/PPU_Gen_active_power=1170,0343
00:40:00.698 | SIM: mqtt1_gMqt/GPA2/PPU_Gen_counter_active_power=18011,744
00:40:00.698 | SIM: mqtt1_gMqt/GPA2/T404=44,618156
00:40:00.698 | SIM: mqtt1_gMqt/GPA2/Hours=90000
00:40:00.698 | SIM: mqtt1_gMqt/GPA3/PPU_Gen_active_power=1176,0138
00:40:00.698 | SIM: mqtt1_gMqt/GPA3/PPU_Gen_counter_active_power=18011,986
00:40:00.699 | SIM: mqtt1_gMqt/GPA3/T404=46,1338
00:40:00.699 | SIM: mqtt1_gMqt/GPA3/Hours=90000
00:40:00.699 | SIM: mqtt1_gMqt/GPA4/PPU_Gen_active_power=1180,7665
00:40:00.699 | SIM: mqtt1_gMqt/GPA4/PPU_Gen_counter_active_power=18011,95
00:40:00.699 | SIM: mqtt1_gMqt/GPA4/T404=46,684063
00:40:00.700 | SIM: mqtt1_gMqt/GPA4/Hours=90000
00:40:00.700 | SIM: mqtt1_gMqt/GPA5/PPU_Gen_active_power=1172,869
00:40:00.700 | SIM: mqtt1_gMqt/GPA5/PPU_Gen_counter_active_power=18011,914
00:40:00.700 | SIM: mqtt1_gMqt/GPA5/T404=45,597248
00:40:00.700 | SIM: mqtt1_gMqt/GPA5/Hours=90000
00:40:00.701 | SIM: mqtt1_gMqt/GPA6/PPU_Gen_active_power=1095,2306
00:40:00.701 | SIM: mqtt1_gMqt/GPA6/PPU_Gen_counter_active_power=18011,484
00:40:00.701 | SIM: mqtt1_gMqt/GPA6/T404=46,252728
00:40:00.701 | SIM: mqtt1_gMqt/GPA6/Hours=90000
00:40:01.776 | SIM: mqtt1_gMqt/ZAS/ZAS_Actual_Power=200,64867
00:40:01.777 | SIM: mqtt1_gMqt/GPA1/PPU_Gen_active_power=1167,9965
00:40:01.777 | SIM: mqtt1_gMqt/GPA1/PPU_Gen_counter_active_power=18012,207
00:40:01.777 | SIM: mqtt1_gMqt/GPA1/T404=44,690212
00:40:01.778 | SIM: mqtt1_gMqt/GPA1/Hours=90000
00:40:01.778 | SIM: mqtt1_gMqt/GPA2/PPU_Gen_active_power=1165,2778
00:40:01.778 | SIM: mqtt1_gMqt/GPA2/PPU_Gen_counter_active_power=18012,068
00:40:01.778 | SIM: mqtt1_gMqt/GPA2/T404=44,389103
00:40:01.778 | SIM: mqtt1_gMqt/GPA2/Hours=90000
00:40:01.779 | SIM: mqtt1_gMqt/GPA3/PPU_Gen_active_power=1174,5822
00:40:01.779 | SIM: mqtt1_gMqt/GPA3/PPU_Gen_counter_active_power=18012,312
00:40:01.779 | SIM: mqtt1_gMqt/GPA3/T404=46,215385
00:40:01.779 | SIM: mqtt1_gMqt/GPA3/Hours=90000
00:40:01.779 | SIM: mqtt1_gMqt/GPA4/PPU_Gen_active_power=1185,3577
00:40:01.779 | SIM: mqtt1_gMqt/GPA4/PPU_Gen_counter_active_power=18012,28
00:40:01.780 | SIM: mqtt1_gMqt/GPA4/T404=46,659718
00:40:01.780 | SIM: mqtt1_gMqt/GPA4/Hours=90000
00:40:01.780 | SIM: mqtt1_gMqt/GPA5/PPU_Gen_active_power=1181,6301
00:40:01.780 | SIM: mqtt1_gMqt/GPA5/PPU_Gen_counter_active_power=18012,242
00:40:01.780 | SIM: mqtt1_gMqt/GPA5/T404=45,552197
00:40:01.781 | SIM: mqtt1_gMqt/GPA5/Hours=90000
00:40:01.781 | SIM: mqtt1_gMqt/GPA6/PPU_Gen_active_power=1105,2097
00:40:01.781 | SIM: mqtt1_gMqt/GPA6/PPU_Gen_counter_active_power=18011,791
00:40:01.781 | SIM: mqtt1_gMqt/GPA6/T404=46,38125
00:40:01.782 | SIM: mqtt1_gMqt/GPA6/Hours=90000
00:40:02.869 | SIM: mqtt1_gMqt/ZAS/ZAS_Actual_Power=200,00656
00:40:02.870 | SIM: mqtt1_gMqt/GPA1/PPU_Gen_active_power=1167,3722
00:40:02.870 | SIM: mqtt1_gMqt/GPA1/PPU_Gen_counter_active_power=18012,531
00:40:02.871 | SIM: mqtt1_gMqt/GPA1/T404=44,44357
00:40:02.871 | SIM: mqtt1_gMqt/GPA1/Hours=90000
00:40:02.871 | SIM: mqtt1_gMqt/GPA2/PPU_Gen_active_power=1173,0378
00:40:02.871 | SIM: mqtt1_gMqt/GPA2/PPU_Gen_counter_active_power=18012,395
00:40:02.871 | SIM: mqtt1_gMqt/GPA2/T404=44,47347
00:40:02.872 | SIM: mqtt1_gMqt/GPA2/Hours=90000
00:40:02.872 | SIM: mqtt1_gMqt/GPA3/PPU_Gen_active_power=1179,5133
00:40:02.872 | SIM: mqtt1_gMqt/GPA3/PPU_Gen_counter_active_power=18012,64
00:40:02.872 | SIM: mqtt1_gMqt/GPA3/T404=46,24072
00:40:02.872 | SIM: mqtt1_gMqt/GPA3/Hours=90000
00:40:02.873 | SIM: mqtt1_gMqt/GPA4/PPU_Gen_active_power=1180,1708
00:40:02.873 | SIM: mqtt1_gMqt/GPA4/PPU_Gen_counter_active_power=18012,607
00:40:02.873 | SIM: mqtt1_gMqt/GPA4/T404=46,494827
00:40:02.873 | SIM: mqtt1_gMqt/GPA4/Hours=90000
00:40:02.873 | SIM: mqtt1_gMqt/GPA5/PPU_Gen_active_power=1173,8313
00:40:02.874 | SIM: mqtt1_gMqt/GPA5/PPU_Gen_counter_active_power=18012,568
00:40:02.875 | SIM: mqtt1_gMqt/GPA5/T404=45,420086
00:40:02.875 | SIM: mqtt1_gMqt/GPA5/Hours=90000
00:40:02.875 | SIM: mqtt1_gMqt/GPA6/PPU_Gen_active_power=1107,9265
00:40:02.875 | SIM: mqtt1_gMqt/GPA6/PPU_Gen_counter_active_power=18012,1
00:40:02.875 | SIM: mqtt1_gMqt/GPA6/T404=46,166187
00:40:02.876 | SIM: mqtt1_gMqt/GPA6/Hours=90000
00:40:03.963 | SIM: mqtt1_gMqt/ZAS/ZAS_Actual_Power=200,4646
00:40:03.963 | SIM: mqtt1_gMqt/GPA1/PPU_Gen_active_power=1162,5521
00:40:03.964 | SIM: mqtt1_gMqt/GPA1/PPU_Gen_counter_active_power=18012,854
00:40:03.964 | SIM: mqtt1_gMqt/GPA1/T404=44,25328
00:40:03.964 | SIM: mqtt1_gMqt/GPA1/Hours=90000
00:40:03.964 | SIM: mqtt1_gMqt/GPA2/PPU_Gen_active_power=1182,2456
00:40:03.964 | SIM: mqtt1_gMqt/GPA2/PPU_Gen_counter_active_power=18012,723
00:40:03.965 | SIM: mqtt1_gMqt/GPA2/T404=44,365578
00:40:03.965 | SIM: mqtt1_gMqt/GPA2/Hours=90000
00:40:03.965 | SIM: mqtt1_gMqt/GPA3/PPU_Gen_active_power=1187,0166
00:40:03.965 | SIM: mqtt1_gMqt/GPA3/PPU_Gen_counter_active_power=18012,97
00:40:03.965 | SIM: mqtt1_gMqt/GPA3/T404=46,030888
00:40:03.965 | SIM: mqtt1_gMqt/GPA3/Hours=90000
00:40:03.966 | SIM: mqtt1_gMqt/GPA4/PPU_Gen_active_power=1181,2611
00:40:03.966 | SIM: mqtt1_gMqt/GPA4/PPU_Gen_counter_active_power=18012,936
00:40:03.966 | SIM: mqtt1_gMqt/GPA4/T404=46,34743
00:40:03.966 | SIM: mqtt1_gMqt/GPA4/Hours=90000
00:40:03.966 | SIM: mqtt1_gMqt/GPA5/PPU_Gen_active_power=1167,8586
00:40:03.966 | SIM: mqtt1_gMqt/GPA5/PPU_Gen_counter_active_power=18012,893
00:40:03.967 | SIM: mqtt1_gMqt/GPA5/T404=45,368702
00:40:03.967 | SIM: mqtt1_gMqt/GPA5/Hours=90000
00:40:03.967 | SIM: mqtt1_gMqt/GPA6/PPU_Gen_active_power=1104,865
00:40:03.967 | SIM: mqtt1_gMqt/GPA6/PPU_Gen_counter_active_power=18012,406
00:40:03.967 | SIM: mqtt1_gMqt/GPA6/T404=46,315685
00:40:03.967 | SIM: mqtt1_gMqt/GPA6/Hours=90000
00:40:05.059 | SIM: mqtt1_gMqt/ZAS/ZAS_Actual_Power=200,10622
00:40:05.060 | SIM: mqtt1_gMqt/GPA1/PPU_Gen_active_power=1160,8108
00:40:05.060 | SIM: mqtt1_gMqt/GPA1/PPU_Gen_counter_active_power=18013,176
00:40:05.060 | SIM: mqtt1_gMqt/GPA1/T404=44,222466
00:40:05.060 | SIM: mqtt1_gMqt/GPA1/Hours=90000
00:40:05.065 | SIM: mqtt1_gMqt/GPA2/PPU_Gen_active_power=1191,1313
00:40:05.066 | SIM: mqtt1_gMqt/GPA2/PPU_Gen_counter_active_power=18013,053
00:40:05.066 | SIM: mqtt1_gMqt/GPA2/T404=44,179455
00:40:05.066 | SIM: mqtt1_gMqt/GPA2/Hours=90000
00:40:05.066 | SIM: mqtt1_gMqt/GPA3/PPU_Gen_active_power=1189,3545
00:40:05.067 | SIM: mqtt1_gMqt/GPA3/PPU_Gen_counter_active_power=18013,3
00:40:05.067 | SIM: mqtt1_gMqt/GPA3/T404=46,017937
00:40:05.067 | SIM: mqtt1_gMqt/GPA3/Hours=90000
00:40:05.067 | SIM: mqtt1_gMqt/GPA4/PPU_Gen_active_power=1184,7542
00:40:05.067 | SIM: mqtt1_gMqt/GPA4/PPU_Gen_counter_active_power=18013,264
00:40:05.068 | SIM: mqtt1_gMqt/GPA4/T404=46,127167
00:40:05.068 | SIM: mqtt1_gMqt/GPA4/Hours=90000
00:40:05.068 | SIM: mqtt1_gMqt/GPA5/PPU_Gen_active_power=1175,5638
00:40:05.068 | SIM: mqtt1_gMqt/GPA5/PPU_Gen_counter_active_power=18013,219
00:40:05.068 | SIM: mqtt1_gMqt/GPA5/T404=45,127945
00:40:05.068 | SIM: mqtt1_gMqt/GPA5/Hours=90000
00:40:05.069 | SIM: mqtt1_gMqt/GPA6/PPU_Gen_active_power=1097,3154
00:40:05.069 | SIM: mqtt1_gMqt/GPA6/PPU_Gen_counter_active_power=18012,71
00:40:05.069 | SIM: mqtt1_gMqt/GPA6/T404=46,52972
00:40:05.069 | SIM: mqtt1_gMqt/GPA6/Hours=90000
00:40:06.165 | SIM: mqtt1_gMqt/ZAS/ZAS_Actual_Power=201,10008
00:40:06.165 | SIM: mqtt1_gMqt/GPA1/PPU_Gen_active_power=1169,5476
00:40:06.165 | SIM: mqtt1_gMqt/GPA1/PPU_Gen_counter_active_power=18013,5
00:40:06.165 | SIM: mqtt1_gMqt/GPA1/T404=43,9966
00:40:06.165 | SIM: mqtt1_gMqt/GPA1/Hours=90000
00:40:06.166 | SIM: mqtt1_gMqt/GPA2/PPU_Gen_active_power=1189,7701
00:40:06.166 | SIM: mqtt1_gMqt/GPA2/PPU_Gen_counter_active_power=18013,383
00:40:06.166 | SIM: mqtt1_gMqt/GPA2/T404=44,20371
00:40:06.166 | SIM: mqtt1_gMqt/GPA2/Hours=90000
00:40:06.166 | SIM: mqtt1_gMqt/GPA3/PPU_Gen_active_power=1191,9882
00:40:06.166 | SIM: mqtt1_gMqt/GPA3/PPU_Gen_counter_active_power=18013,633
00:40:06.167 | SIM: mqtt1_gMqt/GPA3/T404=45,913734
00:40:06.167 | SIM: mqtt1_gMqt/GPA3/Hours=90000
00:40:06.167 | SIM: mqtt1_gMqt/GPA4/PPU_Gen_active_power=1186,4329
00:40:06.167 | SIM: mqtt1_gMqt/GPA4/PPU_Gen_counter_active_power=18013,594
00:40:06.167 | SIM: mqtt1_gMqt/GPA4/T404=46,353
00:40:06.167 | SIM: mqtt1_gMqt/GPA4/Hours=90000
00:40:06.168 | SIM: mqtt1_gMqt/GPA5/PPU_Gen_active_power=1175,3523
00:40:06.168 | SIM: mqtt1_gMqt/GPA5/PPU_Gen_counter_active_power=18013,545
00:40:06.168 | SIM: mqtt1_gMqt/GPA5/T404=44,963524
00:40:06.168 | SIM: mqtt1_gMqt/GPA5/Hours=90000
00:40:06.168 | SIM: mqtt1_gMqt/GPA6/PPU_Gen_active_power=1090,5486
00:40:06.168 | SIM: mqtt1_gMqt/GPA6/PPU_Gen_counter_active_power=18013,014
00:40:06.169 | SIM: mqtt1_gMqt/GPA6/T404=46,49809
00:40:06.169 | SIM: mqtt1_gMqt/GPA6/Hours=90000
00:40:07.290 | SIM: mqtt1_gMqt/ZAS/ZAS_Actual_Power=202,17819
00:40:07.291 | SIM: mqtt1_gMqt/GPA1/PPU_Gen_active_power=1169,1718
00:40:07.291 | SIM: mqtt1_gMqt/GPA1/PPU_Gen_counter_active_power=18013,824
00:40:07.291 | SIM: mqtt1_gMqt/GPA1/T404=44,01384
00:40:07.291 | SIM: mqtt1_gMqt/GPA1/Hours=90000
00:40:07.291 | SIM: mqtt1_gMqt/GPA2/PPU_Gen_active_power=1187,1925
00:40:07.292 | SIM: mqtt1_gMqt/GPA2/PPU_Gen_counter_active_power=18013,713
00:40:07.292 | SIM: mqtt1_gMqt/GPA2/T404=44,184467
00:40:07.292 | SIM: mqtt1_gMqt/GPA2/Hours=90000
00:40:07.292 | SIM: mqtt1_gMqt/GPA3/PPU_Gen_active_power=1184,7054
00:40:07.292 | SIM: mqtt1_gMqt/GPA3/PPU_Gen_counter_active_power=18013,96
00:40:07.292 | SIM: mqtt1_gMqt/GPA3/T404=46,15617
00:40:07.292 | SIM: mqtt1_gMqt/GPA3/Hours=90000
00:40:07.293 | SIM: mqtt1_gMqt/GPA4/PPU_Gen_active_power=1188,6522
00:40:07.293 | SIM: mqtt1_gMqt/GPA4/PPU_Gen_counter_active_power=18013,924
00:40:07.293 | SIM: mqtt1_gMqt/GPA4/T404=46,34231
00:40:07.293 | SIM: mqtt1_gMqt/GPA4/Hours=90000
00:40:07.293 | SIM: mqtt1_gMqt/GPA5/PPU_Gen_active_power=1176,6632
00:40:07.293 | SIM: mqtt1_gMqt/GPA5/PPU_Gen_counter_active_power=18013,871
00:40:07.293 | SIM: mqtt1_gMqt/GPA5/T404=45,082504
00:40:07.293 | SIM: mqtt1_gMqt/GPA5/Hours=90000
00:40:07.294 | SIM: mqtt1_gMqt/GPA6/PPU_Gen_active_power=1082,064
00:40:07.294 | SIM: mqtt1_gMqt/GPA6/PPU_Gen_counter_active_power=18013,314
00:40:07.294 | SIM: mqtt1_gMqt/GPA6/T404=46,619923
00:40:07.294 | SIM: mqtt1_gMqt/GPA6/Hours=90000
00:40:08.383 | SIM: mqtt1_gMqt/ZAS/ZAS_Actual_Power=203,15231
00:40:08.383 | SIM: mqtt1_gMqt/GPA1/PPU_Gen_active_power=1168,8964
00:40:08.384 | SIM: mqtt1_gMqt/GPA1/PPU_Gen_counter_active_power=18014,148
00:40:08.384 | SIM: mqtt1_gMqt/GPA1/T404=44,14279
00:40:08.384 | SIM: mqtt1_gMqt/GPA1/Hours=90000
00:40:08.384 | SIM: mqtt1_gMqt/GPA2/PPU_Gen_active_power=1189,8999
00:40:08.384 | SIM: mqtt1_gMqt/GPA2/PPU_Gen_counter_active_power=18014,043
00:40:08.385 | SIM: mqtt1_gMqt/GPA2/T404=44,143322
00:40:08.385 | SIM: mqtt1_gMqt/GPA2/Hours=90000
00:40:08.385 | SIM: mqtt1_gMqt/GPA3/PPU_Gen_active_power=1189,963
00:40:08.385 | SIM: mqtt1_gMqt/GPA3/PPU_Gen_counter_active_power=18014,291
00:40:08.385 | SIM: mqtt1_gMqt/GPA3/T404=46,211033
00:40:08.385 | SIM: mqtt1_gMqt/GPA3/Hours=90000
00:40:08.386 | SIM: mqtt1_gMqt/GPA4/PPU_Gen_active_power=1187,0331
00:40:08.386 | SIM: mqtt1_gMqt/GPA4/PPU_Gen_counter_active_power=18014,254
00:40:08.386 | SIM: mqtt1_gMqt/GPA4/T404=46,10401
00:40:08.386 | SIM: mqtt1_gMqt/GPA4/Hours=90000
00:40:08.386 | SIM: mqtt1_gMqt/GPA5/PPU_Gen_active_power=1173,3892
00:40:08.386 | SIM: mqtt1_gMqt/GPA5/PPU_Gen_counter_active_power=18014,197
00:40:08.387 | SIM: mqtt1_gMqt/GPA5/T404=45,07454
00:40:08.387 | SIM: mqtt1_gMqt/GPA5/Hours=90000
00:40:08.387 | SIM: mqtt1_gMqt/GPA6/PPU_Gen_active_power=1078,9907
00:40:08.387 | SIM: mqtt1_gMqt/GPA6/PPU_Gen_counter_active_power=18013,613
00:40:08.387 | SIM: mqtt1_gMqt/GPA6/T404=46,58582
00:40:08.387 | SIM: mqtt1_gMqt/GPA6/Hours=90000
00:40:09.480 | SIM: mqtt1_gMqt/ZAS/ZAS_Actual_Power=201,96481
00:40:09.480 | SIM: mqtt1_gMqt/GPA1/PPU_Gen_active_power=1173,0104
00:40:09.480 | SIM: mqtt1_gMqt/GPA1/PPU_Gen_counter_active_power=18014,475
00:40:09.481 | SIM: mqtt1_gMqt/GPA1/T404=43,9503
00:40:09.481 | SIM: mqtt1_gMqt/GPA1/Hours=90000
00:40:09.481 | SIM: mqtt1_gMqt/GPA2/PPU_Gen_active_power=1188,918
00:40:09.481 | SIM: mqtt1_gMqt/GPA2/PPU_Gen_counter_active_power=18014,373
00:40:09.482 | SIM: mqtt1_gMqt/GPA2/T404=44,386806
00:40:09.482 | SIM: mqtt1_gMqt/GPA2/Hours=90000
00:40:09.482 | SIM: mqtt1_gMqt/GPA3/PPU_Gen_active_power=1190,3898
00:40:09.482 | SIM: mqtt1_gMqt/GPA3/PPU_Gen_counter_active_power=18014,621
00:40:09.483 | SIM: mqtt1_gMqt/GPA3/T404=46,3511
00:40:09.483 | SIM: mqtt1_gMqt/GPA3/Hours=90000
00:40:09.483 | SIM: mqtt1_gMqt/GPA4/PPU_Gen_active_power=1180,0066
00:40:09.483 | SIM: mqtt1_gMqt/GPA4/PPU_Gen_counter_active_power=18014,582
00:40:09.483 | SIM: mqtt1_gMqt/GPA4/T404=46,29979
00:40:09.483 | SIM: mqtt1_gMqt/GPA4/Hours=90000
00:40:09.484 | SIM: mqtt1_gMqt/GPA5/PPU_Gen_active_power=1172,0981
00:40:09.484 | SIM: mqtt1_gMqt/GPA5/PPU_Gen_counter_active_power=18014,523
00:40:09.484 | SIM: mqtt1_gMqt/GPA5/T404=44,856754
00:40:09.484 | SIM: mqtt1_gMqt/GPA5/Hours=90000
00:40:09.484 | SIM: mqtt1_gMqt/GPA6/PPU_Gen_active_power=1074,813
00:40:09.484 | SIM: mqtt1_gMqt/GPA6/PPU_Gen_counter_active_power=18013,912
00:40:09.484 | SIM: mqtt1_gMqt/GPA6/T404=46,749893
00:40:09.485 | SIM: mqtt1_gMqt/GPA6/Hours=90000
00:40:10.574 | SIM: mqtt1_gMqt/ZAS/ZAS_Actual_Power=201,40343
00:40:10.574 | SIM: mqtt1_gMqt/GPA1/PPU_Gen_active_power=1182,7524
00:40:10.575 | SIM: mqtt1_gMqt/GPA1/PPU_Gen_counter_active_power=18014,803
00:40:10.575 | SIM: mqtt1_gMqt/GPA1/T404=44,048492
00:40:10.575 | SIM: mqtt1_gMqt/GPA1/Hours=90000
00:40:10.575 | SIM: mqtt1_gMqt/GPA2/PPU_Gen_active_power=1189,2249
00:40:10.575 | SIM: mqtt1_gMqt/GPA2/PPU_Gen_counter_active_power=18014,703
00:40:10.575 | SIM: mqtt1_gMqt/GPA2/T404=44,49178
00:40:10.575 | SIM: mqtt1_gMqt/GPA2/Hours=90000
00:40:10.576 | SIM: mqtt1_gMqt/GPA3/PPU_Gen_active_power=1180,4711
00:40:10.576 | SIM: mqtt1_gMqt/GPA3/PPU_Gen_counter_active_power=18014,95
00:40:10.576 | SIM: mqtt1_gMqt/GPA3/T404=46,467125
00:40:10.576 | SIM: mqtt1_gMqt/GPA3/Hours=90000
00:40:10.576 | SIM: mqtt1_gMqt/GPA4/PPU_Gen_active_power=1184,6969
00:40:10.577 | SIM: mqtt1_gMqt/GPA4/PPU_Gen_counter_active_power=18014,91
00:40:10.577 | SIM: mqtt1_gMqt/GPA4/T404=46,411503
00:40:10.577 | SIM: mqtt1_gMqt/GPA4/Hours=90000
00:40:10.577 | SIM: mqtt1_gMqt/GPA5/PPU_Gen_active_power=1167,9982
00:40:10.577 | SIM: mqtt1_gMqt/GPA5/PPU_Gen_counter_active_power=18014,848
00:40:10.578 | SIM: mqtt1_gMqt/GPA5/T404=44,970734
00:40:10.578 | SIM: mqtt1_gMqt/GPA5/Hours=90000
00:40:10.578 | SIM: mqtt1_gMqt/GPA6/PPU_Gen_active_power=1081,8647
00:40:10.583 | SIM: mqtt1_gMqt/GPA6/PPU_Gen_counter_active_power=18014,213
00:40:10.584 | SIM: mqtt1_gMqt/GPA6/T404=46,88966
00:40:10.584 | SIM: mqtt1_gMqt/GPA6/Hours=90000
00:40:11.703 | SIM: mqtt1_gMqt/ZAS/ZAS_Actual_Power=201,15038
00:40:11.703 | SIM: mqtt1_gMqt/GPA1/PPU_Gen_active_power=1176,6786
00:40:11.703 | SIM: mqtt1_gMqt/GPA1/PPU_Gen_counter_active_power=18015,129
00:40:11.703 | SIM: mqtt1_gMqt/GPA1/T404=43,83348
00:40:11.703 | SIM: mqtt1_gMqt/GPA1/Hours=90000
00:40:11.704 | SIM: mqtt1_gMqt/GPA2/PPU_Gen_active_power=1185,4427
00:40:11.704 | SIM: mqtt1_gMqt/GPA2/PPU_Gen_counter_active_power=18015,033
00:40:11.704 | SIM: mqtt1_gMqt/GPA2/T404=44,326664
00:40:11.704 | SIM: mqtt1_gMqt/GPA2/Hours=90000
00:40:11.704 | SIM: mqtt1_gMqt/GPA3/PPU_Gen_active_power=1183,6405
00:40:11.705 | SIM: mqtt1_gMqt/GPA3/PPU_Gen_counter_active_power=18015,277
00:40:11.705 | SIM: mqtt1_gMqt/GPA3/T404=46,55583
00:40:11.705 | SIM: mqtt1_gMqt/GPA3/Hours=90000
00:40:11.705 | SIM: mqtt1_gMqt/GPA4/PPU_Gen_active_power=1192,9473
00:40:11.705 | SIM: mqtt1_gMqt/GPA4/PPU_Gen_counter_active_power=18015,242
00:40:11.706 | SIM: mqtt1_gMqt/GPA4/T404=46,479923
00:40:11.706 | SIM: mqtt1_gMqt/GPA4/Hours=90000
00:40:11.706 | SIM: mqtt1_gMqt/GPA5/PPU_Gen_active_power=1163,157
00:40:11.706 | SIM: mqtt1_gMqt/GPA5/PPU_Gen_counter_active_power=18015,17
00:40:11.706 | SIM: mqtt1_gMqt/GPA5/T404=45,00115
00:40:11.706 | SIM: mqtt1_gMqt/GPA5/Hours=90000
00:40:11.706 | SIM: mqtt1_gMqt/GPA6/PPU_Gen_active_power=1080,8816
00:40:11.707 | SIM: mqtt1_gMqt/GPA6/PPU_Gen_counter_active_power=18014,514
00:40:11.707 | SIM: mqtt1_gMqt/GPA6/T404=46,854485
00:40:11.707 | SIM: mqtt1_gMqt/GPA6/Hours=90000
00:40:12.790 | SIM: mqtt1_gMqt/ZAS/ZAS_Actual_Power=201,16783
00:40:12.790 | SIM: mqtt1_gMqt/GPA1/PPU_Gen_active_power=1166,8784
00:40:12.790 | SIM: mqtt1_gMqt/GPA1/PPU_Gen_counter_active_power=18015,453
00:40:12.791 | SIM: mqtt1_gMqt/GPA1/T404=43,965878
00:40:12.791 | SIM: mqtt1_gMqt/GPA1/Hours=90000
00:40:12.791 | SIM: mqtt1_gMqt/GPA2/PPU_Gen_active_power=1180,8588
00:40:12.791 | SIM: mqtt1_gMqt/GPA2/PPU_Gen_counter_active_power=18015,361
00:40:12.792 | SIM: mqtt1_gMqt/GPA2/T404=44,258007
00:40:12.792 | SIM: mqtt1_gMqt/GPA2/Hours=90000
00:40:12.792 | SIM: mqtt1_gMqt/GPA3/PPU_Gen_active_power=1192,1266
00:40:12.792 | SIM: mqtt1_gMqt/GPA3/PPU_Gen_counter_active_power=18015,61
00:40:12.792 | SIM: mqtt1_gMqt/GPA3/T404=46,343426
00:40:12.793 | SIM: mqtt1_gMqt/GPA3/Hours=90000
00:40:12.793 | SIM: mqtt1_gMqt/GPA4/PPU_Gen_active_power=1192,5446
00:40:12.793 | SIM: mqtt1_gMqt/GPA4/PPU_Gen_counter_active_power=18015,574
00:40:12.793 | SIM: mqtt1_gMqt/GPA4/T404=46,394
00:40:12.793 | SIM: mqtt1_gMqt/GPA4/Hours=90000
00:40:12.794 | SIM: mqtt1_gMqt/GPA5/PPU_Gen_active_power=1155,5995
00:40:12.794 | SIM: mqtt1_gMqt/GPA5/PPU_Gen_counter_active_power=18015,49
00:40:12.794 | SIM: mqtt1_gMqt/GPA5/T404=44,955215
00:40:12.794 | SIM: mqtt1_gMqt/GPA5/Hours=90000
00:40:12.795 | SIM: mqtt1_gMqt/GPA6/PPU_Gen_active_power=1082,7074
00:40:12.795 | SIM: mqtt1_gMqt/GPA6/PPU_Gen_counter_active_power=18014,814
00:40:12.795 | SIM: mqtt1_gMqt/GPA6/T404=47,029552
00:40:12.795 | SIM: mqtt1_gMqt/GPA6/Hours=90000
00:40:13.881 | SIM: mqtt1_gMqt/ZAS/ZAS_Actual_Power=201,74255
00:40:13.881 | SIM: mqtt1_gMqt/GPA1/PPU_Gen_active_power=1164,2036
00:40:13.881 | SIM: mqtt1_gMqt/GPA1/PPU_Gen_counter_active_power=18015,777
00:40:13.882 | SIM: mqtt1_gMqt/GPA1/T404=43,949398
00:40:13.882 | SIM: mqtt1_gMqt/GPA1/Hours=90000
00:40:13.882 | SIM: mqtt1_gMqt/GPA2/PPU_Gen_active_power=1189,4625
00:40:13.882 | SIM: mqtt1_gMqt/GPA2/PPU_Gen_counter_active_power=18015,691
00:40:13.882 | SIM: mqtt1_gMqt/GPA2/T404=44,023777
00:40:13.882 | SIM: mqtt1_gMqt/GPA2/Hours=90000
00:40:13.883 | SIM: mqtt1_gMqt/GPA3/PPU_Gen_active_power=1186,912
00:40:13.883 | SIM: mqtt1_gMqt/GPA3/PPU_Gen_counter_active_power=18015,94
00:40:13.883 | SIM: mqtt1_gMqt/GPA3/T404=46,35349
00:40:13.883 | SIM: mqtt1_gMqt/GPA3/Hours=90000
00:40:13.883 | SIM: mqtt1_gMqt/GPA4/PPU_Gen_active_power=1195,7184
00:40:13.883 | SIM: mqtt1_gMqt/GPA4/PPU_Gen_counter_active_power=18015,906
00:40:13.884 | SIM: mqtt1_gMqt/GPA4/T404=46,471268
00:40:13.884 | SIM: mqtt1_gMqt/GPA4/Hours=90000
00:40:13.884 | SIM: mqtt1_gMqt/GPA5/PPU_Gen_active_power=1159,0258
00:40:13.884 | SIM: mqtt1_gMqt/GPA5/PPU_Gen_counter_active_power=18015,812
00:40:13.884 | SIM: mqtt1_gMqt/GPA5/T404=44,754513
00:40:13.884 | SIM: mqtt1_gMqt/GPA5/Hours=90000
00:40:13.885 | SIM: mqtt1_gMqt/GPA6/PPU_Gen_active_power=1076,2892
00:40:13.885 | SIM: mqtt1_gMqt/GPA6/PPU_Gen_counter_active_power=18015,113
00:40:13.885 | SIM: mqtt1_gMqt/GPA6/T404=47,016575
00:40:13.885 | SIM: mqtt1_gMqt/GPA6/Hours=90000
00:40:14.982 | SIM: mqtt1_gMqt/ZAS/ZAS_Actual_Power=201,77486
00:40:14.982 | SIM: mqtt1_gMqt/GPA1/PPU_Gen_active_power=1172,1765
00:40:14.983 | SIM: mqtt1_gMqt/GPA1/PPU_Gen_counter_active_power=18016,104
00:40:14.983 | SIM: mqtt1_gMqt/GPA1/T404=44,07122
00:40:14.983 | SIM: mqtt1_gMqt/GPA1/Hours=90000
00:40:14.983 | SIM: mqtt1_gMqt/GPA2/PPU_Gen_active_power=1180,4915
00:40:14.983 | SIM: mqtt1_gMqt/GPA2/PPU_Gen_counter_active_power=18016,02
00:40:14.983 | SIM: mqtt1_gMqt/GPA2/T404=44,049698
00:40:14.984 | SIM: mqtt1_gMqt/GPA2/Hours=90000
00:40:14.984 | SIM: mqtt1_gMqt/GPA3/PPU_Gen_active_power=1190,369
00:40:14.984 | SIM: mqtt1_gMqt/GPA3/PPU_Gen_counter_active_power=18016,27
00:40:14.984 | SIM: mqtt1_gMqt/GPA3/T404=46,272778
00:40:14.984 | SIM: mqtt1_gMqt/GPA3/Hours=90000
00:40:14.984 | SIM: mqtt1_gMqt/GPA4/PPU_Gen_active_power=1191,9669
00:40:14.985 | SIM: mqtt1_gMqt/GPA4/PPU_Gen_counter_active_power=18016,238
00:40:14.985 | SIM: mqtt1_gMqt/GPA4/T404=46,573673
00:40:14.985 | SIM: mqtt1_gMqt/GPA4/Hours=90000
00:40:14.985 | SIM: mqtt1_gMqt/GPA5/PPU_Gen_active_power=1166,583
00:40:14.985 | SIM: mqtt1_gMqt/GPA5/PPU_Gen_counter_active_power=18016,137
00:40:14.985 | SIM: mqtt1_gMqt/GPA5/T404=44,8028
00:40:14.986 | SIM: mqtt1_gMqt/GPA5/Hours=90000
00:40:14.986 | SIM: mqtt1_gMqt/GPA6/PPU_Gen_active_power=1085,0948
00:40:14.986 | SIM: mqtt1_gMqt/GPA6/PPU_Gen_counter_active_power=18015,414
00:40:14.986 | SIM: mqtt1_gMqt/GPA6/T404=47,18203
00:40:14.986 | SIM: mqtt1_gMqt/GPA6/Hours=90000
00:40:16.093 | SIM: mqtt1_gMqt/ZAS/ZAS_Actual_Power=200,24152
00:40:16.094 | SIM: mqtt1_gMqt/GPA1/PPU_Gen_active_power=1180,5145
00:40:16.094 | SIM: mqtt1_gMqt/GPA1/PPU_Gen_counter_active_power=18016,432
00:40:16.094 | SIM: mqtt1_gMqt/GPA1/T404=44,157406
00:40:16.094 | SIM: mqtt1_gMqt/GPA1/Hours=90000
00:40:16.094 | SIM: mqtt1_gMqt/GPA2/PPU_Gen_active_power=1179,4342
00:40:16.095 | SIM: mqtt1_gMqt/GPA2/PPU_Gen_counter_active_power=18016,348
00:40:16.095 | SIM: mqtt1_gMqt/GPA2/T404=44,08142
00:40:16.095 | SIM: mqtt1_gMqt/GPA2/Hours=90000
00:40:16.095 | SIM: mqtt1_gMqt/GPA3/PPU_Gen_active_power=1188,0055
00:40:16.095 | SIM: mqtt1_gMqt/GPA3/PPU_Gen_counter_active_power=18016,6
00:40:16.095 | SIM: mqtt1_gMqt/GPA3/T404=46,174732
00:40:16.096 | SIM: mqtt1_gMqt/GPA3/Hours=90000
00:40:16.096 | SIM: mqtt1_gMqt/GPA4/PPU_Gen_active_power=1200,2192
00:40:16.096 | SIM: mqtt1_gMqt/GPA4/PPU_Gen_counter_active_power=18016,572
00:40:16.096 | SIM: mqtt1_gMqt/GPA4/T404=46,679302
00:40:16.096 | SIM: mqtt1_gMqt/GPA4/Hours=90000
00:40:16.097 | SIM: mqtt1_gMqt/GPA5/PPU_Gen_active_power=1172,8181
00:40:16.097 | SIM: mqtt1_gMqt/GPA5/PPU_Gen_counter_active_power=18016,463
00:40:16.097 | SIM: mqtt1_gMqt/GPA5/T404=44,55563
00:40:16.097 | SIM: mqtt1_gMqt/GPA5/Hours=90000
00:40:16.097 | SIM: mqtt1_gMqt/GPA6/PPU_Gen_active_power=1091,3932
00:40:16.098 | SIM: mqtt1_gMqt/GPA6/PPU_Gen_counter_active_power=18015,717
00:40:16.098 | SIM: mqtt1_gMqt/GPA6/T404=47,42497
00:40:16.098 | SIM: mqtt1_gMqt/GPA6/Hours=90000
00:40:17.182 | SIM: mqtt1_gMqt/ZAS/ZAS_Actual_Power=200,82988
00:40:17.184 | SIM: mqtt1_gMqt/GPA1/PPU_Gen_active_power=1186,8104
00:40:17.184 | SIM: mqtt1_gMqt/GPA1/PPU_Gen_counter_active_power=18016,762
00:40:17.185 | SIM: mqtt1_gMqt/GPA1/T404=44,361797
00:40:17.185 | SIM: mqtt1_gMqt/GPA1/Hours=90000
00:40:17.185 | SIM: mqtt1_gMqt/GPA2/PPU_Gen_active_power=1170,4113
00:40:17.185 | SIM: mqtt1_gMqt/GPA2/PPU_Gen_counter_active_power=18016,672
00:40:17.185 | SIM: mqtt1_gMqt/GPA2/T404=44,308773
00:40:17.185 | SIM: mqtt1_gMqt/GPA2/Hours=90000
00:40:17.186 | SIM: mqtt1_gMqt/GPA3/PPU_Gen_active_power=1195,6069
00:40:17.186 | SIM: mqtt1_gMqt/GPA3/PPU_Gen_counter_active_power=18016,932
00:40:17.186 | SIM: mqtt1_gMqt/GPA3/T404=46,28191
00:40:17.186 | SIM: mqtt1_gMqt/GPA3/Hours=90000
00:40:17.186 | SIM: mqtt1_gMqt/GPA4/PPU_Gen_active_power=1206,5569
00:40:17.186 | SIM: mqtt1_gMqt/GPA4/PPU_Gen_counter_active_power=18016,908
00:40:17.187 | SIM: mqtt1_gMqt/GPA4/T404=46,508106
00:40:17.187 | SIM: mqtt1_gMqt/GPA4/Hours=90000
00:40:17.187 | SIM: mqtt1_gMqt/GPA5/PPU_Gen_active_power=1166,0688
00:40:17.187 | SIM: mqtt1_gMqt/GPA5/PPU_Gen_counter_active_power=18016,787
00:40:17.187 | SIM: mqtt1_gMqt/GPA5/T404=44,47853
00:40:17.187 | SIM: mqtt1_gMqt/GPA5/Hours=90000
00:40:17.188 | SIM: mqtt1_gMqt/GPA6/PPU_Gen_active_power=1100,0748
00:40:17.188 | SIM: mqtt1_gMqt/GPA6/PPU_Gen_counter_active_power=18016,021
00:40:17.188 | SIM: mqtt1_gMqt/GPA6/T404=47,27948
00:40:17.188 | SIM: mqtt1_gMqt/GPA6/Hours=90000
00:40:18.314 | SIM: mqtt1_gMqt/ZAS/ZAS_Actual_Power=201,173
00:40:18.314 | SIM: mqtt1_gMqt/GPA1/PPU_Gen_active_power=1187,9958
00:40:18.315 | SIM: mqtt1_gMqt/GPA1/PPU_Gen_counter_active_power=18017,092
00:40:18.315 | SIM: mqtt1_gMqt/GPA1/T404=44,562748
00:40:18.315 | SIM: mqtt1_gMqt/GPA1/Hours=90000
00:40:18.315 | SIM: mqtt1_gMqt/GPA2/PPU_Gen_active_power=1175,5798
00:40:18.316 | SIM: mqtt1_gMqt/GPA2/PPU_Gen_counter_active_power=18016,998
00:40:18.316 | SIM: mqtt1_gMqt/GPA2/T404=44,479927
00:40:18.316 | SIM: mqtt1_gMqt/GPA2/Hours=90000
00:40:18.316 | SIM: mqtt1_gMqt/GPA3/PPU_Gen_active_power=1188,7175
00:40:18.317 | SIM: mqtt1_gMqt/GPA3/PPU_Gen_counter_active_power=18017,262
00:40:18.317 | SIM: mqtt1_gMqt/GPA3/T404=46,429295
00:40:18.317 | SIM: mqtt1_gMqt/GPA3/Hours=90000
00:40:18.317 | SIM: mqtt1_gMqt/GPA4/PPU_Gen_active_power=1208,3091
00:40:18.317 | SIM: mqtt1_gMqt/GPA4/PPU_Gen_counter_active_power=18017,244
00:40:18.318 | SIM: mqtt1_gMqt/GPA4/T404=46,298096
00:40:18.318 | SIM: mqtt1_gMqt/GPA4/Hours=90000
00:40:18.318 | SIM: mqtt1_gMqt/GPA5/PPU_Gen_active_power=1168,8778
00:40:18.318 | SIM: mqtt1_gMqt/GPA5/PPU_Gen_counter_active_power=18017,111
00:40:18.318 | SIM: mqtt1_gMqt/GPA5/T404=44,70786
00:40:18.319 | SIM: mqtt1_gMqt/GPA5/Hours=90000
00:40:18.319 | SIM: mqtt1_gMqt/GPA6/PPU_Gen_active_power=1106,268
00:40:18.319 | SIM: mqtt1_gMqt/GPA6/PPU_Gen_counter_active_power=18016,328
00:40:18.319 | SIM: mqtt1_gMqt/GPA6/T404=47,46533
00:40:18.320 | SIM: mqtt1_gMqt/GPA6/Hours=90000
00:40:19.417 | SIM: mqtt1_gMqt/ZAS/ZAS_Actual_Power=202,92465
00:40:19.417 | SIM: mqtt1_gMqt/GPA1/PPU_Gen_active_power=1187,0549
00:40:19.417 | SIM: mqtt1_gMqt/GPA1/PPU_Gen_counter_active_power=18017,422
00:40:19.418 | SIM: mqtt1_gMqt/GPA1/T404=44,560574
00:40:19.418 | SIM: mqtt1_gMqt/GPA1/Hours=90000
00:40:19.418 | SIM: mqtt1_gMqt/GPA2/PPU_Gen_active_power=1170,4668
00:40:19.418 | SIM: mqtt1_gMqt/GPA2/PPU_Gen_counter_active_power=18017,322
00:40:19.418 | SIM: mqtt1_gMqt/GPA2/T404=44,712982
00:40:19.419 | SIM: mqtt1_gMqt/GPA2/Hours=90000
00:40:19.419 | SIM: mqtt1_gMqt/GPA3/PPU_Gen_active_power=1188,1555
00:40:19.419 | SIM: mqtt1_gMqt/GPA3/PPU_Gen_counter_active_power=18017,592
00:40:19.419 | SIM: mqtt1_gMqt/GPA3/T404=46,478153
00:40:19.419 | SIM: mqtt1_gMqt/GPA3/Hours=90000
00:40:19.420 | SIM: mqtt1_gMqt/GPA4/PPU_Gen_active_power=1209,2102
00:40:19.420 | SIM: mqtt1_gMqt/GPA4/PPU_Gen_counter_active_power=18017,58
00:40:19.420 | SIM: mqtt1_gMqt/GPA4/T404=46,36691
00:40:19.420 | SIM: mqtt1_gMqt/GPA4/Hours=90000
00:40:19.420 | SIM: mqtt1_gMqt/GPA5/PPU_Gen_active_power=1178,1101
00:40:19.420 | SIM: mqtt1_gMqt/GPA5/PPU_Gen_counter_active_power=18017,44
00:40:19.421 | SIM: mqtt1_gMqt/GPA5/T404=44,83863
00:40:19.421 | SIM: mqtt1_gMqt/GPA5/Hours=90000
00:40:19.421 | SIM: mqtt1_gMqt/GPA6/PPU_Gen_active_power=1105,3461
00:40:19.421 | SIM: mqtt1_gMqt/GPA6/PPU_Gen_counter_active_power=18016,635
00:40:19.421 | SIM: mqtt1_gMqt/GPA6/T404=47,28936
00:40:19.421 | SIM: mqtt1_gMqt/GPA6/Hours=90000
00:40:20.512 | SIM: mqtt1_gMqt/ZAS/ZAS_Actual_Power=201,43013
00:40:20.513 | SIM: mqtt1_gMqt/GPA1/PPU_Gen_active_power=1180,3654
00:40:20.513 | SIM: mqtt1_gMqt/GPA1/PPU_Gen_counter_active_power=18017,75
00:40:20.513 | SIM: mqtt1_gMqt/GPA1/T404=44,747963
00:40:20.513 | SIM: mqtt1_gMqt/GPA1/Hours=90000
00:40:20.513 | SIM: mqtt1_gMqt/GPA2/PPU_Gen_active_power=1168,9113
00:40:20.514 | SIM: mqtt1_gMqt/GPA2/PPU_Gen_counter_active_power=18017,646
00:40:20.514 | SIM: mqtt1_gMqt/GPA2/T404=44,63076
00:40:20.514 | SIM: mqtt1_gMqt/GPA2/Hours=90000
00:40:20.514 | SIM: mqtt1_gMqt/GPA3/PPU_Gen_active_power=1180,6221
00:40:20.514 | SIM: mqtt1_gMqt/GPA3/PPU_Gen_counter_active_power=18017,92
00:40:20.514 | SIM: mqtt1_gMqt/GPA3/T404=46,294918
00:40:20.515 | SIM: mqtt1_gMqt/GPA3/Hours=90000
00:40:20.515 | SIM: mqtt1_gMqt/GPA4/PPU_Gen_active_power=1206,0277
00:40:20.515 | SIM: mqtt1_gMqt/GPA4/PPU_Gen_counter_active_power=18017,916
00:40:20.515 | SIM: mqtt1_gMqt/GPA4/T404=46,37779
00:40:20.515 | SIM: mqtt1_gMqt/GPA4/Hours=90000
00:40:20.515 | SIM: mqtt1_gMqt/GPA5/PPU_Gen_active_power=1178,9133
00:40:20.516 | SIM: mqtt1_gMqt/GPA5/PPU_Gen_counter_active_power=18017,768
00:40:20.516 | SIM: mqtt1_gMqt/GPA5/T404=44,867794
00:40:20.516 | SIM: mqtt1_gMqt/GPA5/Hours=90000
00:40:20.516 | SIM: mqtt1_gMqt/GPA6/PPU_Gen_active_power=1104,481
00:40:20.516 | SIM: mqtt1_gMqt/GPA6/PPU_Gen_counter_active_power=18016,941
00:40:20.516 | SIM: mqtt1_gMqt/GPA6/T404=47,398727
00:40:20.516 | SIM: mqtt1_gMqt/GPA6/Hours=90000
00:40:21.610 | SIM: mqtt1_gMqt/ZAS/ZAS_Actual_Power=200,66133
00:40:21.611 | SIM: mqtt1_gMqt/GPA1/PPU_Gen_active_power=1189,0251
00:40:21.611 | SIM: mqtt1_gMqt/GPA1/PPU_Gen_counter_active_power=18018,08
00:40:21.612 | SIM: mqtt1_gMqt/GPA1/T404=44,73914
00:40:21.612 | SIM: mqtt1_gMqt/GPA1/Hours=90000
00:40:21.612 | SIM: mqtt1_gMqt/GPA2/PPU_Gen_active_power=1178,5046
00:40:21.612 | SIM: mqtt1_gMqt/GPA2/PPU_Gen_counter_active_power=18017,975
00:40:21.613 | SIM: mqtt1_gMqt/GPA2/T404=44,476017
00:40:21.613 | SIM: mqtt1_gMqt/GPA2/Hours=90000
00:40:21.613 | SIM: mqtt1_gMqt/GPA3/PPU_Gen_active_power=1176,1552
00:40:21.613 | SIM: mqtt1_gMqt/GPA3/PPU_Gen_counter_active_power=18018,246
00:40:21.613 | SIM: mqtt1_gMqt/GPA3/T404=46,332016
00:40:21.613 | SIM: mqtt1_gMqt/GPA3/Hours=90000
00:40:21.614 | SIM: mqtt1_gMqt/GPA4/PPU_Gen_active_power=1215,184
00:40:21.614 | SIM: mqtt1_gMqt/GPA4/PPU_Gen_counter_active_power=18018,254
00:40:21.614 | SIM: mqtt1_gMqt/GPA4/T404=46,17578
00:40:21.614 | SIM: mqtt1_gMqt/GPA4/Hours=90000
00:40:21.614 | SIM: mqtt1_gMqt/GPA5/PPU_Gen_active_power=1187,512
00:40:21.614 | SIM: mqtt1_gMqt/GPA5/PPU_Gen_counter_active_power=18018,098
00:40:21.615 | SIM: mqtt1_gMqt/GPA5/T404=44,66228
00:40:21.615 | SIM: mqtt1_gMqt/GPA5/Hours=90000
00:40:21.615 | SIM: mqtt1_gMqt/GPA6/PPU_Gen_active_power=1109,0323
00:40:21.615 | SIM: mqtt1_gMqt/GPA6/PPU_Gen_counter_active_power=18017,25
00:40:21.615 | SIM: mqtt1_gMqt/GPA6/T404=47,346233
00:40:21.615 | SIM: mqtt1_gMqt/GPA6/Hours=90000
00:40:22.706 | SIM: mqtt1_gMqt/ZAS/ZAS_Actual_Power=201,16615
00:40:22.706 | SIM: mqtt1_gMqt/GPA1/PPU_Gen_active_power=1184,5265
00:40:22.706 | SIM: mqtt1_gMqt/GPA1/PPU_Gen_counter_active_power=18018,408
00:40:22.706 | SIM: mqtt1_gMqt/GPA1/T404=44,598824
00:40:22.707 | SIM: mqtt1_gMqt/GPA1/Hours=90000
00:40:22.707 | SIM: mqtt1_gMqt/GPA2/PPU_Gen_active_power=1185,7593
00:40:22.707 | SIM: mqtt1_gMqt/GPA2/PPU_Gen_counter_active_power=18018,305
00:40:22.707 | SIM: mqtt1_gMqt/GPA2/T404=44,722298
00:40:22.707 | SIM: mqtt1_gMqt/GPA2/Hours=90000
00:40:22.708 | SIM: mqtt1_gMqt/GPA3/PPU_Gen_active_power=1167,193
00:40:22.708 | SIM: mqtt1_gMqt/GPA3/PPU_Gen_counter_active_power=18018,57
00:40:22.708 | SIM: mqtt1_gMqt/GPA3/T404=46,193417
00:40:22.708 | SIM: mqtt1_gMqt/GPA3/Hours=90000
00:40:22.708 | SIM: mqtt1_gMqt/GPA4/PPU_Gen_active_power=1222,8359
00:40:22.709 | SIM: mqtt1_gMqt/GPA4/PPU_Gen_counter_active_power=18018,594
00:40:22.709 | SIM: mqtt1_gMqt/GPA4/T404=46,101795
00:40:22.709 | SIM: mqtt1_gMqt/GPA4/Hours=90000
00:40:22.709 | SIM: mqtt1_gMqt/GPA5/PPU_Gen_active_power=1184,2542
00:40:22.709 | SIM: mqtt1_gMqt/GPA5/PPU_Gen_counter_active_power=18018,426
00:40:22.709 | SIM: mqtt1_gMqt/GPA5/T404=44,81902
00:40:22.709 | SIM: mqtt1_gMqt/GPA5/Hours=90000
00:40:22.709 | SIM: mqtt1_gMqt/GPA6/PPU_Gen_active_power=1118,0635
00:40:22.710 | SIM: mqtt1_gMqt/GPA6/PPU_Gen_counter_active_power=18017,56
00:40:22.710 | SIM: mqtt1_gMqt/GPA6/T404=47,569386
00:40:22.710 | SIM: mqtt1_gMqt/GPA6/Hours=90000
00:40:23.804 | SIM: mqtt1_gMqt/ZAS/ZAS_Actual_Power=201,54259
00:40:23.805 | SIM: mqtt1_gMqt/GPA1/PPU_Gen_active_power=1182,8501
00:40:23.805 | SIM: mqtt1_gMqt/GPA1/PPU_Gen_counter_active_power=18018,736
00:40:23.805 | SIM: mqtt1_gMqt/GPA1/T404=44,593914
00:40:23.805 | SIM: mqtt1_gMqt/GPA1/Hours=90000
00:40:23.805 | SIM: mqtt1_gMqt/GPA2/PPU_Gen_active_power=1177,5209
00:40:23.805 | SIM: mqtt1_gMqt/GPA2/PPU_Gen_counter_active_power=18018,63
00:40:23.806 | SIM: mqtt1_gMqt/GPA2/T404=44,607624
00:40:23.806 | SIM: mqtt1_gMqt/GPA2/Hours=90000
00:40:23.806 | SIM: mqtt1_gMqt/GPA3/PPU_Gen_active_power=1160,807
00:40:23.807 | SIM: mqtt1_gMqt/GPA3/PPU_Gen_counter_active_power=18018,893
00:40:23.807 | SIM: mqtt1_gMqt/GPA3/T404=45,963917
00:40:23.807 | SIM: mqtt1_gMqt/GPA3/Hours=90000
00:40:23.807 | SIM: mqtt1_gMqt/GPA4/PPU_Gen_active_power=1224,8806
00:40:23.808 | SIM: mqtt1_gMqt/GPA4/PPU_Gen_counter_active_power=18018,934
00:40:23.808 | SIM: mqtt1_gMqt/GPA4/T404=46,283417
00:40:23.808 | SIM: mqtt1_gMqt/GPA4/Hours=90000
00:40:23.808 | SIM: mqtt1_gMqt/GPA5/PPU_Gen_active_power=1184,9288
00:40:23.808 | SIM: mqtt1_gMqt/GPA5/PPU_Gen_counter_active_power=18018,756
00:40:23.808 | SIM: mqtt1_gMqt/GPA5/T404=44,82032
00:40:23.809 | SIM: mqtt1_gMqt/GPA5/Hours=90000
00:40:23.809 | SIM: mqtt1_gMqt/GPA6/PPU_Gen_active_power=1118,2745
00:40:23.809 | SIM: mqtt1_gMqt/GPA6/PPU_Gen_counter_active_power=18017,871
00:40:23.809 | SIM: mqtt1_gMqt/GPA6/T404=47,335125
00:40:23.809 | SIM: mqtt1_gMqt/GPA6/Hours=90000
00:40:24.900 | SIM: mqtt1_gMqt/ZAS/ZAS_Actual_Power=201,62404
00:40:24.901 | SIM: mqtt1_gMqt/GPA1/PPU_Gen_active_power=1184,7126
00:40:24.901 | SIM: mqtt1_gMqt/GPA1/PPU_Gen_counter_active_power=18019,064
00:40:24.901 | SIM: mqtt1_gMqt/GPA1/T404=44,691204
00:40:24.902 | SIM: mqtt1_gMqt/GPA1/Hours=90000
00:40:24.902 | SIM: mqtt1_gMqt/GPA2/PPU_Gen_active_power=1170,4099
00:40:24.902 | SIM: mqtt1_gMqt/GPA2/PPU_Gen_counter_active_power=18018,955
00:40:24.902 | SIM: mqtt1_gMqt/GPA2/T404=44,757057
00:40:24.902 | SIM: mqtt1_gMqt/GPA2/Hours=90000
00:40:24.903 | SIM: mqtt1_gMqt/GPA3/PPU_Gen_active_power=1165,6227
00:40:24.903 | SIM: mqtt1_gMqt/GPA3/PPU_Gen_counter_active_power=18019,217
00:40:24.903 | SIM: mqtt1_gMqt/GPA3/T404=45,739155
00:40:24.904 | SIM: mqtt1_gMqt/GPA3/Hours=90000
00:40:24.904 | SIM: mqtt1_gMqt/GPA4/PPU_Gen_active_power=1228,0172
00:40:24.904 | SIM: mqtt1_gMqt/GPA4/PPU_Gen_counter_active_power=18019,275
00:40:24.904 | SIM: mqtt1_gMqt/GPA4/T404=46,139744
00:40:24.905 | SIM: mqtt1_gMqt/GPA4/Hours=90000
00:40:24.905 | SIM: mqtt1_gMqt/GPA5/PPU_Gen_active_power=1191,6887
00:40:24.905 | SIM: mqtt1_gMqt/GPA5/PPU_Gen_counter_active_power=18019,086
00:40:24.905 | SIM: mqtt1_gMqt/GPA5/T404=44,682117
00:40:24.905 | SIM: mqtt1_gMqt/GPA5/Hours=90000
00:40:24.905 | SIM: mqtt1_gMqt/GPA6/PPU_Gen_active_power=1109,5216
00:40:24.906 | SIM: mqtt1_gMqt/GPA6/PPU_Gen_counter_active_power=18018,18
00:40:24.906 | SIM: mqtt1_gMqt/GPA6/T404=47,552814
00:40:24.906 | SIM: mqtt1_gMqt/GPA6/Hours=90000
00:40:25.999 | SIM: mqtt1_gMqt/ZAS/ZAS_Actual_Power=199,58908
00:40:26.000 | SIM: mqtt1_gMqt/GPA1/PPU_Gen_active_power=1183,6892
00:40:26.000 | SIM: mqtt1_gMqt/GPA1/PPU_Gen_counter_active_power=18019,393
00:40:26.000 | SIM: mqtt1_gMqt/GPA1/T404=44,75181
00:40:26.006 | SIM: mqtt1_gMqt/GPA1/Hours=90000
00:40:26.007 | SIM: mqtt1_gMqt/GPA2/PPU_Gen_active_power=1166,5797
00:40:26.007 | SIM: mqtt1_gMqt/GPA2/PPU_Gen_counter_active_power=18019,28
00:40:26.007 | SIM: mqtt1_gMqt/GPA2/T404=44,542633
00:40:26.007 | SIM: mqtt1_gMqt/GPA2/Hours=90000
00:40:26.007 | SIM: mqtt1_gMqt/GPA3/PPU_Gen_active_power=1156,289
00:40:26.008 | SIM: mqtt1_gMqt/GPA3/PPU_Gen_counter_active_power=18019,537
00:40:26.008 | SIM: mqtt1_gMqt/GPA3/T404=45,96745
00:40:26.008 | SIM: mqtt1_gMqt/GPA3/Hours=90000
00:40:26.008 | SIM: mqtt1_gMqt/GPA4/PPU_Gen_active_power=1231,078
00:40:26.008 | SIM: mqtt1_gMqt/GPA4/PPU_Gen_counter_active_power=18019,617
00:40:26.008 | SIM: mqtt1_gMqt/GPA4/T404=46,07604
00:40:26.009 | SIM: mqtt1_gMqt/GPA4/Hours=90000
00:40:26.009 | SIM: mqtt1_gMqt/GPA5/PPU_Gen_active_power=1199,1609
00:40:26.009 | SIM: mqtt1_gMqt/GPA5/PPU_Gen_counter_active_power=18019,42
00:40:26.009 | SIM: mqtt1_gMqt/GPA5/T404=44,824917
00:40:26.009 | SIM: mqtt1_gMqt/GPA5/Hours=90000
00:40:26.010 | SIM: mqtt1_gMqt/GPA6/PPU_Gen_active_power=1115,4703
00:40:26.010 | SIM: mqtt1_gMqt/GPA6/PPU_Gen_counter_active_power=18018,49
00:40:26.010 | SIM: mqtt1_gMqt/GPA6/T404=47,66381
00:40:26.010 | SIM: mqtt1_gMqt/GPA6/Hours=90000
00:40:27.104 | SIM: mqtt1_gMqt/ZAS/ZAS_Actual_Power=200,54782
00:40:27.104 | SIM: mqtt1_gMqt/GPA1/PPU_Gen_active_power=1187,1641
00:40:27.104 | SIM: mqtt1_gMqt/GPA1/PPU_Gen_counter_active_power=18019,723
00:40:27.104 | SIM: mqtt1_gMqt/GPA1/T404=44,811115
00:40:27.105 | SIM: mqtt1_gMqt/GPA1/Hours=90000
00:40:27.105 | SIM: mqtt1_gMqt/GPA2/PPU_Gen_active_power=1172,0334
00:40:27.105 | SIM: mqtt1_gMqt/GPA2/PPU_Gen_counter_active_power=18019,605
00:40:27.105 | SIM: mqtt1_gMqt/GPA2/T404=44,444263
00:40:27.105 | SIM: mqtt1_gMqt/GPA2/Hours=90000
00:40:27.106 | SIM: mqtt1_gMqt/GPA3/PPU_Gen_active_power=1165,6371
00:40:27.106 | SIM: mqtt1_gMqt/GPA3/PPU_Gen_counter_active_power=18019,861
00:40:27.106 | SIM: mqtt1_gMqt/GPA3/T404=45,87647
00:40:27.106 | SIM: mqtt1_gMqt/GPA3/Hours=90000
00:40:27.106 | SIM: mqtt1_gMqt/GPA4/PPU_Gen_active_power=1238,2968
00:40:27.106 | SIM: mqtt1_gMqt/GPA4/PPU_Gen_counter_active_power=18019,96
00:40:27.107 | SIM: mqtt1_gMqt/GPA4/T404=46,242104
00:40:27.107 | SIM: mqtt1_gMqt/GPA4/Hours=90000
00:40:27.107 | SIM: mqtt1_gMqt/GPA5/PPU_Gen_active_power=1199,2726
00:40:27.107 | SIM: mqtt1_gMqt/GPA5/PPU_Gen_counter_active_power=18019,754
00:40:27.107 | SIM: mqtt1_gMqt/GPA5/T404=44,864876
00:40:27.108 | SIM: mqtt1_gMqt/GPA5/Hours=90000
00:40:27.108 | SIM: mqtt1_gMqt/GPA6/PPU_Gen_active_power=1124,0582
00:40:27.108 | SIM: mqtt1_gMqt/GPA6/PPU_Gen_counter_active_power=18018,803
00:40:27.108 | SIM: mqtt1_gMqt/GPA6/T404=47,455345
00:40:27.108 | SIM: mqtt1_gMqt/GPA6/Hours=90000
00:40:28.198 | SIM: mqtt1_gMqt/ZAS/ZAS_Actual_Power=200,46959
00:40:28.199 | SIM: mqtt1_gMqt/GPA1/PPU_Gen_active_power=1180,451
00:40:28.199 | SIM: mqtt1_gMqt/GPA1/PPU_Gen_counter_active_power=18020,05
00:40:28.199 | SIM: mqtt1_gMqt/GPA1/T404=44,6517
00:40:28.199 | SIM: mqtt1_gMqt/GPA1/Hours=90000
00:40:28.199 | SIM: mqtt1_gMqt/GPA2/PPU_Gen_active_power=1170,1782
00:40:28.200 | SIM: mqtt1_gMqt/GPA2/PPU_Gen_counter_active_power=18019,93
00:40:28.200 | SIM: mqtt1_gMqt/GPA2/T404=44,269024
00:40:28.200 | SIM: mqtt1_gMqt/GPA2/Hours=90000
00:40:28.200 | SIM: mqtt1_gMqt/GPA3/PPU_Gen_active_power=1164,9171
00:40:28.200 | SIM: mqtt1_gMqt/GPA3/PPU_Gen_counter_active_power=18020,186
00:40:28.200 | SIM: mqtt1_gMqt/GPA3/T404=45,682907
00:40:28.201 | SIM: mqtt1_gMqt/GPA3/Hours=90000
00:40:28.201 | SIM: mqtt1_gMqt/GPA4/PPU_Gen_active_power=1230,3457
00:40:28.201 | SIM: mqtt1_gMqt/GPA4/PPU_Gen_counter_active_power=18020,303
00:40:28.201 | SIM: mqtt1_gMqt/GPA4/T404=46,42966
00:40:28.201 | SIM: mqtt1_gMqt/GPA4/Hours=90000
00:40:28.201 | SIM: mqtt1_gMqt/GPA5/PPU_Gen_active_power=1191,1392
00:40:28.202 | SIM: mqtt1_gMqt/GPA5/PPU_Gen_counter_active_power=18020,084
00:40:28.202 | SIM: mqtt1_gMqt/GPA5/T404=44,66082
00:40:28.202 | SIM: mqtt1_gMqt/GPA5/Hours=90000
00:40:28.203 | SIM: mqtt1_gMqt/GPA6/PPU_Gen_active_power=1115,0952
00:40:28.203 | SIM: mqtt1_gMqt/GPA6/PPU_Gen_counter_active_power=18019,113
00:40:28.203 | SIM: mqtt1_gMqt/GPA6/T404=47,50936
00:40:28.203 | SIM: mqtt1_gMqt/GPA6/Hours=90000
00:40:29.338 | SIM: mqtt1_gMqt/ZAS/ZAS_Actual_Power=202,40688
00:40:29.339 | SIM: mqtt1_gMqt/GPA1/PPU_Gen_active_power=1187,2511
00:40:29.339 | SIM: mqtt1_gMqt/GPA1/PPU_Gen_counter_active_power=18020,38
00:40:29.339 | SIM: mqtt1_gMqt/GPA1/T404=44,742233
00:40:29.339 | SIM: mqtt1_gMqt/GPA1/Hours=90000
00:40:29.340 | SIM: mqtt1_gMqt/GPA2/PPU_Gen_active_power=1160,9713
00:40:29.340 | SIM: mqtt1_gMqt/GPA2/PPU_Gen_counter_active_power=18020,252
00:40:29.340 | SIM: mqtt1_gMqt/GPA2/T404=44,038094
00:40:29.340 | SIM: mqtt1_gMqt/GPA2/Hours=90000
00:40:29.341 | SIM: mqtt1_gMqt/GPA3/PPU_Gen_active_power=1173,4103
00:40:29.341 | SIM: mqtt1_gMqt/GPA3/PPU_Gen_counter_active_power=18020,512
00:40:29.341 | SIM: mqtt1_gMqt/GPA3/T404=45,680836
00:40:29.341 | SIM: mqtt1_gMqt/GPA3/Hours=90000
00:40:29.341 | SIM: mqtt1_gMqt/GPA4/PPU_Gen_active_power=1228,5004
00:40:29.342 | SIM: mqtt1_gMqt/GPA4/PPU_Gen_counter_active_power=18020,645
00:40:29.342 | SIM: mqtt1_gMqt/GPA4/T404=46,244236
00:40:29.342 | SIM: mqtt1_gMqt/GPA4/Hours=90000
00:40:29.342 | SIM: mqtt1_gMqt/GPA5/PPU_Gen_active_power=1192,67
00:40:29.342 | SIM: mqtt1_gMqt/GPA5/PPU_Gen_counter_active_power=18020,416
00:40:29.342 | SIM: mqtt1_gMqt/GPA5/T404=44,4775
00:40:29.343 | SIM: mqtt1_gMqt/GPA5/Hours=90000
00:40:29.343 | SIM: mqtt1_gMqt/GPA6/PPU_Gen_active_power=1122,74
00:40:29.343 | SIM: mqtt1_gMqt/GPA6/PPU_Gen_counter_active_power=18019,426
00:40:29.343 | SIM: mqtt1_gMqt/GPA6/T404=47,4567
00:40:29.343 | SIM: mqtt1_gMqt/GPA6/Hours=90000
00:40:30.432 | SIM: mqtt1_gMqt/ZAS/ZAS_Actual_Power=204,01733
00:40:30.433 | SIM: mqtt1_gMqt/GPA1/PPU_Gen_active_power=1196,5385
00:40:30.433 | SIM: mqtt1_gMqt/GPA1/PPU_Gen_counter_active_power=18020,713
00:40:30.433 | SIM: mqtt1_gMqt/GPA1/T404=44,673634
00:40:30.433 | SIM: mqtt1_gMqt/GPA1/Hours=90000
00:40:30.434 | SIM: mqtt1_gMqt/GPA2/PPU_Gen_active_power=1170,7229
00:40:30.434 | SIM: mqtt1_gMqt/GPA2/PPU_Gen_counter_active_power=18020,578
00:40:30.434 | SIM: mqtt1_gMqt/GPA2/T404=44,0124
00:40:30.434 | SIM: mqtt1_gMqt/GPA2/Hours=90000
00:40:30.434 | SIM: mqtt1_gMqt/GPA3/PPU_Gen_active_power=1165,2208
00:40:30.436 | SIM: mqtt1_gMqt/GPA3/PPU_Gen_counter_active_power=18020,836
00:40:30.436 | SIM: mqtt1_gMqt/GPA3/T404=45,741898
00:40:30.436 | SIM: mqtt1_gMqt/GPA3/Hours=90000
00:40:30.437 | SIM: mqtt1_gMqt/GPA4/PPU_Gen_active_power=1224,5908
00:40:30.437 | SIM: mqtt1_gMqt/GPA4/PPU_Gen_counter_active_power=18020,984
00:40:30.437 | SIM: mqtt1_gMqt/GPA4/T404=46,02186
00:40:30.437 | SIM: mqtt1_gMqt/GPA4/Hours=90000
00:40:30.437 | SIM: mqtt1_gMqt/GPA5/PPU_Gen_active_power=1186,922
00:40:30.437 | SIM: mqtt1_gMqt/GPA5/PPU_Gen_counter_active_power=18020,746
00:40:30.438 | SIM: mqtt1_gMqt/GPA5/T404=44,377796
00:40:30.438 | SIM: mqtt1_gMqt/GPA5/Hours=90000
00:40:30.438 | SIM: mqtt1_gMqt/GPA6/PPU_Gen_active_power=1124,095
00:40:30.438 | SIM: mqtt1_gMqt/GPA6/PPU_Gen_counter_active_power=18019,738
00:40:30.438 | SIM: mqtt1_gMqt/GPA6/T404=47,63652
00:40:30.438 | SIM: mqtt1_gMqt/GPA6/Hours=90000
00:40:31.529 | SIM: mqtt1_gMqt/ZAS/ZAS_Actual_Power=204,67255
00:40:31.529 | SIM: mqtt1_gMqt/GPA1/PPU_Gen_active_power=1204,872
00:40:31.529 | SIM: mqtt1_gMqt/GPA1/PPU_Gen_counter_active_power=18021,047
00:40:31.530 | SIM: mqtt1_gMqt/GPA1/T404=44,876434
00:40:31.530 | SIM: mqtt1_gMqt/GPA1/Hours=90000
00:40:31.530 | SIM: mqtt1_gMqt/GPA2/PPU_Gen_active_power=1166,7781
00:40:31.530 | SIM: mqtt1_gMqt/GPA2/PPU_Gen_counter_active_power=18020,902
00:40:31.530 | SIM: mqtt1_gMqt/GPA2/T404=44,10785
00:40:31.531 | SIM: mqtt1_gMqt/GPA2/Hours=90000
00:40:31.531 | SIM: mqtt1_gMqt/GPA3/PPU_Gen_active_power=1173,4344
00:40:31.531 | SIM: mqtt1_gMqt/GPA3/PPU_Gen_counter_active_power=18021,162
00:40:31.531 | SIM: mqtt1_gMqt/GPA3/T404=45,705746
00:40:31.532 | SIM: mqtt1_gMqt/GPA3/Hours=90000
00:40:31.532 | SIM: mqtt1_gMqt/GPA4/PPU_Gen_active_power=1222,7999
00:40:31.532 | SIM: mqtt1_gMqt/GPA4/PPU_Gen_counter_active_power=18021,324
00:40:31.532 | SIM: mqtt1_gMqt/GPA4/T404=45,99501
00:40:31.532 | SIM: mqtt1_gMqt/GPA4/Hours=90000
00:40:31.533 | SIM: mqtt1_gMqt/GPA5/PPU_Gen_active_power=1182,3297
00:40:31.533 | SIM: mqtt1_gMqt/GPA5/PPU_Gen_counter_active_power=18021,074
00:40:31.533 | SIM: mqtt1_gMqt/GPA5/T404=44,35533
00:40:31.533 | SIM: mqtt1_gMqt/GPA5/Hours=90000
00:40:31.533 | SIM: mqtt1_gMqt/GPA6/PPU_Gen_active_power=1118,3425
00:40:31.534 | SIM: mqtt1_gMqt/GPA6/PPU_Gen_counter_active_power=18020,049
00:40:31.534 | SIM: mqtt1_gMqt/GPA6/T404=47,6767
00:40:31.534 | SIM: mqtt1_gMqt/GPA6/Hours=90000
00:40:32.618 | SIM: mqtt1_gMqt/ZAS/ZAS_Actual_Power=204,28555
00:40:32.619 | SIM: mqtt1_gMqt/GPA1/PPU_Gen_active_power=1203,4479
00:40:32.619 | SIM: mqtt1_gMqt/GPA1/PPU_Gen_counter_active_power=18021,38
00:40:32.620 | SIM: mqtt1_gMqt/GPA1/T404=44,95423
00:40:32.620 | SIM: mqtt1_gMqt/GPA1/Hours=90000
00:40:32.620 | SIM: mqtt1_gMqt/GPA2/PPU_Gen_active_power=1168,8411
00:40:32.620 | SIM: mqtt1_gMqt/GPA2/PPU_Gen_counter_active_power=18021,227
00:40:32.621 | SIM: mqtt1_gMqt/GPA2/T404=43,952103
00:40:32.621 | SIM: mqtt1_gMqt/GPA2/Hours=90000
00:40:32.621 | SIM: mqtt1_gMqt/GPA3/PPU_Gen_active_power=1177,4763
00:40:32.621 | SIM: mqtt1_gMqt/GPA3/PPU_Gen_counter_active_power=18021,488
00:40:32.621 | SIM: mqtt1_gMqt/GPA3/T404=45,620853
00:40:32.621 | SIM: mqtt1_gMqt/GPA3/Hours=90000
00:40:32.622 | SIM: mqtt1_gMqt/GPA4/PPU_Gen_active_power=1218,0662
00:40:32.622 | SIM: mqtt1_gMqt/GPA4/PPU_Gen_counter_active_power=18021,662
00:40:32.622 | SIM: mqtt1_gMqt/GPA4/T404=46,17411
00:40:32.622 | SIM: mqtt1_gMqt/GPA4/Hours=90000
00:40:32.622 | SIM: mqtt1_gMqt/GPA5/PPU_Gen_active_power=1176,0088
00:40:32.623 | SIM: mqtt1_gMqt/GPA5/PPU_Gen_counter_active_power=18021,4
00:40:32.623 | SIM: mqtt1_gMqt/GPA5/T404=44,444664
00:40:32.623 | SIM: mqtt1_gMqt/GPA5/Hours=90000
00:40:32.623 | SIM: mqtt1_gMqt/GPA6/PPU_Gen_active_power=1116,9708
00:40:32.623 | SIM: mqtt1_gMqt/GPA6/PPU_Gen_counter_active_power=18020,36
00:40:32.623 | SIM: mqtt1_gMqt/GPA6/T404=47,768074
00:40:32.624 | SIM: mqtt1_gMqt/GPA6/Hours=90000
00:40:33.762 | SIM: mqtt1_gMqt/ZAS/ZAS_Actual_Power=203,67429
00:40:33.762 | SIM: mqtt1_gMqt/GPA1/PPU_Gen_active_power=1203,7665
00:40:33.762 | SIM: mqtt1_gMqt/GPA1/PPU_Gen_counter_active_power=18021,715
00:40:33.762 | SIM: mqtt1_gMqt/GPA1/T404=44,832836
00:40:33.763 | SIM: mqtt1_gMqt/GPA1/Hours=90000
00:40:33.763 | SIM: mqtt1_gMqt/GPA2/PPU_Gen_active_power=1175,2347
00:40:33.763 | SIM: mqtt1_gMqt/GPA2/PPU_Gen_counter_active_power=18021,553
00:40:33.763 | SIM: mqtt1_gMqt/GPA2/T404=43,75968
00:40:33.763 | SIM: mqtt1_gMqt/GPA2/Hours=90000
00:40:33.763 | SIM: mqtt1_gMqt/GPA3/PPU_Gen_active_power=1186,8087
00:40:33.764 | SIM: mqtt1_gMqt/GPA3/PPU_Gen_counter_active_power=18021,818
00:40:33.764 | SIM: mqtt1_gMqt/GPA3/T404=45,42221
00:40:33.764 | SIM: mqtt1_gMqt/GPA3/Hours=90000
00:40:33.764 | SIM: mqtt1_gMqt/GPA4/PPU_Gen_active_power=1215,6897
00:40:33.764 | SIM: mqtt1_gMqt/GPA4/PPU_Gen_counter_active_power=18022
00:40:33.764 | SIM: mqtt1_gMqt/GPA4/T404=46,40693
00:40:33.765 | SIM: mqtt1_gMqt/GPA4/Hours=90000
00:40:33.765 | SIM: mqtt1_gMqt/GPA5/PPU_Gen_active_power=1180,2432
00:40:33.765 | SIM: mqtt1_gMqt/GPA5/PPU_Gen_counter_active_power=18021,729
00:40:33.765 | SIM: mqtt1_gMqt/GPA5/T404=44,342052
00:40:33.765 | SIM: mqtt1_gMqt/GPA5/Hours=90000
00:40:33.765 | SIM: mqtt1_gMqt/GPA6/PPU_Gen_active_power=1122,9374
00:40:33.765 | SIM: mqtt1_gMqt/GPA6/PPU_Gen_counter_active_power=18020,672
00:40:33.766 | SIM: mqtt1_gMqt/GPA6/T404=47,55789
00:40:33.766 | SIM: mqtt1_gMqt/GPA6/Hours=90000
00:40:34.851 | SIM: mqtt1_gMqt/ZAS/ZAS_Actual_Power=204,17642
00:40:34.852 | SIM: mqtt1_gMqt/GPA1/PPU_Gen_active_power=1200,254
00:40:34.852 | SIM: mqtt1_gMqt/GPA1/PPU_Gen_counter_active_power=18022,049
00:40:34.852 | SIM: mqtt1_gMqt/GPA1/T404=44,83093
00:40:34.852 | SIM: mqtt1_gMqt/GPA1/Hours=90000
00:40:34.852 | SIM: mqtt1_gMqt/GPA2/PPU_Gen_active_power=1177,2882
00:40:34.852 | SIM: mqtt1_gMqt/GPA2/PPU_Gen_counter_active_power=18021,879
00:40:34.853 | SIM: mqtt1_gMqt/GPA2/T404=43,555325
00:40:34.853 | SIM: mqtt1_gMqt/GPA2/Hours=90000
00:40:34.853 | SIM: mqtt1_gMqt/GPA3/PPU_Gen_active_power=1188,4448
00:40:34.853 | SIM: mqtt1_gMqt/GPA3/PPU_Gen_counter_active_power=18022,148
00:40:34.853 | SIM: mqtt1_gMqt/GPA3/T404=45,37138
00:40:34.853 | SIM: mqtt1_gMqt/GPA3/Hours=90000
00:40:34.853 | SIM: mqtt1_gMqt/GPA4/PPU_Gen_active_power=1221,1677
00:40:34.854 | SIM: mqtt1_gMqt/GPA4/PPU_Gen_counter_active_power=18022,34
00:40:34.854 | SIM: mqtt1_gMqt/GPA4/T404=46,55543
00:40:34.854 | SIM: mqtt1_gMqt/GPA4/Hours=90000
00:40:34.854 | SIM: mqtt1_gMqt/GPA5/PPU_Gen_active_power=1182,0264
00:40:34.854 | SIM: mqtt1_gMqt/GPA5/PPU_Gen_counter_active_power=18022,057
00:40:34.855 | SIM: mqtt1_gMqt/GPA5/T404=44,52341
00:40:34.855 | SIM: mqtt1_gMqt/GPA5/Hours=90000
00:40:34.855 | SIM: mqtt1_gMqt/GPA6/PPU_Gen_active_power=1115,9508
00:40:34.855 | SIM: mqtt1_gMqt/GPA6/PPU_Gen_counter_active_power=18020,982
00:40:34.855 | SIM: mqtt1_gMqt/GPA6/T404=47,373413
00:40:34.855 | SIM: mqtt1_gMqt/GPA6/Hours=90000
00:40:35.944 | SIM: mqtt1_gMqt/ZAS/ZAS_Actual_Power=203,97818
00:40:35.944 | SIM: mqtt1_gMqt/GPA1/PPU_Gen_active_power=1194,9774
00:40:35.945 | SIM: mqtt1_gMqt/GPA1/PPU_Gen_counter_active_power=18022,38
00:40:35.945 | SIM: mqtt1_gMqt/GPA1/T404=44,590076
00:40:35.945 | SIM: mqtt1_gMqt/GPA1/Hours=90000
00:40:35.945 | SIM: mqtt1_gMqt/GPA2/PPU_Gen_active_power=1179,4913
00:40:35.945 | SIM: mqtt1_gMqt/GPA2/PPU_Gen_counter_active_power=18022,207
00:40:35.945 | SIM: mqtt1_gMqt/GPA2/T404=43,754135
00:40:35.945 | SIM: mqtt1_gMqt/GPA2/Hours=90000
00:40:35.946 | SIM: mqtt1_gMqt/GPA3/PPU_Gen_active_power=1189,9888
00:40:35.946 | SIM: mqtt1_gMqt/GPA3/PPU_Gen_counter_active_power=18022,479
00:40:35.946 | SIM: mqtt1_gMqt/GPA3/T404=45,157887
00:40:35.946 | SIM: mqtt1_gMqt/GPA3/Hours=90000
00:40:35.946 | SIM: mqtt1_gMqt/GPA4/PPU_Gen_active_power=1215,0227
00:40:35.946 | SIM: mqtt1_gMqt/GPA4/PPU_Gen_counter_active_power=18022,678
00:40:35.946 | SIM: mqtt1_gMqt/GPA4/T404=46,789368
00:40:35.947 | SIM: mqtt1_gMqt/GPA4/Hours=90000
00:40:35.947 | SIM: mqtt1_gMqt/GPA5/PPU_Gen_active_power=1187,6609
00:40:35.947 | SIM: mqtt1_gMqt/GPA5/PPU_Gen_counter_active_power=18022,387
00:40:35.947 | SIM: mqtt1_gMqt/GPA5/T404=44,612316
00:40:35.947 | SIM: mqtt1_gMqt/GPA5/Hours=90000
00:40:35.948 | SIM: mqtt1_gMqt/GPA6/PPU_Gen_active_power=1111,3165
00:40:35.948 | SIM: mqtt1_gMqt/GPA6/PPU_Gen_counter_active_power=18021,291
00:40:35.948 | SIM: mqtt1_gMqt/GPA6/T404=47,183857
00:40:35.948 | SIM: mqtt1_gMqt/GPA6/Hours=90000
00:40:37.041 | SIM: mqtt1_gMqt/ZAS/ZAS_Actual_Power=202,1949
00:40:37.041 | SIM: mqtt1_gMqt/GPA1/PPU_Gen_active_power=1195,6508
00:40:37.042 | SIM: mqtt1_gMqt/GPA1/PPU_Gen_counter_active_power=18022,713
00:40:37.042 | SIM: mqtt1_gMqt/GPA1/T404=44,82238
00:40:37.042 | SIM: mqtt1_gMqt/GPA1/Hours=90000
00:40:37.042 | SIM: mqtt1_gMqt/GPA2/PPU_Gen_active_power=1189,1312
00:40:37.043 | SIM: mqtt1_gMqt/GPA2/PPU_Gen_counter_active_power=18022,537
00:40:37.043 | SIM: mqtt1_gMqt/GPA2/T404=43,766834
00:40:37.043 | SIM: mqtt1_gMqt/GPA2/Hours=90000
00:40:37.043 | SIM: mqtt1_gMqt/GPA3/PPU_Gen_active_power=1183,4275
00:40:37.044 | SIM: mqtt1_gMqt/GPA3/PPU_Gen_counter_active_power=18022,807
00:40:37.044 | SIM: mqtt1_gMqt/GPA3/T404=45,17888
00:40:37.044 | SIM: mqtt1_gMqt/GPA3/Hours=90000
00:40:37.044 | SIM: mqtt1_gMqt/GPA4/PPU_Gen_active_power=1218,3606
00:40:37.044 | SIM: mqtt1_gMqt/GPA4/PPU_Gen_counter_active_power=18023,016
00:40:37.044 | SIM: mqtt1_gMqt/GPA4/T404=46,568474
00:40:37.044 | SIM: mqtt1_gMqt/GPA4/Hours=90000
00:40:37.045 | SIM: mqtt1_gMqt/GPA5/PPU_Gen_active_power=1182,4296
00:40:37.045 | SIM: mqtt1_gMqt/GPA5/PPU_Gen_counter_active_power=18022,715
00:40:37.045 | SIM: mqtt1_gMqt/GPA5/T404=44,798344
00:40:37.045 | SIM: mqtt1_gMqt/GPA5/Hours=90000
00:40:37.045 | SIM: mqtt1_gMqt/GPA6/PPU_Gen_active_power=1108,5481
00:40:37.045 | SIM: mqtt1_gMqt/GPA6/PPU_Gen_counter_active_power=18021,6
00:40:37.045 | SIM: mqtt1_gMqt/GPA6/T404=47,32528
00:40:37.045 | SIM: mqtt1_gMqt/GPA6/Hours=90000
00:40:38.168 | SIM: mqtt1_gMqt/ZAS/ZAS_Actual_Power=201,98328
00:40:38.169 | SIM: mqtt1_gMqt/GPA1/PPU_Gen_active_power=1201,0529
00:40:38.169 | SIM: mqtt1_gMqt/GPA1/PPU_Gen_counter_active_power=18023,047
00:40:38.169 | SIM: mqtt1_gMqt/GPA1/T404=44,840397
00:40:38.169 | SIM: mqtt1_gMqt/GPA1/Hours=90000
00:40:38.170 | SIM: mqtt1_gMqt/GPA2/PPU_Gen_active_power=1194,4813
00:40:38.170 | SIM: mqtt1_gMqt/GPA2/PPU_Gen_counter_active_power=18022,87
00:40:38.170 | SIM: mqtt1_gMqt/GPA2/T404=43,68781
00:40:38.170 | SIM: mqtt1_gMqt/GPA2/Hours=90000
00:40:38.170 | SIM: mqtt1_gMqt/GPA3/PPU_Gen_active_power=1178,913
00:40:38.171 | SIM: mqtt1_gMqt/GPA3/PPU_Gen_counter_active_power=18023,135
00:40:38.171 | SIM: mqtt1_gMqt/GPA3/T404=45,28703
00:40:38.171 | SIM: mqtt1_gMqt/GPA3/Hours=90000
00:40:38.171 | SIM: mqtt1_gMqt/GPA4/PPU_Gen_active_power=1222,0187
00:40:38.171 | SIM: mqtt1_gMqt/GPA4/PPU_Gen_counter_active_power=18023,355
00:40:38.172 | SIM: mqtt1_gMqt/GPA4/T404=46,73012
00:40:38.172 | SIM: mqtt1_gMqt/GPA4/Hours=90000
00:40:38.172 | SIM: mqtt1_gMqt/GPA5/PPU_Gen_active_power=1190,0375
00:40:38.172 | SIM: mqtt1_gMqt/GPA5/PPU_Gen_counter_active_power=18023,045
00:40:38.172 | SIM: mqtt1_gMqt/GPA5/T404=44,8447
00:40:38.172 | SIM: mqtt1_gMqt/GPA5/Hours=90000
00:40:38.173 | SIM: mqtt1_gMqt/GPA6/PPU_Gen_active_power=1110,9514
00:40:38.173 | SIM: mqtt1_gMqt/GPA6/PPU_Gen_counter_active_power=18021,908
00:40:38.173 | SIM: mqtt1_gMqt/GPA6/T404=47,421932
00:40:38.173 | SIM: mqtt1_gMqt/GPA6/Hours=90000
00:40:39.258 | SIM: mqtt1_gMqt/ZAS/ZAS_Actual_Power=200,8303
00:40:39.259 | SIM: mqtt1_gMqt/GPA1/PPU_Gen_active_power=1202,7329
00:40:39.259 | SIM: mqtt1_gMqt/GPA1/PPU_Gen_counter_active_power=18023,38
00:40:39.259 | SIM: mqtt1_gMqt/GPA1/T404=44,605545
00:40:39.260 | SIM: mqtt1_gMqt/GPA1/Hours=90000
00:40:39.260 | SIM: mqtt1_gMqt/GPA2/PPU_Gen_active_power=1201,5078
00:40:39.260 | SIM: mqtt1_gMqt/GPA2/PPU_Gen_counter_active_power=18023,203
00:40:39.260 | SIM: mqtt1_gMqt/GPA2/T404=43,648727
00:40:39.260 | SIM: mqtt1_gMqt/GPA2/Hours=90000
00:40:39.260 | SIM: mqtt1_gMqt/GPA3/PPU_Gen_active_power=1176,0475
00:40:39.261 | SIM: mqtt1_gMqt/GPA3/PPU_Gen_counter_active_power=18023,46
00:40:39.261 | SIM: mqtt1_gMqt/GPA3/T404=45,31949
00:40:39.261 | SIM: mqtt1_gMqt/GPA3/Hours=90000
00:40:39.261 | SIM: mqtt1_gMqt/GPA4/PPU_Gen_active_power=1223,4604
00:40:39.261 | SIM: mqtt1_gMqt/GPA4/PPU_Gen_counter_active_power=18023,695
00:40:39.262 | SIM: mqtt1_gMqt/GPA4/T404=46,761692
00:40:39.262 | SIM: mqtt1_gMqt/GPA4/Hours=90000
00:40:39.262 | SIM: mqtt1_gMqt/GPA5/PPU_Gen_active_power=1188,3153
00:40:39.262 | SIM: mqtt1_gMqt/GPA5/PPU_Gen_counter_active_power=18023,375
00:40:39.263 | SIM: mqtt1_gMqt/GPA5/T404=44,777706
00:40:39.263 | SIM: mqtt1_gMqt/GPA5/Hours=90000
00:40:39.263 | SIM: mqtt1_gMqt/GPA6/PPU_Gen_active_power=1101,1584
00:40:39.263 | SIM: mqtt1_gMqt/GPA6/PPU_Gen_counter_active_power=18022,215
00:40:39.263 | SIM: mqtt1_gMqt/GPA6/T404=47,351044
00:40:39.264 | SIM: mqtt1_gMqt/GPA6/Hours=90000
00:40:40.446 | SIM: mqtt1_gMqt/ZAS/ZAS_Actual_Power=200,17917
00:40:40.447 | SIM: mqtt1_gMqt/GPA1/PPU_Gen_active_power=1195,82
00:40:40.447 | SIM: mqtt1_gMqt/GPA1/PPU_Gen_counter_active_power=18023,713
00:40:40.447 | SIM: mqtt1_gMqt/GPA1/T404=44,577137
00:40:40.447 | SIM: mqtt1_gMqt/GPA1/Hours=90000
00:40:40.448 | SIM: mqtt1_gMqt/GPA2/PPU_Gen_active_power=1209,2552
00:40:40.448 | SIM: mqtt1_gMqt/GPA2/PPU_Gen_counter_active_power=18023,54
00:40:40.448 | SIM: mqtt1_gMqt/GPA2/T404=43,623577
00:40:40.448 | SIM: mqtt1_gMqt/GPA2/Hours=90000
00:40:40.448 | SIM: mqtt1_gMqt/GPA3/PPU_Gen_active_power=1169,7028
00:40:40.449 | SIM: mqtt1_gMqt/GPA3/PPU_Gen_counter_active_power=18023,785
00:40:40.449 | SIM: mqtt1_gMqt/GPA3/T404=45,31677
00:40:40.449 | SIM: mqtt1_gMqt/GPA3/Hours=90000
00:40:40.449 | SIM: mqtt1_gMqt/GPA4/PPU_Gen_active_power=1220,4471
00:40:40.449 | SIM: mqtt1_gMqt/GPA4/PPU_Gen_counter_active_power=18024,035
00:40:40.450 | SIM: mqtt1_gMqt/GPA4/T404=46,793346
00:40:40.450 | SIM: mqtt1_gMqt/GPA4/Hours=90000
00:40:40.450 | SIM: mqtt1_gMqt/GPA5/PPU_Gen_active_power=1184,091
00:40:40.450 | SIM: mqtt1_gMqt/GPA5/PPU_Gen_counter_active_power=18023,703
00:40:40.450 | SIM: mqtt1_gMqt/GPA5/T404=44,97838
00:40:40.450 | SIM: mqtt1_gMqt/GPA5/Hours=90000
00:40:40.451 | SIM: mqtt1_gMqt/GPA6/PPU_Gen_active_power=1104,2352
00:40:40.451 | SIM: mqtt1_gMqt/GPA6/PPU_Gen_counter_active_power=18022,521
00:40:40.451 | SIM: mqtt1_gMqt/GPA6/T404=47,343174
00:40:40.451 | SIM: mqtt1_gMqt/GPA6/Hours=90000
00:40:41.542 | SIM: mqtt1_gMqt/ZAS/ZAS_Actual_Power=198,42421
00:40:41.543 | SIM: mqtt1_gMqt/GPA1/PPU_Gen_active_power=1196,6211
00:40:41.543 | SIM: mqtt1_gMqt/GPA1/PPU_Gen_counter_active_power=18024,045
00:40:41.543 | SIM: mqtt1_gMqt/GPA1/T404=44,523037
00:40:41.543 | SIM: mqtt1_gMqt/GPA1/Hours=90000
00:40:41.543 | SIM: mqtt1_gMqt/GPA2/PPU_Gen_active_power=1206,5667
00:40:41.543 | SIM: mqtt1_gMqt/GPA2/PPU_Gen_counter_active_power=18023,875
00:40:41.544 | SIM: mqtt1_gMqt/GPA2/T404=43,399666
00:40:41.544 | SIM: mqtt1_gMqt/GPA2/Hours=90000
00:40:41.544 | SIM: mqtt1_gMqt/GPA3/PPU_Gen_active_power=1177,4102
00:40:41.544 | SIM: mqtt1_gMqt/GPA3/PPU_Gen_counter_active_power=18024,111
00:40:41.544 | SIM: mqtt1_gMqt/GPA3/T404=45,43289
00:40:41.544 | SIM: mqtt1_gMqt/GPA3/Hours=90000
00:40:41.545 | SIM: mqtt1_gMqt/GPA4/PPU_Gen_active_power=1211,6991
00:40:41.545 | SIM: mqtt1_gMqt/GPA4/PPU_Gen_counter_active_power=18024,371
00:40:41.545 | SIM: mqtt1_gMqt/GPA4/T404=46,668365
00:40:41.545 | SIM: mqtt1_gMqt/GPA4/Hours=90000
00:40:41.545 | SIM: mqtt1_gMqt/GPA5/PPU_Gen_active_power=1184,8138
00:40:41.545 | SIM: mqtt1_gMqt/GPA5/PPU_Gen_counter_active_power=18024,033
00:40:41.546 | SIM: mqtt1_gMqt/GPA5/T404=44,79079
00:40:41.546 | SIM: mqtt1_gMqt/GPA5/Hours=90000
00:40:41.546 | SIM: mqtt1_gMqt/GPA6/PPU_Gen_active_power=1097,9479
00:40:41.546 | SIM: mqtt1_gMqt/GPA6/PPU_Gen_counter_active_power=18022,826
00:40:41.546 | SIM: mqtt1_gMqt/GPA6/T404=47,34161
00:40:41.547 | SIM: mqtt1_gMqt/GPA6/Hours=90000
00:40:42.636 | SIM: mqtt1_gMqt/ZAS/ZAS_Actual_Power=199,5864
00:40:42.636 | SIM: mqtt1_gMqt/GPA1/PPU_Gen_active_power=1204,3148
00:40:42.636 | SIM: mqtt1_gMqt/GPA1/PPU_Gen_counter_active_power=18024,379
00:40:42.636 | SIM: mqtt1_gMqt/GPA1/T404=44,70806
00:40:42.637 | SIM: mqtt1_gMqt/GPA1/Hours=90000
00:40:42.637 | SIM: mqtt1_gMqt/GPA2/PPU_Gen_active_power=1212,4493
00:40:42.637 | SIM: mqtt1_gMqt/GPA2/PPU_Gen_counter_active_power=18024,21
00:40:42.637 | SIM: mqtt1_gMqt/GPA2/T404=43,48663
00:40:42.637 | SIM: mqtt1_gMqt/GPA2/Hours=90000
00:40:42.637 | SIM: mqtt1_gMqt/GPA3/PPU_Gen_active_power=1178,5857
00:40:42.638 | SIM: mqtt1_gMqt/GPA3/PPU_Gen_counter_active_power=18024,44
00:40:42.638 | SIM: mqtt1_gMqt/GPA3/T404=45,39901
00:40:42.638 | SIM: mqtt1_gMqt/GPA3/Hours=90000
00:40:42.638 | SIM: mqtt1_gMqt/GPA4/PPU_Gen_active_power=1211,0939
00:40:42.638 | SIM: mqtt1_gMqt/GPA4/PPU_Gen_counter_active_power=18024,707
00:40:42.638 | SIM: mqtt1_gMqt/GPA4/T404=46,66473
00:40:42.638 | SIM: mqtt1_gMqt/GPA4/Hours=90000
00:40:42.639 | SIM: mqtt1_gMqt/GPA5/PPU_Gen_active_power=1184,4155
00:40:42.639 | SIM: mqtt1_gMqt/GPA5/PPU_Gen_counter_active_power=18024,361
00:40:42.639 | SIM: mqtt1_gMqt/GPA5/T404=44,60012
00:40:42.639 | SIM: mqtt1_gMqt/GPA5/Hours=90000
00:40:42.639 | SIM: mqtt1_gMqt/GPA6/PPU_Gen_active_power=1105,81
00:40:42.639 | SIM: mqtt1_gMqt/GPA6/PPU_Gen_counter_active_power=18023,133
00:40:42.640 | SIM: mqtt1_gMqt/GPA6/T404=47,31526
00:40:42.640 | SIM: mqtt1_gMqt/GPA6/Hours=90000
00:40:43.745 | SIM: mqtt1_gMqt/ZAS/ZAS_Actual_Power=199,66046
00:40:43.746 | SIM: mqtt1_gMqt/GPA1/PPU_Gen_active_power=1201,907
00:40:43.746 | SIM: mqtt1_gMqt/GPA1/PPU_Gen_counter_active_power=18024,713
00:40:43.746 | SIM: mqtt1_gMqt/GPA1/T404=44,788006
00:40:43.747 | SIM: mqtt1_gMqt/GPA1/Hours=90000
00:40:43.747 | SIM: mqtt1_gMqt/GPA2/PPU_Gen_active_power=1207,3561
00:40:43.747 | SIM: mqtt1_gMqt/GPA2/PPU_Gen_counter_active_power=18024,547
00:40:43.747 | SIM: mqtt1_gMqt/GPA2/T404=43,616726
00:40:43.747 | SIM: mqtt1_gMqt/GPA2/Hours=90000
00:40:43.748 | SIM: mqtt1_gMqt/GPA3/PPU_Gen_active_power=1168,853
00:40:43.748 | SIM: mqtt1_gMqt/GPA3/PPU_Gen_counter_active_power=18024,764
00:40:43.748 | SIM: mqtt1_gMqt/GPA3/T404=45,6288
00:40:43.748 | SIM: mqtt1_gMqt/GPA3/Hours=90000
00:40:43.749 | SIM: mqtt1_gMqt/GPA3/HAS_IN_Word55_0=True
00:40:43.749 | SIM: mqtt1_gMqt/GPA4/PPU_Gen_active_power=1220,3528
00:40:43.749 | SIM: mqtt1_gMqt/GPA4/PPU_Gen_counter_active_power=18025,047
00:40:43.749 | SIM: mqtt1_gMqt/GPA4/T404=46,532055
00:40:43.749 | SIM: mqtt1_gMqt/GPA4/Hours=90000
00:40:43.750 | SIM: mqtt1_gMqt/GPA5/PPU_Gen_active_power=1187,8903
00:40:43.750 | SIM: mqtt1_gMqt/GPA5/PPU_Gen_counter_active_power=18024,691
00:40:43.750 | SIM: mqtt1_gMqt/GPA5/T404=44,459194
00:40:43.750 | SIM: mqtt1_gMqt/GPA5/Hours=90000
00:40:43.750 | SIM: mqtt1_gMqt/GPA6/PPU_Gen_active_power=1097,4633
00:40:43.751 | SIM: mqtt1_gMqt/GPA6/PPU_Gen_counter_active_power=18023,438
00:40:43.751 | SIM: mqtt1_gMqt/GPA6/T404=47,220314
00:40:43.751 | SIM: mqtt1_gMqt/GPA6/Hours=90000
00:40:44.886 | SIM: mqtt1_gMqt/ZAS/ZAS_Actual_Power=200,35934
00:40:44.887 | SIM: mqtt1_gMqt/GPA1/PPU_Gen_active_power=1209,9758
00:40:44.887 | SIM: mqtt1_gMqt/GPA1/PPU_Gen_counter_active_power=18025,049
00:40:44.887 | SIM: mqtt1_gMqt/GPA1/T404=44,669464
00:40:44.888 | SIM: mqtt1_gMqt/GPA1/Hours=90000
00:40:44.888 | SIM: mqtt1_gMqt/GPA2/PPU_Gen_active_power=1206,387
00:40:44.888 | SIM: mqtt1_gMqt/GPA2/PPU_Gen_counter_active_power=18024,883
00:40:44.888 | SIM: mqtt1_gMqt/GPA2/T404=43,436623
00:40:44.889 | SIM: mqtt1_gMqt/GPA2/Hours=90000
00:40:44.889 | SIM: mqtt1_gMqt/GPA3/PPU_Gen_active_power=1170,8846
00:40:44.889 | SIM: mqtt1_gMqt/GPA3/PPU_Gen_counter_active_power=18025,09
00:40:44.889 | SIM: mqtt1_gMqt/GPA3/T404=45,387352
00:40:44.890 | SIM: mqtt1_gMqt/GPA3/Hours=90000
00:40:44.890 | SIM: mqtt1_gMqt/GPA4/PPU_Gen_active_power=1217,065
00:40:44.890 | SIM: mqtt1_gMqt/GPA4/PPU_Gen_counter_active_power=18025,385
00:40:44.890 | SIM: mqtt1_gMqt/GPA4/T404=46,72942
00:40:44.890 | SIM: mqtt1_gMqt/GPA4/Hours=90000
00:40:44.891 | SIM: mqtt1_gMqt/GPA5/PPU_Gen_active_power=1195,3403
00:40:44.891 | SIM: mqtt1_gMqt/GPA5/PPU_Gen_counter_active_power=18025,023
00:40:44.891 | SIM: mqtt1_gMqt/GPA5/T404=44,623005
00:40:44.891 | SIM: mqtt1_gMqt/GPA5/Hours=90000
00:40:44.891 | SIM: mqtt1_gMqt/GPA6/PPU_Gen_active_power=1093,3386
00:40:44.892 | SIM: mqtt1_gMqt/GPA6/PPU_Gen_counter_active_power=18023,74
00:40:44.892 | SIM: mqtt1_gMqt/GPA6/T404=47,017387
00:40:44.892 | SIM: mqtt1_gMqt/GPA6/Hours=90000
00:40:45.995 | SIM: mqtt1_gMqt/ZAS/ZAS_Actual_Power=199,25642
00:40:45.996 | SIM: mqtt1_gMqt/GPA1/PPU_Gen_active_power=1207,8638
00:40:45.996 | SIM: mqtt1_gMqt/GPA1/PPU_Gen_counter_active_power=18025,385
00:40:45.996 | SIM: mqtt1_gMqt/GPA1/T404=44,8627
00:40:45.996 | SIM: mqtt1_gMqt/GPA1/Hours=90000
00:40:45.996 | SIM: mqtt1_gMqt/GPA2/PPU_Gen_active_power=1214,4993
00:40:45.997 | SIM: mqtt1_gMqt/GPA2/PPU_Gen_counter_active_power=18025,22
00:40:45.997 | SIM: mqtt1_gMqt/GPA2/T404=43,57892
00:40:45.997 | SIM: mqtt1_gMqt/GPA2/Hours=90000
00:40:45.997 | SIM: mqtt1_gMqt/GPA3/PPU_Gen_active_power=1161,578
00:40:45.997 | SIM: mqtt1_gMqt/GPA3/PPU_Gen_counter_active_power=18025,412
00:40:45.997 | SIM: mqtt1_gMqt/GPA3/T404=45,220535
00:40:45.998 | SIM: mqtt1_gMqt/GPA3/Hours=90000
00:40:45.998 | SIM: mqtt1_gMqt/GPA4/PPU_Gen_active_power=1216,072
00:40:45.998 | SIM: mqtt1_gMqt/GPA4/PPU_Gen_counter_active_power=18025,723
00:40:45.998 | SIM: mqtt1_gMqt/GPA4/T404=46,590714
00:40:45.998 | SIM: mqtt1_gMqt/GPA4/Hours=90000
00:40:45.998 | SIM: mqtt1_gMqt/GPA5/PPU_Gen_active_power=1200,105
00:40:45.999 | SIM: mqtt1_gMqt/GPA5/PPU_Gen_counter_active_power=18025,357
00:40:45.999 | SIM: mqtt1_gMqt/GPA5/T404=44,479977
00:40:45.999 | SIM: mqtt1_gMqt/GPA5/Hours=90000
00:40:45.999 | SIM: mqtt1_gMqt/GPA6/PPU_Gen_active_power=1095,6014
00:40:45.999 | SIM: mqtt1_gMqt/GPA6/PPU_Gen_counter_active_power=18024,045
00:40:45.999 | SIM: mqtt1_gMqt/GPA6/T404=47,15881
00:40:46.000 | SIM: mqtt1_gMqt/GPA6/Hours=90000
00:40:47.092 | SIM: mqtt1_gMqt/ZAS/ZAS_Actual_Power=198,13496
00:40:47.093 | SIM: mqtt1_gMqt/GPA1/PPU_Gen_active_power=1198,7819
00:40:47.093 | SIM: mqtt1_gMqt/GPA1/PPU_Gen_counter_active_power=18025,717
00:40:47.093 | SIM: mqtt1_gMqt/GPA1/T404=44,74733
00:40:47.093 | SIM: mqtt1_gMqt/GPA1/Hours=90000
00:40:47.093 | SIM: mqtt1_gMqt/GPA2/PPU_Gen_active_power=1217,9031
00:40:47.094 | SIM: mqtt1_gMqt/GPA2/PPU_Gen_counter_active_power=18025,559
00:40:47.094 | SIM: mqtt1_gMqt/GPA2/T404=43,76001
00:40:47.094 | SIM: mqtt1_gMqt/GPA2/Hours=90000
00:40:47.094 | SIM: mqtt1_gMqt/GPA3/PPU_Gen_active_power=1164,6265
00:40:47.094 | SIM: mqtt1_gMqt/GPA3/PPU_Gen_counter_active_power=18025,736
00:40:47.094 | SIM: mqtt1_gMqt/GPA3/T404=45,131275
00:40:47.095 | SIM: mqtt1_gMqt/GPA3/Hours=90000
00:40:47.095 | SIM: mqtt1_gMqt/GPA4/PPU_Gen_active_power=1207,5139
00:40:47.095 | SIM: mqtt1_gMqt/GPA4/PPU_Gen_counter_active_power=18026,059
00:40:47.095 | SIM: mqtt1_gMqt/GPA4/T404=46,70295
00:40:47.095 | SIM: mqtt1_gMqt/GPA4/Hours=90000
00:40:47.095 | SIM: mqtt1_gMqt/GPA5/PPU_Gen_active_power=1196,9722
00:40:47.095 | SIM: mqtt1_gMqt/GPA5/PPU_Gen_counter_active_power=18025,69
00:40:47.096 | SIM: mqtt1_gMqt/GPA5/T404=44,63399
00:40:47.096 | SIM: mqtt1_gMqt/GPA5/Hours=90000
00:40:47.096 | SIM: mqtt1_gMqt/GPA6/PPU_Gen_active_power=1086,7528
00:40:47.096 | SIM: mqtt1_gMqt/GPA6/PPU_Gen_counter_active_power=18024,348
00:40:47.096 | SIM: mqtt1_gMqt/GPA6/T404=47,339733
00:40:47.096 | SIM: mqtt1_gMqt/GPA6/Hours=90000
00:40:48.182 | SIM: mqtt1_gMqt/ZAS/ZAS_Actual_Power=196,82939
00:40:48.182 | SIM: mqtt1_gMqt/GPA1/PPU_Gen_active_power=1196,2812
00:40:48.183 | SIM: mqtt1_gMqt/GPA1/PPU_Gen_counter_active_power=18026,049
00:40:48.183 | SIM: mqtt1_gMqt/GPA1/T404=44,90763
00:40:48.183 | SIM: mqtt1_gMqt/GPA1/Hours=90000
00:40:48.184 | SIM: mqtt1_gMqt/GPA2/PPU_Gen_active_power=1220,5074
00:40:48.184 | SIM: mqtt1_gMqt/GPA2/PPU_Gen_counter_active_power=18025,898
00:40:48.184 | SIM: mqtt1_gMqt/GPA2/T404=43,822536
00:40:48.184 | SIM: mqtt1_gMqt/GPA2/Hours=90000
00:40:48.184 | SIM: mqtt1_gMqt/GPA3/PPU_Gen_active_power=1159,9954
00:40:48.185 | SIM: mqtt1_gMqt/GPA3/PPU_Gen_counter_active_power=18026,059
00:40:48.185 | SIM: mqtt1_gMqt/GPA3/T404=45,214005
00:40:48.185 | SIM: mqtt1_gMqt/GPA3/Hours=90000
00:40:48.185 | SIM: mqtt1_gMqt/GPA4/PPU_Gen_active_power=1213,344
00:40:48.186 | SIM: mqtt1_gMqt/GPA4/PPU_Gen_counter_active_power=18026,396
00:40:48.186 | SIM: mqtt1_gMqt/GPA4/T404=46,948483
00:40:48.186 | SIM: mqtt1_gMqt/GPA4/Hours=90000
00:40:48.186 | SIM: mqtt1_gMqt/GPA5/PPU_Gen_active_power=1201,9346
00:40:48.186 | SIM: mqtt1_gMqt/GPA5/PPU_Gen_counter_active_power=18026,023
00:40:48.186 | SIM: mqtt1_gMqt/GPA5/T404=44,615997
00:40:48.186 | SIM: mqtt1_gMqt/GPA5/Hours=90000
00:40:48.186 | SIM: mqtt1_gMqt/GPA6/PPU_Gen_active_power=1089,9893
00:40:48.187 | SIM: mqtt1_gMqt/GPA6/PPU_Gen_counter_active_power=18024,65
00:40:48.187 | SIM: mqtt1_gMqt/GPA6/T404=47,28232
00:40:48.187 | SIM: mqtt1_gMqt/GPA6/Hours=90000
00:40:49.277 | SIM: mqtt1_gMqt/ZAS/ZAS_Actual_Power=198,29874
00:40:49.278 | SIM: mqtt1_gMqt/GPA1/PPU_Gen_active_power=1193,8323
00:40:49.278 | SIM: mqtt1_gMqt/GPA1/PPU_Gen_counter_active_power=18026,38
00:40:49.278 | SIM: mqtt1_gMqt/GPA1/T404=44,98055
00:40:49.279 | SIM: mqtt1_gMqt/GPA1/Hours=90000
00:40:49.279 | SIM: mqtt1_gMqt/GPA2/PPU_Gen_active_power=1219,1268
00:40:49.279 | SIM: mqtt1_gMqt/GPA2/PPU_Gen_counter_active_power=18026,236
00:40:49.279 | SIM: mqtt1_gMqt/GPA2/T404=43,925785
00:40:49.280 | SIM: mqtt1_gMqt/GPA2/Hours=90000
00:40:49.280 | SIM: mqtt1_gMqt/GPA2/HAS_IN_Word55_0=True
00:40:49.280 | SIM: mqtt1_gMqt/GPA3/PPU_Gen_active_power=1163,7092
00:40:49.280 | SIM: mqtt1_gMqt/GPA3/PPU_Gen_counter_active_power=18026,383
00:40:49.280 | SIM: mqtt1_gMqt/GPA3/T404=45,29202
00:40:49.281 | SIM: mqtt1_gMqt/GPA3/Hours=90000
00:40:49.281 | SIM: mqtt1_gMqt/GPA4/PPU_Gen_active_power=1217,4877
00:40:49.281 | SIM: mqtt1_gMqt/GPA4/PPU_Gen_counter_active_power=18026,734
00:40:49.281 | SIM: mqtt1_gMqt/GPA4/T404=47,07203
00:40:49.281 | SIM: mqtt1_gMqt/GPA4/Hours=90000
00:40:49.282 | SIM: mqtt1_gMqt/GPA5/PPU_Gen_active_power=1211,5043
00:40:49.282 | SIM: mqtt1_gMqt/GPA5/PPU_Gen_counter_active_power=18026,36
00:40:49.282 | SIM: mqtt1_gMqt/GPA5/T404=44,674606
00:40:49.282 | SIM: mqtt1_gMqt/GPA5/Hours=90000
00:40:49.283 | SIM: mqtt1_gMqt/GPA6/PPU_Gen_active_power=1082,0714
00:40:49.283 | SIM: mqtt1_gMqt/GPA6/PPU_Gen_counter_active_power=18024,951
00:40:49.283 | SIM: mqtt1_gMqt/GPA6/T404=47,29875
00:40:49.283 | SIM: mqtt1_gMqt/GPA6/Hours=90000
00:41:19.683 | SIM: mqtt1_plc1_40001=20
00:41:19.690 | SIM: mqtt1_plc1_00001=False
00:41:19.690 | SIM: mqtt1_gMqt/ZAS/ZAS_Actual_Power=150
00:41:19.690 | SIM: mqtt1_gMqt/ZAS/ZAS_Setpoint_Power=200
00:41:19.690 | SIM: mqtt1_gMqt/Mixer/Tank_Level=50
00:41:19.690 | SIM: mqtt1_gMqt/Mixer/Pump_NS_Status=True
00:41:19.691 | SIM: mqtt1_gMqt/Mixer/Valve_YV_W1=True
00:41:19.691 | SIM: mqtt1_gMqt/Mixer/Valve_YV_S1=45
00:41:19.691 | SIM: mqtt1_gMqt/Mixer/Valve_YV_M1=True
00:41:19.691 | SIM: mqtt1_gMqt/Mixer/Mixed_Temp=60
00:41:19.691 | SIM: mqtt1_gMqt/Mixer/Tank_Pressure=2,4
00:41:19.692 | SIM: mqtt1_gMqt/GPA1/PPU_Gen_active_power=0
00:41:19.692 | SIM: mqtt1_gMqt/GPA1/PPU_Gen_counter_active_power=0
00:41:19.692 | SIM: mqtt1_gMqt/GPA1/T404=0
00:41:19.692 | SIM: mqtt1_gMqt/GPA1/Hours=0
00:41:19.692 | SIM: mqtt1_gMqt/GPA1/Status_MWM=False
00:41:19.693 | SIM: mqtt1_gMqt/GPA1/HAS_IN_Word55_0=False
00:41:19.693 | SIM: mqtt1_gMqt/GPA2/PPU_Gen_active_power=0
00:41:19.693 | SIM: mqtt1_gMqt/GPA2/PPU_Gen_counter_active_power=0
00:41:19.693 | SIM: mqtt1_gMqt/GPA2/T404=0
00:41:19.693 | SIM: mqtt1_gMqt/GPA2/Hours=0
00:41:19.694 | SIM: mqtt1_gMqt/GPA2/Status_MWM=False
00:41:19.694 | SIM: mqtt1_gMqt/GPA2/HAS_IN_Word55_0=False
00:41:19.694 | SIM: mqtt1_gMqt/GPA3/PPU_Gen_active_power=0
00:41:19.694 | SIM: mqtt1_gMqt/GPA3/PPU_Gen_counter_active_power=0
00:41:19.694 | SIM: mqtt1_gMqt/GPA3/T404=0
00:41:19.695 | SIM: mqtt1_gMqt/GPA3/Hours=0
00:41:19.695 | SIM: mqtt1_gMqt/GPA3/Status_MWM=False
00:41:19.695 | SIM: mqtt1_gMqt/GPA3/HAS_IN_Word55_0=False
00:41:19.695 | SIM: mqtt1_gMqt/GPA4/PPU_Gen_active_power=0
00:41:19.695 | SIM: mqtt1_gMqt/GPA4/PPU_Gen_counter_active_power=0
00:41:19.695 | SIM: mqtt1_gMqt/GPA4/T404=0
00:41:19.696 | SIM: mqtt1_gMqt/GPA4/Hours=0
00:41:19.696 | SIM: mqtt1_gMqt/GPA4/Status_MWM=False
00:41:19.696 | SIM: mqtt1_gMqt/GPA4/HAS_IN_Word55_0=False
00:41:19.696 | SIM: mqtt1_gMqt/GPA5/PPU_Gen_active_power=0
00:41:19.696 | SIM: mqtt1_gMqt/GPA5/PPU_Gen_counter_active_power=0
00:41:19.697 | SIM: mqtt1_gMqt/GPA5/T404=0
00:41:19.697 | SIM: mqtt1_gMqt/GPA5/Hours=0
00:41:19.697 | SIM: mqtt1_gMqt/GPA5/Status_MWM=False
00:41:19.697 | SIM: mqtt1_gMqt/GPA5/HAS_IN_Word55_0=False
00:41:19.697 | SIM: mqtt1_gMqt/GPA6/PPU_Gen_active_power=0
00:41:19.697 | SIM: mqtt1_gMqt/GPA6/PPU_Gen_counter_active_power=0
00:41:19.698 | SIM: mqtt1_gMqt/GPA6/T404=0
00:41:19.698 | SIM: mqtt1_gMqt/GPA6/Hours=0
00:41:19.698 | SIM: mqtt1_gMqt/GPA6/Status_MWM=False
00:41:19.698 | SIM: mqtt1_gMqt/GPA6/HAS_IN_Word55_0=False
DataCoreService Start called
Extracted 85 tags
Tag: mqtt1_gMqt/ZAS/ZAS_Actual_Power
Tag: mqtt1_gMqt/ZAS/ZAS_Setpoint_Power
Tag: mqtt1_gMqt/ZAS/ZAS_Actual_Power
Tag: _
Tag: mqtt1_gMqt/GPA1/PPU_Gen_active_power
Tag: mqtt1_gMqt/GPA1/PPU_Gen_counter_active_power
Tag: mqtt1_gMqt/GPA1/T404
Tag: mqtt1_gMqt/GPA1/Hours
Tag: mqtt1_gMqt/GPA1/Status_MWM
Tag: mqtt1_gMqt/GPA1/HAS_IN_Word55_0
Tag: mqtt1_gMqt/GPA1/PPU_Gen_active_power
Tag: _
Tag: mqtt1_gMqt/GPA2/PPU_Gen_active_power
Tag: mqtt1_gMqt/GPA2/PPU_Gen_counter_active_power
Tag: mqtt1_gMqt/GPA2/T404
Tag: mqtt1_gMqt/GPA2/Hours
Tag: mqtt1_gMqt/GPA2/Status_MWM
Tag: mqtt1_gMqt/GPA2/HAS_IN_Word55_0
Tag: mqtt1_gMqt/GPA2/PPU_Gen_active_power
Tag: _
Tag: mqtt1_gMqt/GPA3/PPU_Gen_active_power
Tag: mqtt1_gMqt/GPA3/PPU_Gen_counter_active_power
Tag: mqtt1_gMqt/GPA3/T404
Tag: mqtt1_gMqt/GPA3/Hours
Tag: mqtt1_gMqt/GPA3/Status_MWM
Tag: mqtt1_gMqt/GPA3/HAS_IN_Word55_0
Tag: mqtt1_gMqt/GPA3/PPU_Gen_active_power
Tag: _
Tag: mqtt1_gMqt/GPA4/PPU_Gen_active_power
Tag: mqtt1_gMqt/GPA4/PPU_Gen_counter_active_power
Tag: mqtt1_gMqt/GPA4/T404
Tag: mqtt1_gMqt/GPA4/Hours
Tag: mqtt1_gMqt/GPA4/Status_MWM
Tag: mqtt1_gMqt/GPA4/HAS_IN_Word55_0
Tag: mqtt1_gMqt/GPA4/PPU_Gen_active_power
Tag: _
Tag: mqtt1_gMqt/GPA5/PPU_Gen_active_power
Tag: mqtt1_gMqt/GPA5/PPU_Gen_counter_active_power
Tag: mqtt1_gMqt/GPA5/T404
Tag: mqtt1_gMqt/GPA5/Hours
Tag: mqtt1_gMqt/GPA5/Status_MWM
Tag: mqtt1_gMqt/GPA5/HAS_IN_Word55_0
Tag: mqtt1_gMqt/GPA5/PPU_Gen_active_power
Tag: _
Tag: mqtt1_gMqt/GPA6/PPU_Gen_active_power
Tag: mqtt1_gMqt/GPA6/PPU_Gen_counter_active_power
Tag: mqtt1_gMqt/GPA6/T404
Tag: mqtt1_gMqt/GPA6/Hours
Tag: mqtt1_gMqt/GPA6/Status_MWM
Tag: mqtt1_gMqt/GPA6/HAS_IN_Word55_0
Tag: mqtt1_gMqt/GPA6/PPU_Gen_active_power
Tag: plc1_00001
Tag: plc1_00002
Tag: plc1_00001
Tag: plc1_00001
Tag: plc1_00001
Tag: plc1_30035
Tag: plc1_40005
Tag: plc1_00010
Tag: plc1_00003
Tag: plc1_00003
Tag: plc1_30031
Tag: plc1_40006
Tag: plc1_00004
Tag: plc1_00004
Tag: plc1_30033
Tag: plc1_40007
Tag: plc1_30029
Tag: plc1_30025
Tag: plc1_30023
Tag: plc1_00011
Tag: plc1_00006
Tag: plc1_40033
Tag: plc1_40025
Tag: plc1_00007
Tag: plc1_40027
Tag: plc1_00007
Tag: plc1_00007
Tag: plc1_00007
Tag: plc1_00005
Tag: plc1_00005
Tag: plc1_40029
Tag: plc1_40021
Tag: plc1_00001
Tag: plc1_30027
00:41:19.886 | STREAM: plc1_00001=False
00:41:19.886 | STREAM: plc1_00002=False
00:41:19.888 | STREAM: plc1_30035=0
00:41:19.889 | STREAM: plc1_40005=0
00:41:19.889 | STREAM: plc1_00010=False
00:41:19.889 | STREAM: plc1_00003=False
00:41:19.890 | STREAM: plc1_30031=0
00:41:19.890 | STREAM: plc1_40006=0
00:41:19.890 | STREAM: plc1_00004=False
00:41:19.890 | STREAM: plc1_30033=0
00:41:19.891 | STREAM: plc1_40007=0
00:41:19.891 | STREAM: plc1_30029=0
00:41:19.891 | STREAM: plc1_30025=1,0000006
00:41:19.892 | STREAM: plc1_30023=20,002205
00:41:19.892 | STREAM: plc1_00011=False
00:41:19.892 | STREAM: plc1_00006=False
00:41:19.893 | STREAM: plc1_40033=0
00:41:19.893 | STREAM: plc1_40025=0
00:41:19.893 | STREAM: plc1_00007=False
00:41:19.894 | STREAM: plc1_40027=0
00:41:19.894 | STREAM: plc1_00005=False
00:41:19.894 | STREAM: plc1_40029=0
00:41:19.895 | STREAM: plc1_40021=0
00:41:19.895 | STREAM: plc1_30027=0
00:41:19.998 | STREAM: mqtt1_gMqt/ZAS/ZAS_Setpoint_Power=52
00:41:20.386 | STREAM: plc1_00001=False
00:41:20.387 | STREAM: plc1_00002=False
00:41:20.387 | STREAM: plc1_30035=0
00:41:20.387 | STREAM: plc1_40005=0
00:41:20.387 | STREAM: plc1_00010=False
00:41:20.388 | STREAM: plc1_00003=False
00:41:20.388 | STREAM: plc1_30031=0
00:41:20.388 | STREAM: plc1_40006=0
00:41:20.389 | STREAM: plc1_00004=False
00:41:20.389 | STREAM: plc1_30033=0
00:41:20.389 | STREAM: plc1_40007=0
00:41:20.389 | STREAM: plc1_30029=0
00:41:20.390 | STREAM: plc1_30025=1,0000103
00:41:20.390 | STREAM: plc1_30023=20,013151
00:41:20.390 | STREAM: plc1_00011=False
00:41:20.391 | STREAM: plc1_00006=False
00:41:20.391 | STREAM: plc1_40033=0
00:41:20.391 | STREAM: plc1_40025=0
00:41:20.392 | STREAM: plc1_00007=False
00:41:20.392 | STREAM: plc1_40027=0
00:41:20.392 | STREAM: plc1_00005=False
00:41:20.392 | STREAM: plc1_40029=0
00:41:20.393 | STREAM: plc1_40021=0
00:41:20.393 | STREAM: plc1_30027=0
00:41:20.809 | SIM: mqtt1_gMqt/ZAS/ZAS_Actual_Power=154,57162
00:41:20.809 | SIM: mqtt1_gMqt/GPA1/PPU_Gen_active_power=1192,0697
00:41:20.810 | SIM: mqtt1_gMqt/GPA1/PPU_Gen_counter_active_power=18000,332
00:41:20.810 | SIM: mqtt1_gMqt/GPA1/T404=45,04974
00:41:20.810 | SIM: mqtt1_gMqt/GPA1/Hours=90000
00:41:20.810 | SIM: mqtt1_gMqt/GPA2/PPU_Gen_active_power=1194,7197
00:41:20.810 | SIM: mqtt1_gMqt/GPA2/PPU_Gen_counter_active_power=18000,332
00:41:20.810 | SIM: mqtt1_gMqt/GPA2/T404=45,142353
00:41:20.810 | SIM: mqtt1_gMqt/GPA2/Hours=90000
00:41:20.811 | SIM: mqtt1_gMqt/GPA3/PPU_Gen_active_power=1194,4963
00:41:20.811 | SIM: mqtt1_gMqt/GPA3/PPU_Gen_counter_active_power=18000,332
00:41:20.811 | SIM: mqtt1_gMqt/GPA3/T404=44,767902
00:41:20.812 | SIM: mqtt1_gMqt/GPA3/Hours=90000
00:41:20.812 | SIM: mqtt1_gMqt/GPA4/PPU_Gen_active_power=1208,4443
00:41:20.812 | SIM: mqtt1_gMqt/GPA4/PPU_Gen_counter_active_power=18000,336
00:41:20.812 | SIM: mqtt1_gMqt/GPA4/T404=44,977436
00:41:20.812 | SIM: mqtt1_gMqt/GPA4/Hours=90000
00:41:20.813 | SIM: mqtt1_gMqt/GPA5/PPU_Gen_active_power=1190,0385
00:41:20.813 | SIM: mqtt1_gMqt/GPA5/PPU_Gen_counter_active_power=18000,33
00:41:20.813 | SIM: mqtt1_gMqt/GPA5/T404=45,044106
00:41:20.813 | SIM: mqtt1_gMqt/GPA5/Hours=90000
00:41:20.813 | SIM: mqtt1_gMqt/GPA6/PPU_Gen_active_power=1207,7129
00:41:20.813 | SIM: mqtt1_gMqt/GPA6/PPU_Gen_counter_active_power=18000,336
00:41:20.813 | SIM: mqtt1_gMqt/GPA6/T404=45,006287
00:41:20.814 | SIM: mqtt1_gMqt/GPA6/Hours=90000
00:41:20.887 | STREAM: plc1_00001=False
00:41:20.887 | STREAM: plc1_00002=False
00:41:20.888 | STREAM: plc1_30035=0
00:41:20.888 | STREAM: plc1_40005=0
00:41:20.888 | STREAM: plc1_00010=False
00:41:20.889 | STREAM: plc1_00003=False
00:41:20.889 | STREAM: plc1_30031=0
00:41:20.889 | STREAM: plc1_40006=0
00:41:20.890 | STREAM: plc1_00004=False
00:41:20.890 | STREAM: plc1_30033=0
00:41:20.890 | STREAM: plc1_40007=0
00:41:20.891 | STREAM: plc1_30029=0
00:41:20.891 | STREAM: plc1_30025=1,0000243
00:41:20.891 | STREAM: plc1_30023=20,021854
00:41:20.892 | STREAM: plc1_00011=False
00:41:20.892 | STREAM: plc1_00006=False
00:41:20.892 | STREAM: plc1_40033=0
00:41:20.893 | STREAM: plc1_40025=0
00:41:20.893 | STREAM: plc1_00007=False
00:41:20.893 | STREAM: plc1_40027=0
00:41:20.894 | STREAM: plc1_00005=False
00:41:20.894 | STREAM: plc1_40029=0
00:41:20.895 | STREAM: plc1_40021=0
00:41:20.895 | STREAM: plc1_30027=0
00:41:21.397 | STREAM: plc1_00001=False
00:41:21.397 | STREAM: plc1_00002=False
00:41:21.398 | STREAM: plc1_30035=0
00:41:21.398 | STREAM: plc1_40005=0
00:41:21.399 | STREAM: plc1_00010=False
00:41:21.399 | STREAM: plc1_00003=False
00:41:21.399 | STREAM: plc1_30031=0
00:41:21.399 | STREAM: plc1_40006=0
00:41:21.400 | STREAM: plc1_00004=False
00:41:21.400 | STREAM: plc1_30033=0
00:41:21.401 | STREAM: plc1_40007=0
00:41:21.401 | STREAM: plc1_30029=0
00:41:21.401 | STREAM: plc1_30025=1,0000472
00:41:21.402 | STREAM: plc1_30023=20,032526
00:41:21.402 | STREAM: plc1_00011=False
00:41:21.402 | STREAM: plc1_00006=False
00:41:21.403 | STREAM: plc1_40033=0
00:41:21.403 | STREAM: plc1_40025=0
00:41:21.403 | STREAM: plc1_00007=False
00:41:21.404 | STREAM: plc1_40027=0
00:41:21.404 | STREAM: plc1_00005=False
00:41:21.404 | STREAM: plc1_40029=0
00:41:21.405 | STREAM: plc1_40021=0
00:41:21.405 | STREAM: plc1_30027=0
00:41:21.900 | SIM: mqtt1_gMqt/ZAS/ZAS_Actual_Power=159,41702
00:41:21.900 | STREAM: plc1_00001=False
00:41:21.900 | SIM: mqtt1_gMqt/GPA1/PPU_Gen_active_power=1190,7955
00:41:21.901 | STREAM: plc1_00002=False
00:41:21.901 | SIM: mqtt1_gMqt/GPA1/PPU_Gen_counter_active_power=18000,662
00:41:21.901 | SIM: mqtt1_gMqt/GPA1/T404=45,209194
00:41:21.901 | STREAM: plc1_30035=0
00:41:21.901 | SIM: mqtt1_gMqt/GPA1/Hours=90000
00:41:21.901 | SIM: mqtt1_gMqt/GPA2/PPU_Gen_active_power=1194,5907
00:41:21.902 | STREAM: plc1_40005=0
00:41:21.902 | STREAM: plc1_00010=False
00:41:21.902 | STREAM: plc1_00003=False
00:41:21.902 | STREAM: plc1_30031=0
00:41:21.903 | STREAM: plc1_40006=0
00:41:21.903 | SIM: mqtt1_gMqt/GPA2/T404=45,355255
00:41:21.903 | STREAM: plc1_00004=False
00:41:21.903 | SIM: mqtt1_gMqt/GPA3/PPU_Gen_active_power=1193,5708
00:41:21.903 | STREAM: plc1_30033=0
00:41:21.903 | SIM: mqtt1_gMqt/GPA3/PPU_Gen_counter_active_power=18000,664
00:41:21.904 | SIM: mqtt1_gMqt/GPA3/T404=44,841667
00:41:21.904 | SIM: mqtt1_gMqt/GPA3/Hours=90000
00:41:21.904 | STREAM: plc1_30029=0
00:41:21.904 | SIM: mqtt1_gMqt/GPA4/PPU_Gen_counter_active_power=18000,674
00:41:21.905 | STREAM: plc1_30025=1,0000747
00:41:21.905 | SIM: mqtt1_gMqt/GPA4/T404=45,123154
00:41:21.905 | SIM: mqtt1_gMqt/GPA4/Hours=90000
00:41:21.905 | STREAM: plc1_30023=20,04333
00:41:21.905 | SIM: mqtt1_gMqt/GPA5/PPU_Gen_counter_active_power=18000,662
00:41:21.906 | SIM: mqtt1_gMqt/GPA5/T404=45,24988
00:41:21.906 | SIM: mqtt1_gMqt/GPA5/Hours=90000
00:41:21.906 | SIM: mqtt1_gMqt/GPA6/PPU_Gen_active_power=1215,2666
00:41:21.906 | STREAM: plc1_40033=0
00:41:21.906 | SIM: mqtt1_gMqt/GPA6/PPU_Gen_counter_active_power=18000,674
00:41:21.906 | SIM: mqtt1_gMqt/GPA6/T404=44,80193
00:41:21.906 | STREAM: plc1_40025=0
00:41:21.907 | SIM: mqtt1_gMqt/GPA6/Hours=90000
00:41:21.907 | STREAM: plc1_00007=False
00:41:21.907 | STREAM: plc1_40027=0
00:41:21.907 | STREAM: plc1_00005=False
00:41:21.908 | STREAM: plc1_40029=0
00:41:21.908 | STREAM: plc1_40021=0
00:41:21.908 | STREAM: plc1_30027=0
00:41:22.401 | STREAM: plc1_00001=False
00:41:22.402 | STREAM: plc1_00002=False
00:41:22.402 | STREAM: plc1_30035=0
00:41:22.402 | STREAM: plc1_40005=0
00:41:22.403 | STREAM: plc1_00010=False
00:41:22.403 | STREAM: plc1_00003=False
00:41:22.404 | STREAM: plc1_30031=0
00:41:22.404 | STREAM: plc1_40006=0
00:41:22.404 | STREAM: plc1_00004=False
00:41:22.405 | STREAM: plc1_30033=0
00:41:22.405 | STREAM: plc1_40007=0
00:41:22.405 | STREAM: plc1_30029=0
00:41:22.406 | STREAM: plc1_30025=1,0000988
00:41:22.406 | STREAM: plc1_30023=20,051907
00:41:22.406 | STREAM: plc1_00011=False
00:41:22.407 | STREAM: plc1_00006=False
00:41:22.407 | STREAM: plc1_40033=0
00:41:22.407 | STREAM: plc1_40025=0
00:41:22.408 | STREAM: plc1_00007=False
00:41:22.408 | STREAM: plc1_40027=0
00:41:22.408 | STREAM: plc1_00005=False
00:41:22.408 | STREAM: plc1_40029=0
00:41:22.409 | STREAM: plc1_40021=0
00:41:22.409 | STREAM: plc1_30027=0
00:41:22.916 | STREAM: plc1_00001=False
00:41:22.917 | STREAM: plc1_00002=False
00:41:22.917 | STREAM: plc1_30035=0
00:41:22.917 | STREAM: plc1_40005=0
00:41:22.918 | STREAM: plc1_00010=False
00:41:22.918 | STREAM: plc1_00003=False
00:41:22.918 | STREAM: plc1_30031=0
00:41:22.918 | STREAM: plc1_40006=0
00:41:22.918 | STREAM: plc1_00004=False
00:41:22.919 | STREAM: plc1_30033=0
00:41:22.919 | STREAM: plc1_40007=0
00:41:22.919 | STREAM: plc1_30029=0
00:41:22.919 | STREAM: plc1_30025=1,0001307
00:41:22.920 | STREAM: plc1_30023=20,062511
00:41:22.920 | STREAM: plc1_00011=False
00:41:22.920 | STREAM: plc1_00006=False
00:41:22.920 | STREAM: plc1_40033=0
00:41:22.921 | STREAM: plc1_40025=0
00:41:22.921 | STREAM: plc1_00007=False
00:41:22.921 | STREAM: plc1_40027=0
00:41:22.922 | STREAM: plc1_00005=False
00:41:22.922 | STREAM: plc1_40029=0
00:41:22.922 | STREAM: plc1_40021=0
00:41:22.922 | STREAM: plc1_30027=0
00:41:22.995 | SIM: mqtt1_gMqt/ZAS/ZAS_Actual_Power=164,90788
00:41:22.996 | SIM: mqtt1_gMqt/GPA1/PPU_Gen_active_power=1186,5819
00:41:22.996 | SIM: mqtt1_gMqt/GPA1/PPU_Gen_counter_active_power=18000,992
00:41:22.996 | SIM: mqtt1_gMqt/GPA1/T404=45,032486
00:41:22.996 | SIM: mqtt1_gMqt/GPA1/Hours=90000
00:41:22.997 | SIM: mqtt1_gMqt/GPA2/PPU_Gen_active_power=1193,8611
00:41:22.997 | SIM: mqtt1_gMqt/GPA2/PPU_Gen_counter_active_power=18000,996
00:41:22.997 | SIM: mqtt1_gMqt/GPA2/T404=45,391983
00:41:22.997 | SIM: mqtt1_gMqt/GPA2/Hours=90000
00:41:22.997 | SIM: mqtt1_gMqt/GPA3/PPU_Gen_active_power=1199,2452
00:41:22.997 | SIM: mqtt1_gMqt/GPA3/PPU_Gen_counter_active_power=18000,998
00:41:22.998 | SIM: mqtt1_gMqt/GPA3/T404=44,812637
00:41:22.998 | SIM: mqtt1_gMqt/GPA3/Hours=90000
00:41:22.998 | SIM: mqtt1_gMqt/GPA4/PPU_Gen_active_power=1206,3008
00:41:22.998 | SIM: mqtt1_gMqt/GPA4/PPU_Gen_counter_active_power=18001,01
00:41:22.998 | SIM: mqtt1_gMqt/GPA4/T404=44,875713
00:41:22.998 | SIM: mqtt1_gMqt/GPA4/Hours=90000
00:41:22.998 | SIM: mqtt1_gMqt/GPA4/HAS_IN_Word55_0=True
00:41:22.999 | SIM: mqtt1_gMqt/GPA5/PPU_Gen_active_power=1200,6327
00:41:22.999 | SIM: mqtt1_gMqt/GPA5/PPU_Gen_counter_active_power=18000,996
00:41:22.999 | SIM: mqtt1_gMqt/GPA5/T404=45,35291
00:41:22.999 | SIM: mqtt1_gMqt/GPA5/Hours=90000
00:41:22.999 | SIM: mqtt1_gMqt/GPA6/PPU_Gen_active_power=1223,0973
00:41:22.999 | SIM: mqtt1_gMqt/GPA6/PPU_Gen_counter_active_power=18001,014
00:41:23.000 | SIM: mqtt1_gMqt/GPA6/T404=44,64204
00:41:23.000 | SIM: mqtt1_gMqt/GPA6/Hours=90000
00:41:23.417 | STREAM: plc1_00001=False
00:41:23.417 | STREAM: plc1_00002=False
00:41:23.417 | STREAM: plc1_30035=0
00:41:23.418 | STREAM: plc1_40005=0
00:41:23.418 | STREAM: plc1_00010=False
00:41:23.418 | STREAM: plc1_00003=False
00:41:23.419 | STREAM: plc1_30031=0
00:41:23.419 | STREAM: plc1_40006=0
00:41:23.419 | STREAM: plc1_00004=False
00:41:23.419 | STREAM: plc1_30033=0
00:41:23.419 | STREAM: plc1_40007=0
00:41:23.420 | STREAM: plc1_30029=0
00:41:23.420 | STREAM: plc1_30025=1,0001571
00:41:23.420 | STREAM: plc1_30023=20,070984
00:41:23.420 | STREAM: plc1_00011=False
00:41:23.421 | STREAM: plc1_00006=False
00:41:23.421 | STREAM: plc1_40033=0
00:41:23.421 | STREAM: plc1_40025=0
00:41:23.421 | STREAM: plc1_00007=False
00:41:23.421 | STREAM: plc1_40027=0
00:41:23.422 | STREAM: plc1_00005=False
00:41:23.422 | STREAM: plc1_40029=0
00:41:23.422 | STREAM: plc1_40021=0
00:41:23.422 | STREAM: plc1_30027=0
00:41:23.931 | STREAM: plc1_00001=False
00:41:23.932 | STREAM: plc1_00002=False
00:41:23.933 | STREAM: plc1_30035=0
00:41:23.933 | STREAM: plc1_40005=0
00:41:23.933 | STREAM: plc1_00010=False
00:41:23.933 | STREAM: plc1_00003=False
00:41:23.934 | STREAM: plc1_30031=0
00:41:23.934 | STREAM: plc1_40006=0
00:41:23.934 | STREAM: plc1_00004=False
00:41:23.935 | STREAM: plc1_30033=0
00:41:23.935 | STREAM: plc1_40007=0
00:41:23.935 | STREAM: plc1_30029=0
00:41:23.935 | STREAM: plc1_30025=1,000191
00:41:23.936 | STREAM: plc1_30023=20,08149
00:41:23.936 | STREAM: plc1_00011=False
00:41:23.936 | STREAM: plc1_00006=False
00:41:23.936 | STREAM: plc1_40033=0
00:41:23.937 | STREAM: plc1_40025=0
00:41:23.937 | STREAM: plc1_00007=False
00:41:23.937 | STREAM: plc1_40027=0
00:41:23.938 | STREAM: plc1_00005=False
00:41:23.938 | STREAM: plc1_40029=0
00:41:23.938 | STREAM: plc1_40021=0
00:41:23.938 | STREAM: plc1_30027=0
00:41:24.087 | SIM: mqtt1_gMqt/ZAS/ZAS_Actual_Power=167,10074
00:41:24.087 | SIM: mqtt1_gMqt/GPA1/PPU_Gen_active_power=1191,9299
00:41:24.087 | SIM: mqtt1_gMqt/GPA1/PPU_Gen_counter_active_power=18001,324
00:41:24.088 | SIM: mqtt1_gMqt/GPA1/T404=44,922897
00:41:24.088 | SIM: mqtt1_gMqt/GPA1/Hours=90000
00:41:24.088 | SIM: mqtt1_gMqt/GPA2/PPU_Gen_active_power=1185,0087
00:41:24.088 | SIM: mqtt1_gMqt/GPA2/PPU_Gen_counter_active_power=18001,326
00:41:24.088 | SIM: mqtt1_gMqt/GPA2/T404=45,24071
00:41:24.089 | SIM: mqtt1_gMqt/GPA2/Hours=90000
00:41:24.089 | SIM: mqtt1_gMqt/GPA3/PPU_Gen_active_power=1193,6699
00:41:24.089 | SIM: mqtt1_gMqt/GPA3/PPU_Gen_counter_active_power=18001,33
00:41:24.089 | SIM: mqtt1_gMqt/GPA3/T404=44,73948
00:41:24.089 | SIM: mqtt1_gMqt/GPA3/Hours=90000
00:41:24.089 | SIM: mqtt1_gMqt/GPA4/PPU_Gen_active_power=1196,7683
00:41:24.090 | SIM: mqtt1_gMqt/GPA4/PPU_Gen_counter_active_power=18001,342
00:41:24.090 | SIM: mqtt1_gMqt/GPA4/T404=44,80091
00:41:24.090 | SIM: mqtt1_gMqt/GPA4/Hours=90000
00:41:24.090 | SIM: mqtt1_gMqt/GPA5/PPU_Gen_active_power=1200,7902
00:41:24.090 | SIM: mqtt1_gMqt/GPA5/PPU_Gen_counter_active_power=18001,33
00:41:24.090 | SIM: mqtt1_gMqt/GPA5/T404=45,203182
00:41:24.091 | SIM: mqtt1_gMqt/GPA5/Hours=90000
00:41:24.091 | SIM: mqtt1_gMqt/GPA6/PPU_Gen_active_power=1216,3951
00:41:24.091 | SIM: mqtt1_gMqt/GPA6/PPU_Gen_counter_active_power=18001,352
00:41:24.091 | SIM: mqtt1_gMqt/GPA6/T404=44,43282
00:41:24.091 | SIM: mqtt1_gMqt/GPA6/Hours=90000
00:41:24.446 | STREAM: plc1_00001=False
00:41:24.447 | STREAM: plc1_00002=False
00:41:24.447 | STREAM: plc1_30035=0
00:41:24.447 | STREAM: plc1_40005=0
00:41:24.448 | STREAM: plc1_00010=False
00:41:24.448 | STREAM: plc1_00003=False
00:41:24.448 | STREAM: plc1_30031=0
00:41:24.448 | STREAM: plc1_40006=0
00:41:24.449 | STREAM: plc1_00004=False
00:41:24.449 | STREAM: plc1_30033=0
00:41:24.449 | STREAM: plc1_40007=0
00:41:24.449 | STREAM: plc1_30029=0
00:41:24.450 | STREAM: plc1_30025=1,0002254
00:41:24.450 | STREAM: plc1_30023=20,091944
00:41:24.450 | STREAM: plc1_00011=False
00:41:24.451 | STREAM: plc1_00006=False
00:41:24.451 | STREAM: plc1_40033=0
00:41:24.451 | STREAM: plc1_40025=0
00:41:24.451 | STREAM: plc1_00007=False
00:41:24.452 | STREAM: plc1_40027=0
00:41:24.452 | STREAM: plc1_00005=False
00:41:24.452 | STREAM: plc1_40029=0
00:41:24.453 | STREAM: plc1_40021=0
00:41:24.453 | STREAM: plc1_30027=0
00:41:24.947 | STREAM: plc1_00001=False
00:41:24.948 | STREAM: plc1_00002=False
00:41:24.948 | STREAM: plc1_30035=0
00:41:24.948 | STREAM: plc1_40005=0
00:41:24.949 | STREAM: plc1_00010=False
00:41:24.949 | STREAM: plc1_00003=False
00:41:24.949 | STREAM: plc1_30031=0
00:41:24.949 | STREAM: plc1_40006=0
00:41:24.950 | STREAM: plc1_00004=False
00:41:24.950 | STREAM: plc1_30033=0
00:41:24.950 | STREAM: plc1_40007=0
00:41:24.950 | STREAM: plc1_30029=0
00:41:24.951 | STREAM: plc1_30025=1,0002533
00:41:24.951 | STREAM: plc1_30023=20,100286
00:41:24.951 | STREAM: plc1_00011=False
00:41:24.951 | STREAM: plc1_00006=False
00:41:24.952 | STREAM: plc1_40033=0
00:41:24.952 | STREAM: plc1_40025=0
00:41:24.952 | STREAM: plc1_00007=False
00:41:24.952 | STREAM: plc1_40027=0
00:41:24.953 | STREAM: plc1_00005=False
00:41:24.953 | STREAM: plc1_40029=0
00:41:24.953 | STREAM: plc1_40021=0
00:41:24.953 | STREAM: plc1_30027=0
00:41:25.168 | SIM: mqtt1_gMqt/ZAS/ZAS_Actual_Power=168,89078
00:41:25.168 | SIM: mqtt1_gMqt/GPA1/PPU_Gen_active_power=1188,1707
00:41:25.168 | SIM: mqtt1_gMqt/GPA1/PPU_Gen_counter_active_power=18001,654
00:41:25.168 | SIM: mqtt1_gMqt/GPA1/T404=44,67565
00:41:25.168 | SIM: mqtt1_gMqt/GPA1/Hours=90000
00:41:25.169 | SIM: mqtt1_gMqt/GPA2/PPU_Gen_active_power=1186,5112
00:41:25.169 | SIM: mqtt1_gMqt/GPA2/PPU_Gen_counter_active_power=18001,656
00:41:25.169 | SIM: mqtt1_gMqt/GPA2/T404=45,022186
00:41:25.169 | SIM: mqtt1_gMqt/GPA2/Hours=90000
00:41:25.169 | SIM: mqtt1_gMqt/GPA3/PPU_Gen_active_power=1199,8602
00:41:25.169 | SIM: mqtt1_gMqt/GPA3/PPU_Gen_counter_active_power=18001,664
00:41:25.169 | SIM: mqtt1_gMqt/GPA3/T404=44,75429
00:41:25.170 | SIM: mqtt1_gMqt/GPA3/Hours=90000
00:41:25.170 | SIM: mqtt1_gMqt/GPA4/PPU_Gen_active_power=1200,4663
00:41:25.170 | SIM: mqtt1_gMqt/GPA4/PPU_Gen_counter_active_power=18001,676
00:41:25.170 | SIM: mqtt1_gMqt/GPA4/T404=44,74004
00:41:25.170 | SIM: mqtt1_gMqt/GPA4/Hours=90000
00:41:25.170 | SIM: mqtt1_gMqt/GPA5/PPU_Gen_active_power=1201,5052
00:41:25.170 | SIM: mqtt1_gMqt/GPA5/PPU_Gen_counter_active_power=18001,664
00:41:25.170 | SIM: mqtt1_gMqt/GPA5/T404=45,13372
00:41:25.171 | SIM: mqtt1_gMqt/GPA5/Hours=90000
00:41:25.171 | SIM: mqtt1_gMqt/GPA6/PPU_Gen_active_power=1224,8839
00:41:25.171 | SIM: mqtt1_gMqt/GPA6/PPU_Gen_counter_active_power=18001,691
00:41:25.171 | SIM: mqtt1_gMqt/GPA6/T404=44,200912
00:41:25.171 | SIM: mqtt1_gMqt/GPA6/Hours=90000
00:41:25.462 | STREAM: plc1_00001=False
00:41:25.462 | STREAM: plc1_00002=False
00:41:25.463 | STREAM: plc1_30035=0
00:41:25.463 | STREAM: plc1_40005=0
00:41:25.463 | STREAM: plc1_00010=False
00:41:25.463 | STREAM: plc1_00003=False
00:41:25.464 | STREAM: plc1_30031=0
00:41:25.464 | STREAM: plc1_40006=0
00:41:25.464 | STREAM: plc1_00004=False
00:41:25.464 | STREAM: plc1_30033=0
00:41:25.465 | STREAM: plc1_40007=0
00:41:25.465 | STREAM: plc1_30029=0
00:41:25.465 | STREAM: plc1_30025=1,0002873
00:41:25.465 | STREAM: plc1_30023=20,110363
00:41:25.465 | STREAM: plc1_00011=False
00:41:25.466 | STREAM: plc1_00006=False
00:41:25.466 | STREAM: plc1_40033=0
00:41:25.466 | STREAM: plc1_40025=0
00:41:25.467 | STREAM: plc1_00007=False
00:41:25.467 | STREAM: plc1_40027=0
00:41:25.467 | STREAM: plc1_00005=False
00:41:25.467 | STREAM: plc1_40029=0
00:41:25.468 | STREAM: plc1_40021=0
00:41:25.468 | STREAM: plc1_30027=0
00:41:25.963 | STREAM: plc1_00001=False
00:41:25.963 | STREAM: plc1_00002=False
00:41:25.964 | STREAM: plc1_30035=0
00:41:25.964 | STREAM: plc1_40005=0
00:41:25.964 | STREAM: plc1_00010=False
00:41:25.965 | STREAM: plc1_00003=False
00:41:25.965 | STREAM: plc1_30031=0
00:41:25.965 | STREAM: plc1_40006=0
00:41:25.965 | STREAM: plc1_00004=False
00:41:25.966 | STREAM: plc1_30033=0
00:41:25.966 | STREAM: plc1_40007=0
00:41:25.966 | STREAM: plc1_30029=0
00:41:25.967 | STREAM: plc1_30025=1,0003225
00:41:25.967 | STREAM: plc1_30023=20,120695
00:41:25.967 | STREAM: plc1_00011=False
00:41:25.967 | STREAM: plc1_00006=False
00:41:25.968 | STREAM: plc1_40033=0
00:41:25.968 | STREAM: plc1_40025=0
00:41:25.968 | STREAM: plc1_00007=False
00:41:25.969 | STREAM: plc1_40027=0
00:41:25.969 | STREAM: plc1_00005=False
00:41:25.970 | STREAM: plc1_40029=0
00:41:25.970 | STREAM: plc1_40021=0
00:41:25.970 | STREAM: plc1_30027=0
00:41:26.257 | SIM: mqtt1_gMqt/ZAS/ZAS_Actual_Power=172,68361
00:41:26.257 | SIM: mqtt1_gMqt/GPA1/PPU_Gen_active_power=1187,3065
00:41:26.257 | SIM: mqtt1_gMqt/GPA1/PPU_Gen_counter_active_power=18001,984
00:41:26.257 | SIM: mqtt1_gMqt/GPA1/T404=44,449844
00:41:26.257 | SIM: mqtt1_gMqt/GPA1/Hours=90000
00:41:26.257 | SIM: mqtt1_gMqt/GPA2/PPU_Gen_active_power=1182,7048
00:41:26.258 | SIM: mqtt1_gMqt/GPA2/PPU_Gen_counter_active_power=18001,984
00:41:26.258 | SIM: mqtt1_gMqt/GPA2/T404=45,173504
00:41:26.258 | SIM: mqtt1_gMqt/GPA2/Hours=90000
00:41:26.258 | SIM: mqtt1_gMqt/GPA3/PPU_Gen_active_power=1205,7172
00:41:26.258 | SIM: mqtt1_gMqt/GPA3/PPU_Gen_counter_active_power=18001,998
00:41:26.258 | SIM: mqtt1_gMqt/GPA3/T404=44,733494
00:41:26.259 | SIM: mqtt1_gMqt/GPA3/Hours=90000
00:41:26.259 | SIM: mqtt1_gMqt/GPA4/PPU_Gen_active_power=1204,3003
00:41:26.259 | SIM: mqtt1_gMqt/GPA4/PPU_Gen_counter_active_power=18002,01
00:41:26.259 | SIM: mqtt1_gMqt/GPA4/T404=44,50123
00:41:26.259 | SIM: mqtt1_gMqt/GPA4/Hours=90000
00:41:26.259 | SIM: mqtt1_gMqt/GPA5/PPU_Gen_active_power=1191,5891
00:41:26.260 | SIM: mqtt1_gMqt/GPA5/PPU_Gen_counter_active_power=18001,994
00:41:26.260 | SIM: mqtt1_gMqt/GPA5/T404=45,06737
00:41:26.260 | SIM: mqtt1_gMqt/GPA5/Hours=90000
00:41:26.260 | SIM: mqtt1_gMqt/GPA6/PPU_Gen_active_power=1234,7048
00:41:26.260 | SIM: mqtt1_gMqt/GPA6/PPU_Gen_counter_active_power=18002,035
00:41:26.260 | SIM: mqtt1_gMqt/GPA6/T404=44,38712
00:41:26.261 | SIM: mqtt1_gMqt/GPA6/Hours=90000
00:41:26.475 | STREAM: plc1_00001=False
00:41:26.476 | STREAM: plc1_00002=False
00:41:26.476 | STREAM: plc1_30035=0
00:41:26.476 | STREAM: plc1_40005=0
00:41:26.476 | STREAM: plc1_00010=False
00:41:26.477 | STREAM: plc1_00003=False
00:41:26.477 | STREAM: plc1_30031=0
00:41:26.477 | STREAM: plc1_40006=0
00:41:26.478 | STREAM: plc1_00004=False
00:41:26.478 | STREAM: plc1_30033=0
00:41:26.478 | STREAM: plc1_40007=0
00:41:26.478 | STREAM: plc1_30029=0
00:41:26.479 | STREAM: plc1_30025=1,0003573
00:41:26.479 | STREAM: plc1_30023=20,130878
00:41:26.479 | STREAM: plc1_00011=False
00:41:26.479 | STREAM: plc1_00006=False
00:41:26.480 | STREAM: plc1_40033=0
00:41:26.480 | STREAM: plc1_40025=0
00:41:26.480 | STREAM: plc1_00007=False
00:41:26.480 | STREAM: plc1_40027=0
00:41:26.480 | STREAM: plc1_00005=False
00:41:26.481 | STREAM: plc1_40029=0
00:41:26.481 | STREAM: plc1_40021=0
00:41:26.481 | STREAM: plc1_30027=0
00:41:26.987 | STREAM: plc1_00001=False
00:41:26.988 | STREAM: plc1_00002=False
00:41:26.988 | STREAM: plc1_30035=0
00:41:26.988 | STREAM: plc1_40005=0
00:41:26.989 | STREAM: plc1_00010=False
00:41:26.989 | STREAM: plc1_00003=False
00:41:26.989 | STREAM: plc1_30031=0
00:41:26.989 | STREAM: plc1_40006=0
00:41:26.990 | STREAM: plc1_00004=False
00:41:26.990 | STREAM: plc1_30033=0
00:41:26.990 | STREAM: plc1_40007=0
00:41:26.991 | STREAM: plc1_30029=0
00:41:26.991 | STREAM: plc1_30025=1,0003852
00:41:26.991 | STREAM: plc1_30023=20,139013
00:41:26.991 | STREAM: plc1_00011=False
00:41:26.992 | STREAM: plc1_00006=False
00:41:26.992 | STREAM: plc1_40033=0
00:41:26.992 | STREAM: plc1_40025=0
00:41:26.992 | STREAM: plc1_00007=False
00:41:26.993 | STREAM: plc1_40027=0
00:41:26.993 | STREAM: plc1_00005=False
00:41:26.993 | STREAM: plc1_40029=0
00:41:26.994 | STREAM: plc1_40021=0
00:41:26.994 | STREAM: plc1_30027=0
00:41:27.348 | SIM: mqtt1_gMqt/ZAS/ZAS_Actual_Power=175,12148
00:41:27.348 | SIM: mqtt1_gMqt/GPA1/PPU_Gen_active_power=1183,192
00:41:27.349 | SIM: mqtt1_gMqt/GPA1/PPU_Gen_counter_active_power=18002,312
00:41:27.349 | SIM: mqtt1_gMqt/GPA1/T404=44,50718
00:41:27.349 | SIM: mqtt1_gMqt/GPA1/Hours=90000
00:41:27.349 | SIM: mqtt1_gMqt/GPA2/PPU_Gen_active_power=1178,8572
00:41:27.349 | SIM: mqtt1_gMqt/GPA2/PPU_Gen_counter_active_power=18002,312
00:41:27.349 | SIM: mqtt1_gMqt/GPA2/T404=44,92849
00:41:27.350 | SIM: mqtt1_gMqt/GPA2/Hours=90000
00:41:27.350 | SIM: mqtt1_gMqt/GPA3/PPU_Gen_active_power=1205,9108
00:41:27.350 | SIM: mqtt1_gMqt/GPA3/PPU_Gen_counter_active_power=18002,334
00:41:27.350 | SIM: mqtt1_gMqt/GPA3/T404=44,645267
00:41:27.350 | SIM: mqtt1_gMqt/GPA3/Hours=90000
00:41:27.350 | SIM: mqtt1_gMqt/GPA4/PPU_Gen_active_power=1200,4716
00:41:27.350 | SIM: mqtt1_gMqt/GPA4/PPU_Gen_counter_active_power=18002,344
00:41:27.351 | SIM: mqtt1_gMqt/GPA4/T404=44,42059
00:41:27.351 | SIM: mqtt1_gMqt/GPA4/Hours=90000
00:41:27.351 | SIM: mqtt1_gMqt/GPA5/PPU_Gen_active_power=1187,1534
00:41:27.351 | SIM: mqtt1_gMqt/GPA5/PPU_Gen_counter_active_power=18002,324
00:41:27.351 | SIM: mqtt1_gMqt/GPA5/T404=44,99193
00:41:27.351 | SIM: mqtt1_gMqt/GPA5/Hours=90000
00:41:27.352 | SIM: mqtt1_gMqt/GPA6/PPU_Gen_active_power=1229,1499
00:41:27.352 | SIM: mqtt1_gMqt/GPA6/PPU_Gen_counter_active_power=18002,377
00:41:27.352 | SIM: mqtt1_gMqt/GPA6/T404=44,148243
00:41:27.352 | SIM: mqtt1_gMqt/GPA6/Hours=90000
00:41:27.489 | STREAM: plc1_00001=False
00:41:27.490 | STREAM: plc1_00002=False
00:41:27.490 | STREAM: plc1_30035=0
00:41:27.491 | STREAM: plc1_40005=0
00:41:27.491 | STREAM: plc1_00010=False
00:41:27.491 | STREAM: plc1_00003=False
00:41:27.491 | STREAM: plc1_30031=0
00:41:27.492 | STREAM: plc1_40006=0
00:41:27.492 | STREAM: plc1_00004=False
00:41:27.492 | STREAM: plc1_30033=0
00:41:27.492 | STREAM: plc1_40007=0
00:41:27.493 | STREAM: plc1_30029=0
00:41:27.493 | STREAM: plc1_30025=1,0004201
00:41:27.493 | STREAM: plc1_30023=20,14917
00:41:27.494 | STREAM: plc1_00011=False
00:41:27.494 | STREAM: plc1_00006=False
00:41:27.494 | STREAM: plc1_40033=0
00:41:27.495 | STREAM: plc1_40025=0
00:41:27.495 | STREAM: plc1_00007=False
00:41:27.495 | STREAM: plc1_40027=0
00:41:27.496 | STREAM: plc1_00005=False
00:41:27.496 | STREAM: plc1_40029=0
00:41:27.496 | STREAM: plc1_40021=0
00:41:27.497 | STREAM: plc1_30027=0
00:41:27.993 | STREAM: plc1_00001=False
00:41:27.994 | STREAM: plc1_00002=False
00:41:27.996 | STREAM: plc1_30035=0
00:41:27.996 | STREAM: plc1_40005=0
00:41:27.997 | STREAM: plc1_00010=False
00:41:27.997 | STREAM: plc1_00003=False
00:41:27.997 | STREAM: plc1_30031=0
00:41:28.004 | STREAM: plc1_40006=0
00:41:28.004 | STREAM: plc1_00004=False
00:41:28.005 | STREAM: plc1_30033=0
00:41:28.005 | STREAM: plc1_40007=0
00:41:28.005 | STREAM: plc1_30029=0
00:41:28.005 | STREAM: plc1_30025=1,0004483
00:41:28.006 | STREAM: plc1_30023=20,157335
00:41:28.006 | STREAM: plc1_00011=False
00:41:28.006 | STREAM: plc1_00006=False
00:41:28.006 | STREAM: plc1_40033=0
00:41:28.007 | STREAM: plc1_40025=0
00:41:28.007 | STREAM: plc1_00007=False
00:41:28.007 | STREAM: plc1_40027=0
00:41:28.007 | STREAM: plc1_00005=False
00:41:28.008 | STREAM: plc1_40029=0
00:41:28.008 | STREAM: plc1_40021=0
00:41:28.008 | STREAM: plc1_30027=0
00:41:28.446 | SIM: mqtt1_gMqt/ZAS/ZAS_Actual_Power=178,40123
00:41:28.447 | SIM: mqtt1_gMqt/GPA1/PPU_Gen_active_power=1192,0021
00:41:28.447 | SIM: mqtt1_gMqt/GPA1/PPU_Gen_counter_active_power=18002,645
00:41:28.447 | SIM: mqtt1_gMqt/GPA1/T404=44,28727
00:41:28.447 | SIM: mqtt1_gMqt/GPA1/Hours=90000
00:41:28.447 | SIM: mqtt1_gMqt/GPA2/PPU_Gen_active_power=1176,9286
00:41:28.448 | SIM: mqtt1_gMqt/GPA2/PPU_Gen_counter_active_power=18002,639
00:41:28.448 | SIM: mqtt1_gMqt/GPA2/T404=45,16866
00:41:28.448 | SIM: mqtt1_gMqt/GPA2/Hours=90000
00:41:28.448 | SIM: mqtt1_gMqt/GPA3/PPU_Gen_active_power=1206,8535
00:41:28.448 | SIM: mqtt1_gMqt/GPA3/PPU_Gen_counter_active_power=18002,67
00:41:28.448 | SIM: mqtt1_gMqt/GPA3/T404=44,784115
00:41:28.448 | SIM: mqtt1_gMqt/GPA3/Hours=90000
00:41:28.449 | SIM: mqtt1_gMqt/GPA4/PPU_Gen_active_power=1198,0823
00:41:28.449 | SIM: mqtt1_gMqt/GPA4/PPU_Gen_counter_active_power=18002,676
00:41:28.449 | SIM: mqtt1_gMqt/GPA4/T404=44,524235
00:41:28.449 | SIM: mqtt1_gMqt/GPA4/Hours=90000
00:41:28.449 | SIM: mqtt1_gMqt/GPA5/PPU_Gen_active_power=1190,8983
00:41:28.449 | SIM: mqtt1_gMqt/GPA5/PPU_Gen_counter_active_power=18002,654
00:41:28.450 | SIM: mqtt1_gMqt/GPA5/T404=45,10794
00:41:28.450 | SIM: mqtt1_gMqt/GPA5/Hours=90000
00:41:28.450 | SIM: mqtt1_gMqt/GPA6/PPU_Gen_active_power=1223,9734
00:41:28.450 | SIM: mqtt1_gMqt/GPA6/PPU_Gen_counter_active_power=18002,717
00:41:28.450 | SIM: mqtt1_gMqt/GPA6/T404=44,014942
00:41:28.450 | SIM: mqtt1_gMqt/GPA6/Hours=90000
00:41:28.493 | STREAM: plc1_00001=False
00:41:28.493 | STREAM: plc1_00002=False
00:41:28.494 | STREAM: plc1_30035=0
00:41:28.495 | STREAM: plc1_40005=0
00:41:28.495 | STREAM: plc1_00010=False
00:41:28.495 | STREAM: plc1_00003=False
00:41:28.495 | STREAM: plc1_30031=0
00:41:28.496 | STREAM: plc1_40006=0
00:41:28.496 | STREAM: plc1_00004=False
00:41:28.496 | STREAM: plc1_30033=0
00:41:28.497 | STREAM: plc1_40007=0
00:41:28.497 | STREAM: plc1_30029=0
00:41:28.497 | STREAM: plc1_30025=1,0004829
00:41:28.497 | STREAM: plc1_30023=20,167389
00:41:28.498 | STREAM: plc1_00011=False
00:41:28.498 | STREAM: plc1_00006=False
00:41:28.498 | STREAM: plc1_40033=0
00:41:28.498 | STREAM: plc1_40025=0
00:41:28.499 | STREAM: plc1_00007=False
00:41:28.499 | STREAM: plc1_40027=0
00:41:28.499 | STREAM: plc1_00005=False
00:41:28.499 | STREAM: plc1_40029=0
00:41:28.499 | STREAM: plc1_40021=0
00:41:28.500 | STREAM: plc1_30027=0
00:41:28.993 | STREAM: plc1_00001=False
00:41:28.994 | STREAM: plc1_00002=False
00:41:28.994 | STREAM: plc1_30035=0
00:41:28.994 | STREAM: plc1_40005=0
00:41:28.995 | STREAM: plc1_00010=False
00:41:28.995 | STREAM: plc1_00003=False
00:41:28.995 | STREAM: plc1_30031=0
00:41:28.995 | STREAM: plc1_40006=0
00:41:28.996 | STREAM: plc1_00004=False
00:41:28.996 | STREAM: plc1_30033=0
00:41:28.996 | STREAM: plc1_40007=0
00:41:28.996 | STREAM: plc1_30029=0
00:41:28.997 | STREAM: plc1_30025=1,0005175
00:41:28.997 | STREAM: plc1_30023=20,17738
00:41:28.997 | STREAM: plc1_00011=False
00:41:28.997 | STREAM: plc1_00006=False
00:41:28.998 | STREAM: plc1_40033=0
00:41:28.998 | STREAM: plc1_40025=0
00:41:28.998 | STREAM: plc1_00007=False
00:41:28.998 | STREAM: plc1_40027=0
00:41:28.999 | STREAM: plc1_00005=False
00:41:28.999 | STREAM: plc1_40029=0
00:41:28.999 | STREAM: plc1_40021=0
00:41:28.999 | STREAM: plc1_30027=0
00:41:29.496 | STREAM: plc1_00001=True
00:41:29.496 | STREAM: plc1_00002=False
00:41:29.497 | STREAM: plc1_30035=0
00:41:29.497 | STREAM: plc1_40005=0
00:41:29.497 | STREAM: plc1_00010=False
00:41:29.498 | STREAM: plc1_00003=False
00:41:29.498 | STREAM: plc1_30031=0
00:41:29.499 | STREAM: plc1_40006=0
00:41:29.499 | STREAM: plc1_00004=False
00:41:29.499 | STREAM: plc1_30033=0
00:41:29.500 | STREAM: plc1_40007=0
00:41:29.502 | STREAM: plc1_30029=0
00:41:29.502 | STREAM: plc1_30025=1,0005451
00:41:29.502 | STREAM: plc1_30023=20,185379
00:41:29.502 | STREAM: plc1_00011=False
00:41:29.503 | STREAM: plc1_00006=False
00:41:29.503 | STREAM: plc1_40033=0
00:41:29.503 | STREAM: plc1_40025=0
00:41:29.503 | STREAM: plc1_00007=False
00:41:29.504 | STREAM: plc1_40027=0
00:41:29.504 | STREAM: plc1_00005=False
00:41:29.504 | STREAM: plc1_40029=0
00:41:29.505 | STREAM: plc1_40021=0
00:41:29.505 | STREAM: plc1_30027=0
00:41:29.542 | SIM: mqtt1_gMqt/ZAS/ZAS_Actual_Power=181,55244
00:41:29.542 | SIM: mqtt1_gMqt/GPA1/PPU_Gen_active_power=1189,0857
00:41:29.542 | SIM: mqtt1_gMqt/GPA1/PPU_Gen_counter_active_power=18002,975
00:41:29.543 | SIM: mqtt1_gMqt/GPA1/T404=44,326305
00:41:29.543 | SIM: mqtt1_gMqt/GPA1/Hours=90000
00:41:29.543 | SIM: mqtt1_gMqt/GPA2/PPU_Gen_active_power=1182,0074
00:41:29.543 | SIM: mqtt1_gMqt/GPA2/PPU_Gen_counter_active_power=18002,967
00:41:29.543 | SIM: mqtt1_gMqt/GPA2/T404=45,37076
00:41:29.544 | SIM: mqtt1_gMqt/GPA2/Hours=90000
00:41:29.544 | SIM: mqtt1_gMqt/GPA3/PPU_Gen_active_power=1199,9808
00:41:29.544 | SIM: mqtt1_gMqt/GPA3/PPU_Gen_counter_active_power=18003,004
00:41:29.544 | SIM: mqtt1_gMqt/GPA3/T404=44,53434
00:41:29.544 | SIM: mqtt1_gMqt/GPA3/Hours=90000
00:41:29.544 | SIM: mqtt1_gMqt/GPA4/PPU_Gen_active_power=1204,7327
00:41:29.545 | SIM: mqtt1_gMqt/GPA4/PPU_Gen_counter_active_power=18003,01
00:41:29.545 | SIM: mqtt1_gMqt/GPA4/T404=44,389225
00:41:29.545 | SIM: mqtt1_gMqt/GPA4/Hours=90000
00:41:29.545 | SIM: mqtt1_gMqt/GPA5/PPU_Gen_active_power=1187,4279
00:41:29.545 | SIM: mqtt1_gMqt/GPA5/PPU_Gen_counter_active_power=18002,984
00:41:29.546 | SIM: mqtt1_gMqt/GPA5/T404=45,317562
00:41:29.546 | SIM: mqtt1_gMqt/GPA5/Hours=90000
00:41:29.546 | SIM: mqtt1_gMqt/GPA6/PPU_Gen_active_power=1231,5359
00:41:29.546 | SIM: mqtt1_gMqt/GPA6/PPU_Gen_counter_active_power=18003,059
00:41:29.546 | SIM: mqtt1_gMqt/GPA6/T404=44,146645
00:41:29.546 | SIM: mqtt1_gMqt/GPA6/Hours=90000
00:41:30.009 | STREAM: plc1_00001=True
00:41:30.010 | STREAM: plc1_00002=False
00:41:30.010 | STREAM: plc1_30035=0
00:41:30.010 | STREAM: plc1_40005=0
00:41:30.011 | STREAM: plc1_00010=False
00:41:30.011 | STREAM: plc1_00003=False
00:41:30.011 | STREAM: plc1_30031=0
00:41:30.012 | STREAM: plc1_40006=0
00:41:30.012 | STREAM: plc1_00004=False
00:41:30.012 | STREAM: plc1_30033=0
00:41:30.012 | STREAM: plc1_40007=0
00:41:30.013 | STREAM: plc1_30029=0
00:41:30.013 | STREAM: plc1_30025=1,0005792
00:41:30.013 | STREAM: plc1_30023=20,195265
00:41:30.013 | STREAM: plc1_00011=False
00:41:30.014 | STREAM: plc1_00006=False
00:41:30.014 | STREAM: plc1_40033=0
00:41:30.014 | STREAM: plc1_40025=0
00:41:30.014 | STREAM: plc1_00007=False
00:41:30.015 | STREAM: plc1_40027=0
00:41:30.015 | STREAM: plc1_00005=False
00:41:30.015 | STREAM: plc1_40029=0
00:41:30.015 | STREAM: plc1_40021=0
00:41:30.015 | STREAM: plc1_30027=0
00:41:30.524 | STREAM: plc1_00001=True
00:41:30.525 | STREAM: plc1_00002=False
00:41:30.525 | STREAM: plc1_30035=0
00:41:30.526 | STREAM: plc1_40005=0
00:41:30.526 | STREAM: plc1_00010=False
00:41:30.526 | STREAM: plc1_00003=False
00:41:30.527 | STREAM: plc1_30031=0
00:41:30.527 | STREAM: plc1_40006=0
00:41:30.527 | STREAM: plc1_00004=False
00:41:30.527 | STREAM: plc1_30033=0
00:41:30.528 | STREAM: plc1_40007=0
00:41:30.528 | STREAM: plc1_30029=0
00:41:30.528 | STREAM: plc1_30025=1,0006132
00:41:30.528 | STREAM: plc1_30023=20,205093
00:41:30.529 | STREAM: plc1_00011=False
00:41:30.529 | STREAM: plc1_00006=False
00:41:30.529 | STREAM: plc1_40033=0
00:41:30.529 | STREAM: plc1_40025=0
00:41:30.530 | STREAM: plc1_00007=False
00:41:30.530 | STREAM: plc1_40027=0
00:41:30.530 | STREAM: plc1_00005=False
00:41:30.530 | STREAM: plc1_40029=0
00:41:30.531 | STREAM: plc1_40021=0
00:41:30.531 | STREAM: plc1_30027=0
00:41:30.634 | SIM: mqtt1_gMqt/ZAS/ZAS_Actual_Power=182,39752
00:41:30.634 | SIM: mqtt1_gMqt/GPA1/PPU_Gen_active_power=1191,1285
00:41:30.635 | SIM: mqtt1_gMqt/GPA1/PPU_Gen_counter_active_power=18003,305
00:41:30.635 | SIM: mqtt1_gMqt/GPA1/T404=44,14385
00:41:30.635 | SIM: mqtt1_gMqt/GPA1/Hours=90000
00:41:30.635 | SIM: mqtt1_gMqt/GPA2/PPU_Gen_active_power=1186,3529
00:41:30.635 | SIM: mqtt1_gMqt/GPA2/PPU_Gen_counter_active_power=18003,297
00:41:30.635 | SIM: mqtt1_gMqt/GPA2/T404=45,414047
00:41:30.635 | SIM: mqtt1_gMqt/GPA2/Hours=90000
00:41:30.636 | SIM: mqtt1_gMqt/GPA3/PPU_Gen_active_power=1207,4747
00:41:30.636 | SIM: mqtt1_gMqt/GPA3/PPU_Gen_counter_active_power=18003,34
00:41:30.636 | SIM: mqtt1_gMqt/GPA3/T404=44,373684
00:41:30.636 | SIM: mqtt1_gMqt/GPA3/Hours=90000
00:41:30.636 | SIM: mqtt1_gMqt/GPA4/PPU_Gen_active_power=1206,2279
00:41:30.637 | SIM: mqtt1_gMqt/GPA4/PPU_Gen_counter_active_power=18003,346
00:41:30.637 | SIM: mqtt1_gMqt/GPA4/T404=44,157814
00:41:30.637 | SIM: mqtt1_gMqt/GPA4/Hours=90000
00:41:30.637 | SIM: mqtt1_gMqt/GPA5/PPU_Gen_active_power=1184,2701
00:41:30.637 | SIM: mqtt1_gMqt/GPA5/PPU_Gen_counter_active_power=18003,312
00:41:30.637 | SIM: mqtt1_gMqt/GPA5/T404=45,186935
00:41:30.637 | SIM: mqtt1_gMqt/GPA5/Hours=90000
00:41:30.638 | SIM: mqtt1_gMqt/GPA6/PPU_Gen_active_power=1235,2358
00:41:30.638 | SIM: mqtt1_gMqt/GPA6/PPU_Gen_counter_active_power=18003,402
00:41:30.638 | SIM: mqtt1_gMqt/GPA6/T404=43,924023
00:41:30.638 | SIM: mqtt1_gMqt/GPA6/Hours=90000
00:41:31.025 | STREAM: plc1_00001=True
00:41:31.026 | STREAM: plc1_00002=False
00:41:31.026 | STREAM: plc1_30035=0
00:41:31.026 | STREAM: plc1_40005=0
00:41:31.026 | STREAM: plc1_00010=False
00:41:31.027 | STREAM: plc1_00003=False
00:41:31.027 | STREAM: plc1_30031=0
00:41:31.027 | STREAM: plc1_40006=0
00:41:31.027 | STREAM: plc1_00004=False
00:41:31.028 | STREAM: plc1_30033=0
00:41:31.028 | STREAM: plc1_40007=0
00:41:31.028 | STREAM: plc1_30029=0
00:41:31.028 | STREAM: plc1_30025=1,0006404
00:41:31.029 | STREAM: plc1_30023=20,212952
00:41:31.029 | STREAM: plc1_00011=False
00:41:31.029 | STREAM: plc1_00006=False
00:41:31.029 | STREAM: plc1_40033=0
00:41:31.030 | STREAM: plc1_40025=0
00:41:31.030 | STREAM: plc1_00007=False
00:41:31.030 | STREAM: plc1_40027=0
00:41:31.030 | STREAM: plc1_00005=False
00:41:31.031 | STREAM: plc1_40029=0
00:41:31.031 | STREAM: plc1_40021=0
00:41:31.031 | STREAM: plc1_30027=0
00:41:31.526 | STREAM: plc1_00001=True
00:41:31.526 | STREAM: plc1_00002=False
00:41:31.526 | STREAM: plc1_30035=0
00:41:31.526 | STREAM: plc1_40005=0
00:41:31.527 | STREAM: plc1_00010=False
00:41:31.527 | STREAM: plc1_00003=False
00:41:31.527 | STREAM: plc1_30031=0
00:41:31.527 | STREAM: plc1_40006=0
00:41:31.528 | STREAM: plc1_00004=False
00:41:31.528 | STREAM: plc1_30033=0
00:41:31.528 | STREAM: plc1_40007=0
00:41:31.529 | STREAM: plc1_30029=0
00:41:31.529 | STREAM: plc1_30025=1,0006741
00:41:31.529 | STREAM: plc1_30023=20,222708
00:41:31.529 | STREAM: plc1_00011=False
00:41:31.530 | STREAM: plc1_00006=False
00:41:31.530 | STREAM: plc1_40033=0
00:41:31.530 | STREAM: plc1_40025=0
00:41:31.531 | STREAM: plc1_00007=False
00:41:31.531 | STREAM: plc1_40027=0
00:41:31.531 | STREAM: plc1_00005=False
00:41:31.531 | STREAM: plc1_40029=0
00:41:31.532 | STREAM: plc1_40021=0
00:41:31.532 | STREAM: plc1_30027=0
00:41:31.728 | SIM: mqtt1_gMqt/ZAS/ZAS_Actual_Power=183,55531
00:41:31.729 | SIM: mqtt1_gMqt/GPA1/PPU_Gen_active_power=1187,8973
00:41:31.729 | SIM: mqtt1_gMqt/GPA1/PPU_Gen_counter_active_power=18003,635
00:41:31.729 | SIM: mqtt1_gMqt/GPA1/T404=44,181908
00:41:31.729 | SIM: mqtt1_gMqt/GPA1/Hours=90000
00:41:31.729 | SIM: mqtt1_gMqt/GPA2/PPU_Gen_active_power=1187,3707
00:41:31.729 | SIM: mqtt1_gMqt/GPA2/PPU_Gen_counter_active_power=18003,627
00:41:31.730 | SIM: mqtt1_gMqt/GPA2/T404=45,3195
00:41:31.730 | SIM: mqtt1_gMqt/GPA2/Hours=90000
00:41:31.730 | SIM: mqtt1_gMqt/GPA3/PPU_Gen_active_power=1208,2365
00:41:31.730 | SIM: mqtt1_gMqt/GPA3/PPU_Gen_counter_active_power=18003,676
00:41:31.730 | SIM: mqtt1_gMqt/GPA3/T404=44,3746
00:41:31.730 | SIM: mqtt1_gMqt/GPA3/Hours=90000
00:41:31.730 | SIM: mqtt1_gMqt/GPA4/PPU_Gen_active_power=1211,0347
00:41:31.731 | SIM: mqtt1_gMqt/GPA4/PPU_Gen_counter_active_power=18003,682
00:41:31.731 | SIM: mqtt1_gMqt/GPA4/T404=44,22719
00:41:31.731 | SIM: mqtt1_gMqt/GPA4/Hours=90000
00:41:31.731 | SIM: mqtt1_gMqt/GPA5/PPU_Gen_active_power=1176,3683
00:41:31.731 | SIM: mqtt1_gMqt/GPA5/PPU_Gen_counter_active_power=18003,639
00:41:31.731 | SIM: mqtt1_gMqt/GPA5/T404=45,32078
00:41:31.732 | SIM: mqtt1_gMqt/GPA5/Hours=90000
00:41:31.732 | SIM: mqtt1_gMqt/GPA6/PPU_Gen_active_power=1227,9019
00:41:31.732 | SIM: mqtt1_gMqt/GPA6/PPU_Gen_counter_active_power=18003,744
00:41:31.732 | SIM: mqtt1_gMqt/GPA6/T404=43,94718
00:41:31.732 | SIM: mqtt1_gMqt/GPA6/Hours=90000
00:41:32.041 | STREAM: plc1_00001=False
00:41:32.042 | STREAM: plc1_00002=False
00:41:32.042 | STREAM: plc1_30035=0
00:41:32.042 | STREAM: plc1_40005=0
00:41:32.043 | STREAM: plc1_00010=False
00:41:32.043 | STREAM: plc1_00003=False
00:41:32.043 | STREAM: plc1_30031=0
00:41:32.043 | STREAM: plc1_40006=0
00:41:32.044 | STREAM: plc1_00004=False
00:41:32.044 | STREAM: plc1_30033=0
00:41:32.044 | STREAM: plc1_40007=0
00:41:32.044 | STREAM: plc1_30029=0
00:41:32.045 | STREAM: plc1_30025=1,0007008
00:41:32.045 | STREAM: plc1_30023=20,230442
00:41:32.045 | STREAM: plc1_00011=False
00:41:32.045 | STREAM: plc1_00006=False
00:41:32.046 | STREAM: plc1_40033=0
00:41:32.046 | STREAM: plc1_40025=0
00:41:32.046 | STREAM: plc1_00007=False
00:41:32.046 | STREAM: plc1_40027=0
00:41:32.047 | STREAM: plc1_00005=False
00:41:32.047 | STREAM: plc1_40029=0
00:41:32.047 | STREAM: plc1_40021=0
00:41:32.047 | STREAM: plc1_30027=0
00:41:32.554 | STREAM: plc1_00001=False
00:41:32.555 | STREAM: plc1_00002=False
00:41:32.555 | STREAM: plc1_30035=0
00:41:32.555 | STREAM: plc1_40005=0
00:41:32.555 | STREAM: plc1_00010=False
00:41:32.556 | STREAM: plc1_00003=False
00:41:32.556 | STREAM: plc1_30031=0
00:41:32.556 | STREAM: plc1_40006=0
00:41:32.556 | STREAM: plc1_00004=False
00:41:32.557 | STREAM: plc1_30033=0
00:41:32.557 | STREAM: plc1_40007=0
00:41:32.557 | STREAM: plc1_30029=0
00:41:32.558 | STREAM: plc1_30025=1,0007333
00:41:32.558 | STREAM: plc1_30023=20,239828
00:41:32.558 | STREAM: plc1_00011=False
00:41:32.558 | STREAM: plc1_00006=False
00:41:32.559 | STREAM: plc1_40033=0
00:41:32.559 | STREAM: plc1_40025=0
00:41:32.559 | STREAM: plc1_00007=False
00:41:32.559 | STREAM: plc1_40027=0
00:41:32.560 | STREAM: plc1_00005=False
00:41:32.560 | STREAM: plc1_40029=0
00:41:32.560 | STREAM: plc1_40021=0
00:41:32.560 | STREAM: plc1_30027=0
00:41:32.806 | SIM: mqtt1_gMqt/ZAS/ZAS_Actual_Power=187,04399
00:41:32.806 | SIM: mqtt1_gMqt/GPA1/PPU_Gen_active_power=1194,3363
00:41:32.806 | SIM: mqtt1_gMqt/GPA1/PPU_Gen_counter_active_power=18003,967
00:41:32.806 | SIM: mqtt1_gMqt/GPA1/T404=44,39855
00:41:32.807 | SIM: mqtt1_gMqt/GPA1/Hours=90000
00:41:32.807 | SIM: mqtt1_gMqt/GPA2/PPU_Gen_active_power=1177,7976
00:41:32.807 | SIM: mqtt1_gMqt/GPA2/PPU_Gen_counter_active_power=18003,955
00:41:32.807 | SIM: mqtt1_gMqt/GPA2/T404=45,23573
00:41:32.807 | SIM: mqtt1_gMqt/GPA2/Hours=90000
00:41:32.807 | SIM: mqtt1_gMqt/GPA3/PPU_Gen_active_power=1201,3186
00:41:32.808 | SIM: mqtt1_gMqt/GPA3/PPU_Gen_counter_active_power=18004,01
00:41:32.808 | SIM: mqtt1_gMqt/GPA3/T404=44,484974
00:41:32.808 | SIM: mqtt1_gMqt/GPA3/Hours=90000
00:41:32.808 | SIM: mqtt1_gMqt/GPA4/PPU_Gen_active_power=1206,033
00:41:32.808 | SIM: mqtt1_gMqt/GPA4/PPU_Gen_counter_active_power=18004,018
00:41:32.809 | SIM: mqtt1_gMqt/GPA4/T404=44,038162
00:41:32.809 | SIM: mqtt1_gMqt/GPA4/Hours=90000
00:41:32.809 | SIM: mqtt1_gMqt/GPA5/PPU_Gen_active_power=1184,5803
00:41:32.809 | SIM: mqtt1_gMqt/GPA5/PPU_Gen_counter_active_power=18003,967
00:41:32.809 | SIM: mqtt1_gMqt/GPA5/T404=45,31618
00:41:32.809 | SIM: mqtt1_gMqt/GPA5/Hours=90000
00:41:32.809 | SIM: mqtt1_gMqt/GPA6/PPU_Gen_active_power=1222,1768
00:41:32.810 | SIM: mqtt1_gMqt/GPA6/PPU_Gen_counter_active_power=18004,084
00:41:32.810 | SIM: mqtt1_gMqt/GPA6/T404=43,921387
00:41:32.810 | SIM: mqtt1_gMqt/GPA6/Hours=90000
00:41:33.069 | STREAM: plc1_00001=False
00:41:33.070 | STREAM: plc1_00002=False
00:41:33.070 | STREAM: plc1_30035=0
00:41:33.070 | STREAM: plc1_40005=0
00:41:33.070 | STREAM: plc1_00010=False
00:41:33.071 | STREAM: plc1_00003=False
00:41:33.071 | STREAM: plc1_30031=0
00:41:33.071 | STREAM: plc1_40006=0
00:41:33.071 | STREAM: plc1_00004=False
00:41:33.072 | STREAM: plc1_30033=0
00:41:33.072 | STREAM: plc1_40007=0
00:41:33.072 | STREAM: plc1_30029=0
00:41:33.072 | STREAM: plc1_30025=1,0007664
00:41:33.073 | STREAM: plc1_30023=20,24941
00:41:33.073 | STREAM: plc1_00011=False
00:41:33.073 | STREAM: plc1_00006=False
00:41:33.073 | STREAM: plc1_40033=0
00:41:33.074 | STREAM: plc1_40025=0
00:41:33.074 | STREAM: plc1_00007=False
00:41:33.074 | STREAM: plc1_40027=0
00:41:33.074 | STREAM: plc1_00005=False
00:41:33.075 | STREAM: plc1_40029=0
00:41:33.075 | STREAM: plc1_40021=0
00:41:33.075 | STREAM: plc1_30027=0
00:41:33.571 | STREAM: plc1_00001=True
00:41:33.571 | STREAM: plc1_00002=False
00:41:33.571 | STREAM: plc1_30035=0
00:41:33.571 | STREAM: plc1_40005=0
00:41:33.572 | STREAM: plc1_00010=False
00:41:33.572 | STREAM: plc1_00003=False
00:41:33.572 | STREAM: plc1_30031=0
00:41:33.572 | STREAM: plc1_40006=0
00:41:33.573 | STREAM: plc1_00004=False
00:41:33.573 | STREAM: plc1_30033=0
00:41:33.573 | STREAM: plc1_40007=0
00:41:33.573 | STREAM: plc1_30029=0
00:41:33.574 | STREAM: plc1_30025=1,0007995
00:41:33.574 | STREAM: plc1_30023=20,258974
00:41:33.574 | STREAM: plc1_00011=False
00:41:33.574 | STREAM: plc1_00006=False
00:41:33.574 | STREAM: plc1_40033=0
00:41:33.575 | STREAM: plc1_40025=0
00:41:33.575 | STREAM: plc1_00007=False
00:41:33.575 | STREAM: plc1_40027=0
00:41:33.575 | STREAM: plc1_00005=False
00:41:33.576 | STREAM: plc1_40029=0
00:41:33.576 | STREAM: plc1_40021=0
00:41:33.576 | STREAM: plc1_30027=0
00:41:33.900 | SIM: mqtt1_gMqt/ZAS/ZAS_Actual_Power=189,00432
00:41:33.900 | SIM: mqtt1_gMqt/GPA1/PPU_Gen_active_power=1195,9391
00:41:33.900 | SIM: mqtt1_gMqt/GPA1/PPU_Gen_counter_active_power=18004,299
00:41:33.900 | SIM: mqtt1_gMqt/GPA1/T404=44,350185
00:41:33.900 | SIM: mqtt1_gMqt/GPA1/Hours=90000
00:41:33.901 | SIM: mqtt1_gMqt/GPA2/PPU_Gen_active_power=1180,7052
00:41:33.901 | SIM: mqtt1_gMqt/GPA2/PPU_Gen_counter_active_power=18004,283
00:41:33.901 | SIM: mqtt1_gMqt/GPA2/T404=45,04118
00:41:33.901 | SIM: mqtt1_gMqt/GPA2/Hours=90000
00:41:33.901 | SIM: mqtt1_gMqt/GPA3/PPU_Gen_active_power=1205,4153
00:41:33.902 | SIM: mqtt1_gMqt/GPA3/PPU_Gen_counter_active_power=18004,344
00:41:33.902 | SIM: mqtt1_gMqt/GPA3/T404=44,256065
00:41:33.902 | SIM: mqtt1_gMqt/GPA3/Hours=90000
00:41:33.902 | SIM: mqtt1_gMqt/GPA4/PPU_Gen_active_power=1205,4327
00:41:33.902 | SIM: mqtt1_gMqt/GPA4/PPU_Gen_counter_active_power=18004,352
00:41:33.902 | SIM: mqtt1_gMqt/GPA4/T404=44,018646
00:41:33.903 | SIM: mqtt1_gMqt/GPA4/Hours=90000
00:41:33.903 | SIM: mqtt1_gMqt/GPA5/PPU_Gen_active_power=1190,7433
00:41:33.903 | SIM: mqtt1_gMqt/GPA5/PPU_Gen_counter_active_power=18004,297
00:41:33.903 | SIM: mqtt1_gMqt/GPA5/T404=45,082615
00:41:33.903 | SIM: mqtt1_gMqt/GPA5/Hours=90000
00:41:33.903 | SIM: mqtt1_gMqt/GPA6/PPU_Gen_active_power=1218,0399
00:41:33.903 | SIM: mqtt1_gMqt/GPA6/PPU_Gen_counter_active_power=18004,422
00:41:33.904 | SIM: mqtt1_gMqt/GPA6/T404=43,903973
00:41:33.904 | SIM: mqtt1_gMqt/GPA6/Hours=90000
00:41:34.072 | STREAM: plc1_00001=True
00:41:34.072 | STREAM: plc1_00002=False
00:41:34.073 | STREAM: plc1_30035=0
00:41:34.073 | STREAM: plc1_40005=0
00:41:34.073 | STREAM: plc1_00010=False
00:41:34.074 | STREAM: plc1_00003=False
00:41:34.074 | STREAM: plc1_30031=0
00:41:34.074 | STREAM: plc1_40006=0
00:41:34.074 | STREAM: plc1_00004=False
00:41:34.075 | STREAM: plc1_30033=0
00:41:34.075 | STREAM: plc1_40007=0
00:41:34.075 | STREAM: plc1_30029=0
00:41:34.075 | STREAM: plc1_30025=1,000826
00:41:34.076 | STREAM: plc1_30023=20,266617
00:41:34.076 | STREAM: plc1_00011=False
00:41:34.076 | STREAM: plc1_00006=False
00:41:34.076 | STREAM: plc1_40033=0
00:41:34.077 | STREAM: plc1_40025=0
00:41:34.077 | STREAM: plc1_00007=False
00:41:34.077 | STREAM: plc1_40027=0
00:41:34.077 | STREAM: plc1_00005=False
00:41:34.078 | STREAM: plc1_40029=0
00:41:34.078 | STREAM: plc1_40021=0
00:41:34.078 | STREAM: plc1_30027=0
00:41:34.572 | STREAM: plc1_00001=True
00:41:34.572 | STREAM: plc1_00002=False
00:41:34.572 | STREAM: plc1_30035=0
00:41:34.573 | STREAM: plc1_40005=0
00:41:34.573 | STREAM: plc1_00010=False
00:41:34.573 | STREAM: plc1_00003=False
00:41:34.573 | STREAM: plc1_30031=0
00:41:34.574 | STREAM: plc1_40006=0
00:41:34.574 | STREAM: plc1_00004=False
00:41:34.574 | STREAM: plc1_30033=0
00:41:34.574 | STREAM: plc1_40007=0
00:41:34.575 | STREAM: plc1_30029=0
00:41:34.575 | STREAM: plc1_30025=1,0008587
00:41:34.575 | STREAM: plc1_30023=20,27605
00:41:34.576 | STREAM: plc1_00011=False
00:41:34.576 | STREAM: plc1_00006=False
00:41:34.576 | STREAM: plc1_40033=0
00:41:34.577 | STREAM: plc1_40025=0
00:41:34.577 | STREAM: plc1_00007=False
00:41:34.577 | STREAM: plc1_40027=0
00:41:34.577 | STREAM: plc1_00005=False
00:41:34.578 | STREAM: plc1_40029=0
00:41:34.578 | STREAM: plc1_40021=0
00:41:34.578 | STREAM: plc1_30027=0
00:41:34.994 | SIM: mqtt1_gMqt/ZAS/ZAS_Actual_Power=191,8689
00:41:34.994 | SIM: mqtt1_gMqt/GPA1/PPU_Gen_active_power=1199,9863
00:41:34.995 | SIM: mqtt1_gMqt/GPA1/PPU_Gen_counter_active_power=18004,633
00:41:34.995 | SIM: mqtt1_gMqt/GPA1/T404=44,59449
00:41:34.995 | SIM: mqtt1_gMqt/GPA1/Hours=90000
00:41:34.995 | SIM: mqtt1_gMqt/GPA2/PPU_Gen_active_power=1189,1342
00:41:34.995 | SIM: mqtt1_gMqt/GPA2/PPU_Gen_counter_active_power=18004,613
00:41:34.995 | SIM: mqtt1_gMqt/GPA2/T404=45,23968
00:41:34.996 | SIM: mqtt1_gMqt/GPA2/Hours=90000
00:41:34.996 | SIM: mqtt1_gMqt/GPA3/PPU_Gen_active_power=1203,4426
00:41:34.996 | SIM: mqtt1_gMqt/GPA3/PPU_Gen_counter_active_power=18004,678
00:41:34.996 | SIM: mqtt1_gMqt/GPA3/T404=44,082687
00:41:34.996 | SIM: mqtt1_gMqt/GPA3/Hours=90000
00:41:34.996 | SIM: mqtt1_gMqt/GPA4/PPU_Gen_active_power=1198,9457
00:41:34.996 | SIM: mqtt1_gMqt/GPA4/PPU_Gen_counter_active_power=18004,686
00:41:34.997 | SIM: mqtt1_gMqt/GPA4/T404=43,91294
00:41:34.997 | SIM: mqtt1_gMqt/GPA4/Hours=90000
00:41:34.997 | SIM: mqtt1_gMqt/GPA5/PPU_Gen_active_power=1182,5304
00:41:34.997 | SIM: mqtt1_gMqt/GPA5/PPU_Gen_counter_active_power=18004,625
00:41:34.997 | SIM: mqtt1_gMqt/GPA5/T404=44,843246
00:41:34.997 | SIM: mqtt1_gMqt/GPA5/Hours=90000
00:41:34.997 | SIM: mqtt1_gMqt/GPA6/PPU_Gen_active_power=1209,9854
00:41:34.998 | SIM: mqtt1_gMqt/GPA6/PPU_Gen_counter_active_power=18004,758
00:41:34.998 | SIM: mqtt1_gMqt/GPA6/T404=43,74198
00:41:34.998 | SIM: mqtt1_gMqt/GPA6/Hours=90000
00:41:35.073 | STREAM: plc1_00001=True
00:41:35.073 | STREAM: plc1_00002=False
00:41:35.074 | STREAM: plc1_30035=0
00:41:35.074 | STREAM: plc1_40005=0
00:41:35.074 | STREAM: plc1_00010=False
00:41:35.074 | STREAM: plc1_00003=False
00:41:35.075 | STREAM: plc1_30031=0
00:41:35.075 | STREAM: plc1_40006=0
00:41:35.075 | STREAM: plc1_00004=False
00:41:35.075 | STREAM: plc1_30033=0
00:41:35.080 | STREAM: plc1_40007=0
00:41:35.080 | STREAM: plc1_30029=0
00:41:35.080 | STREAM: plc1_30025=1,0008848
00:41:35.080 | STREAM: plc1_30023=20,2836
00:41:35.081 | STREAM: plc1_00011=False
00:41:35.081 | STREAM: plc1_00006=False
00:41:35.081 | STREAM: plc1_40033=0
00:41:35.082 | STREAM: plc1_40025=0
00:41:35.082 | STREAM: plc1_00007=False
00:41:35.082 | STREAM: plc1_40027=0
00:41:35.082 | STREAM: plc1_00005=False
00:41:35.083 | STREAM: plc1_40029=0
00:41:35.083 | STREAM: plc1_40021=0
00:41:35.083 | STREAM: plc1_30027=0
00:41:35.589 | STREAM: plc1_00001=True
00:41:35.589 | STREAM: plc1_00002=False
00:41:35.590 | STREAM: plc1_30035=0
00:41:35.590 | STREAM: plc1_40005=0
00:41:35.590 | STREAM: plc1_00010=False
00:41:35.590 | STREAM: plc1_00003=False
00:41:35.591 | STREAM: plc1_30031=0
00:41:35.591 | STREAM: plc1_40006=0
00:41:35.591 | STREAM: plc1_00004=False
00:41:35.591 | STREAM: plc1_30033=0
00:41:35.592 | STREAM: plc1_40007=0
00:41:35.592 | STREAM: plc1_30029=0
00:41:35.592 | STREAM: plc1_30025=1,0009172
00:41:35.592 | STREAM: plc1_30023=20,292978
00:41:35.593 | STREAM: plc1_00011=False
00:41:35.593 | STREAM: plc1_00006=False
00:41:35.593 | STREAM: plc1_40033=0
00:41:35.593 | STREAM: plc1_40025=0
00:41:35.594 | STREAM: plc1_00007=False
00:41:35.594 | STREAM: plc1_40027=0
00:41:35.594 | STREAM: plc1_00005=False
00:41:35.594 | STREAM: plc1_40029=0
00:41:35.595 | STREAM: plc1_40021=0
00:41:35.595 | STREAM: plc1_30027=0
00:41:36.088 | STREAM: plc1_00001=True
00:41:36.089 | SIM: mqtt1_gMqt/GPA1/PPU_Gen_active_power=1204,4775
00:41:36.089 | STREAM: plc1_00002=True
00:41:36.089 | SIM: mqtt1_gMqt/GPA1/T404=44,35914
00:41:36.089 | SIM: mqtt1_gMqt/GPA1/Hours=90000
00:41:36.089 | SIM: mqtt1_gMqt/GPA2/PPU_Gen_active_power=1195,5358
00:41:36.089 | STREAM: plc1_40005=0
00:41:36.090 | SIM: mqtt1_gMqt/GPA2/PPU_Gen_counter_active_power=18004,945
00:41:36.090 | STREAM: plc1_00010=False
00:41:36.090 | SIM: mqtt1_gMqt/GPA2/Hours=90000
00:41:36.090 | SIM: mqtt1_gMqt/GPA3/PPU_Gen_active_power=1207,7489
00:41:36.091 | SIM: mqtt1_gMqt/GPA3/PPU_Gen_counter_active_power=18005,014
00:41:36.091 | SIM: mqtt1_gMqt/GPA3/T404=44,005737
00:41:36.091 | STREAM: plc1_40006=0
00:41:36.091 | SIM: mqtt1_gMqt/GPA4/PPU_Gen_active_power=1206,4438
00:41:36.091 | STREAM: plc1_00004=False
00:41:36.092 | SIM: mqtt1_gMqt/GPA4/T404=43,80857
00:41:36.092 | STREAM: plc1_30033=0
00:41:36.092 | SIM: mqtt1_gMqt/GPA4/Hours=90000
00:41:36.092 | STREAM: plc1_40007=0
00:41:36.092 | SIM: mqtt1_gMqt/GPA5/PPU_Gen_counter_active_power=18004,955
00:41:36.092 | STREAM: plc1_30029=0
00:41:36.093 | SIM: mqtt1_gMqt/GPA5/T404=44,83792
00:41:36.093 | STREAM: plc1_30025=1,0009494
00:41:36.093 | SIM: mqtt1_gMqt/GPA6/PPU_Gen_active_power=1207,7128
00:41:36.093 | STREAM: plc1_30023=20,30228
00:41:36.093 | SIM: mqtt1_gMqt/GPA6/T404=43,976913
00:41:36.093 | STREAM: plc1_00011=False
00:41:36.094 | STREAM: plc1_00006=False
00:41:36.094 | STREAM: plc1_40033=0
00:41:36.094 | STREAM: plc1_40025=0
00:41:36.095 | STREAM: plc1_00007=False
00:41:36.095 | STREAM: plc1_40027=0
00:41:36.095 | STREAM: plc1_00005=False
00:41:36.095 | STREAM: plc1_40029=0
00:41:36.096 | STREAM: plc1_40021=0
00:41:36.096 | STREAM: plc1_30027=0
00:41:36.603 | STREAM: plc1_00001=True
00:41:36.605 | STREAM: plc1_00002=True
00:41:36.605 | STREAM: plc1_30035=0
00:41:36.605 | STREAM: plc1_40005=0
00:41:36.606 | STREAM: plc1_00010=False
00:41:36.606 | STREAM: plc1_00003=False
00:41:36.606 | STREAM: plc1_30031=0
00:41:36.606 | STREAM: plc1_40006=0
00:41:36.607 | STREAM: plc1_00004=False
00:41:36.607 | STREAM: plc1_30033=0
00:41:36.607 | STREAM: plc1_40007=0
00:41:36.607 | STREAM: plc1_30029=0
00:41:36.608 | STREAM: plc1_30025=1,000975
00:41:36.608 | STREAM: plc1_30023=20,309698
00:41:36.608 | STREAM: plc1_00011=False
00:41:36.608 | STREAM: plc1_00006=False
00:41:36.608 | STREAM: plc1_40033=0
00:41:36.609 | STREAM: plc1_40025=0
00:41:36.609 | STREAM: plc1_00007=False
00:41:36.609 | STREAM: plc1_40027=0
00:41:36.609 | STREAM: plc1_00005=False
00:41:36.610 | STREAM: plc1_40029=0
00:41:36.610 | STREAM: plc1_40021=0
00:41:36.610 | STREAM: plc1_30027=0
00:41:37.105 | STREAM: plc1_00001=True
00:41:37.105 | STREAM: plc1_00002=True
00:41:37.106 | STREAM: plc1_30035=0
00:41:37.106 | STREAM: plc1_40005=0
00:41:37.106 | STREAM: plc1_00010=False
00:41:37.106 | STREAM: plc1_00003=False
00:41:37.107 | STREAM: plc1_30031=0
00:41:37.107 | STREAM: plc1_40006=0
00:41:37.107 | STREAM: plc1_00004=False
00:41:37.107 | STREAM: plc1_30033=0
00:41:37.108 | STREAM: plc1_40007=0
00:41:37.108 | STREAM: plc1_30029=0
00:41:37.108 | STREAM: plc1_30025=1,0010071
00:41:37.108 | STREAM: plc1_30023=20,31894
00:41:37.109 | STREAM: plc1_00011=False
00:41:37.109 | STREAM: plc1_00006=False
00:41:37.109 | STREAM: plc1_40033=0
00:41:37.109 | STREAM: plc1_40025=0
00:41:37.110 | STREAM: plc1_00007=False
00:41:37.110 | STREAM: plc1_40027=0
00:41:37.110 | STREAM: plc1_00005=False
00:41:37.110 | STREAM: plc1_40029=0
00:41:37.110 | STREAM: plc1_40021=0
00:41:37.111 | STREAM: plc1_30027=0
00:41:37.184 | SIM: mqtt1_gMqt/ZAS/ZAS_Actual_Power=190,61334
00:41:37.184 | SIM: mqtt1_gMqt/GPA1/PPU_Gen_active_power=1212,7205
00:41:37.184 | SIM: mqtt1_gMqt/GPA1/PPU_Gen_counter_active_power=18005,303
00:41:37.184 | SIM: mqtt1_gMqt/GPA1/T404=44,282444
00:41:37.184 | SIM: mqtt1_gMqt/GPA1/Hours=90000
00:41:37.184 | SIM: mqtt1_gMqt/GPA2/PPU_Gen_active_power=1190,1334
00:41:37.185 | SIM: mqtt1_gMqt/GPA2/PPU_Gen_counter_active_power=18005,275
00:41:37.185 | SIM: mqtt1_gMqt/GPA2/T404=45,224625
00:41:37.185 | SIM: mqtt1_gMqt/GPA2/Hours=90000
00:41:37.185 | SIM: mqtt1_gMqt/GPA3/PPU_Gen_active_power=1202,3921
00:41:37.185 | SIM: mqtt1_gMqt/GPA3/PPU_Gen_counter_active_power=18005,348
00:41:37.185 | SIM: mqtt1_gMqt/GPA3/T404=43,884155
00:41:37.186 | SIM: mqtt1_gMqt/GPA3/Hours=90000
00:41:37.186 | SIM: mqtt1_gMqt/GPA4/PPU_Gen_active_power=1208,8713
00:41:37.186 | SIM: mqtt1_gMqt/GPA4/PPU_Gen_counter_active_power=18005,357
00:41:37.186 | SIM: mqtt1_gMqt/GPA4/T404=43,884842
00:41:37.186 | SIM: mqtt1_gMqt/GPA4/Hours=90000
00:41:37.186 | SIM: mqtt1_gMqt/GPA5/PPU_Gen_active_power=1183,5278
00:41:37.187 | SIM: mqtt1_gMqt/GPA5/PPU_Gen_counter_active_power=18005,283
00:41:37.187 | SIM: mqtt1_gMqt/GPA5/T404=45,022366
00:41:37.187 | SIM: mqtt1_gMqt/GPA5/Hours=90000
00:41:37.187 | SIM: mqtt1_gMqt/GPA6/PPU_Gen_active_power=1202,2247
00:41:37.187 | SIM: mqtt1_gMqt/GPA6/PPU_Gen_counter_active_power=18005,428
00:41:37.187 | SIM: mqtt1_gMqt/GPA6/T404=43,766956
00:41:37.187 | SIM: mqtt1_gMqt/GPA6/Hours=90000
00:41:37.618 | STREAM: plc1_00001=True
00:41:37.619 | STREAM: plc1_00002=True
00:41:37.620 | STREAM: plc1_30035=0
00:41:37.620 | STREAM: plc1_40005=0
00:41:37.621 | STREAM: plc1_00010=False
00:41:37.621 | STREAM: plc1_00003=False
00:41:37.621 | STREAM: plc1_30031=0
00:41:37.622 | STREAM: plc1_40006=0
00:41:37.623 | STREAM: plc1_00004=False
00:41:37.624 | STREAM: plc1_30033=0
00:41:37.624 | STREAM: plc1_40007=0
00:41:37.624 | STREAM: plc1_30029=0
00:41:37.624 | STREAM: plc1_30025=1,0010387
00:41:37.625 | STREAM: plc1_30023=20,328075
00:41:37.625 | STREAM: plc1_00011=False
00:41:37.626 | STREAM: plc1_00006=False
00:41:37.626 | STREAM: plc1_40033=0
00:41:37.626 | STREAM: plc1_40025=0
00:41:37.627 | STREAM: plc1_00007=False
00:41:37.627 | STREAM: plc1_40027=0
00:41:37.628 | STREAM: plc1_00005=False
00:41:37.629 | STREAM: plc1_40029=0
00:41:37.629 | STREAM: plc1_40021=0
00:41:37.629 | STREAM: plc1_30027=0
00:41:38.120 | STREAM: plc1_00001=True
00:41:38.120 | STREAM: plc1_00002=True
00:41:38.121 | STREAM: plc1_30035=0
00:41:38.122 | STREAM: plc1_40005=0
00:41:38.123 | STREAM: plc1_00010=False
00:41:38.124 | STREAM: plc1_00003=False
00:41:38.125 | STREAM: plc1_30031=0
00:41:38.126 | STREAM: plc1_40006=0
00:41:38.126 | STREAM: plc1_00004=False
00:41:38.127 | STREAM: plc1_30033=0
00:41:38.127 | STREAM: plc1_40007=0
00:41:38.127 | STREAM: plc1_30029=0
00:41:38.128 | STREAM: plc1_30025=1,001064
00:41:38.128 | STREAM: plc1_30023=20,33541
00:41:38.128 | STREAM: plc1_00011=False
00:41:38.128 | STREAM: plc1_00006=False
00:41:38.129 | STREAM: plc1_40033=0
00:41:38.129 | STREAM: plc1_40025=0
00:41:38.129 | STREAM: plc1_00007=False
00:41:38.129 | STREAM: plc1_40027=0
00:41:38.130 | STREAM: plc1_00005=False
00:41:38.130 | STREAM: plc1_40029=0
00:41:38.130 | STREAM: plc1_40021=0
00:41:38.130 | STREAM: plc1_30027=0
00:41:38.275 | SIM: mqtt1_gMqt/ZAS/ZAS_Actual_Power=191,76315
00:41:38.275 | SIM: mqtt1_gMqt/GPA1/PPU_Gen_active_power=1210,8164
00:41:38.275 | SIM: mqtt1_gMqt/GPA1/PPU_Gen_counter_active_power=18005,639
00:41:38.276 | SIM: mqtt1_gMqt/GPA1/T404=44,136784
00:41:38.276 | SIM: mqtt1_gMqt/GPA1/Hours=90000
00:41:38.276 | SIM: mqtt1_gMqt/GPA2/PPU_Gen_active_power=1180,6288
00:41:38.276 | SIM: mqtt1_gMqt/GPA2/PPU_Gen_counter_active_power=18005,604
00:41:38.276 | SIM: mqtt1_gMqt/GPA2/T404=45,061638
00:41:38.276 | SIM: mqtt1_gMqt/GPA2/Hours=90000
00:41:38.277 | SIM: mqtt1_gMqt/GPA3/PPU_Gen_active_power=1196,79
00:41:38.277 | SIM: mqtt1_gMqt/GPA3/PPU_Gen_counter_active_power=18005,68
00:41:38.277 | SIM: mqtt1_gMqt/GPA3/T404=43,84182
00:41:38.277 | SIM: mqtt1_gMqt/GPA3/Hours=90000
00:41:38.277 | SIM: mqtt1_gMqt/GPA4/PPU_Gen_active_power=1203,2871
00:41:38.277 | SIM: mqtt1_gMqt/GPA4/PPU_Gen_counter_active_power=18005,691
00:41:38.278 | SIM: mqtt1_gMqt/GPA4/T404=44,05789
00:41:38.278 | SIM: mqtt1_gMqt/GPA4/Hours=90000
00:41:38.278 | SIM: mqtt1_gMqt/GPA5/PPU_Gen_active_power=1177,4108
00:41:38.278 | SIM: mqtt1_gMqt/GPA5/PPU_Gen_counter_active_power=18005,61
00:41:38.278 | SIM: mqtt1_gMqt/GPA5/T404=45,05747
00:41:38.278 | SIM: mqtt1_gMqt/GPA5/Hours=90000
00:41:38.278 | SIM: mqtt1_gMqt/GPA6/PPU_Gen_active_power=1204,0005
00:41:38.279 | SIM: mqtt1_gMqt/GPA6/PPU_Gen_counter_active_power=18005,762
00:41:38.279 | SIM: mqtt1_gMqt/GPA6/T404=43,85913
00:41:38.279 | SIM: mqtt1_gMqt/GPA6/Hours=90000
00:41:38.635 | STREAM: plc1_00001=True
00:41:38.635 | STREAM: plc1_00002=True
00:41:38.636 | STREAM: plc1_30035=0
00:41:38.636 | STREAM: plc1_40005=0
00:41:38.636 | STREAM: plc1_00010=False
00:41:38.636 | STREAM: plc1_00003=False
00:41:38.637 | STREAM: plc1_30031=0
00:41:38.637 | STREAM: plc1_40006=0
00:41:38.637 | STREAM: plc1_00004=False
00:41:38.637 | STREAM: plc1_30033=0
00:41:38.638 | STREAM: plc1_40007=0
00:41:38.638 | STREAM: plc1_30029=0
00:41:38.638 | STREAM: plc1_30025=1,0010954
00:41:38.638 | STREAM: plc1_30023=20,344484
00:41:38.639 | STREAM: plc1_00011=False
00:41:38.639 | STREAM: plc1_00006=False
00:41:38.639 | STREAM: plc1_40033=0
00:41:38.639 | STREAM: plc1_40025=0
00:41:38.640 | STREAM: plc1_00007=False
00:41:38.640 | STREAM: plc1_40027=0
00:41:38.640 | STREAM: plc1_00005=False
00:41:38.640 | STREAM: plc1_40029=0
00:41:38.641 | STREAM: plc1_40021=0
00:41:38.641 | STREAM: plc1_30027=0
00:41:39.137 | STREAM: plc1_00001=True
00:41:39.138 | STREAM: plc1_00002=True
00:41:39.138 | STREAM: plc1_30035=0
00:41:39.138 | STREAM: plc1_40005=0
00:41:39.139 | STREAM: plc1_00010=False
00:41:39.139 | STREAM: plc1_00003=False
00:41:39.139 | STREAM: plc1_30031=0
00:41:39.139 | STREAM: plc1_40006=0
00:41:39.140 | STREAM: plc1_00004=False
00:41:39.140 | STREAM: plc1_30033=0
00:41:39.140 | STREAM: plc1_40007=0
00:41:39.140 | STREAM: plc1_30029=0
00:41:39.141 | STREAM: plc1_30025=1,0011204
00:41:39.141 | STREAM: plc1_30023=20,351742
00:41:39.141 | STREAM: plc1_00011=False
00:41:39.141 | STREAM: plc1_00006=False
00:41:39.142 | STREAM: plc1_40033=0
00:41:39.142 | STREAM: plc1_40025=0
00:41:39.142 | STREAM: plc1_00007=False
00:41:39.142 | STREAM: plc1_40027=0
00:41:39.142 | STREAM: plc1_00005=False
00:41:39.143 | STREAM: plc1_40029=0
00:41:39.143 | STREAM: plc1_40021=0
00:41:39.143 | STREAM: plc1_30027=0
00:41:39.373 | SIM: mqtt1_gMqt/ZAS/ZAS_Actual_Power=191,46423
00:41:39.373 | SIM: mqtt1_gMqt/GPA1/PPU_Gen_active_power=1209,6454
00:41:39.373 | SIM: mqtt1_gMqt/GPA1/PPU_Gen_counter_active_power=18005,975
00:41:39.373 | SIM: mqtt1_gMqt/GPA1/T404=44,04381
00:41:39.374 | SIM: mqtt1_gMqt/GPA1/Hours=90000
00:41:39.374 | SIM: mqtt1_gMqt/GPA2/PPU_Gen_active_power=1186,4806
00:41:39.374 | SIM: mqtt1_gMqt/GPA2/PPU_Gen_counter_active_power=18005,934
00:41:39.374 | SIM: mqtt1_gMqt/GPA2/T404=45,237587
00:41:39.374 | SIM: mqtt1_gMqt/GPA2/Hours=90000
00:41:39.374 | SIM: mqtt1_gMqt/GPA3/PPU_Gen_active_power=1202,2589
00:41:39.375 | SIM: mqtt1_gMqt/GPA3/PPU_Gen_counter_active_power=18006,014
00:41:39.375 | SIM: mqtt1_gMqt/GPA3/T404=43,850204
00:41:39.375 | SIM: mqtt1_gMqt/GPA3/Hours=90000
00:41:39.375 | SIM: mqtt1_gMqt/GPA4/PPU_Gen_active_power=1201,8838
00:41:39.375 | SIM: mqtt1_gMqt/GPA4/PPU_Gen_counter_active_power=18006,025
00:41:39.375 | SIM: mqtt1_gMqt/GPA4/T404=43,950394
00:41:39.376 | SIM: mqtt1_gMqt/GPA4/Hours=90000
00:41:39.376 | SIM: mqtt1_gMqt/GPA5/PPU_Gen_active_power=1178,121
00:41:39.376 | SIM: mqtt1_gMqt/GPA5/PPU_Gen_counter_active_power=18005,938
00:41:39.376 | SIM: mqtt1_gMqt/GPA5/T404=44,829487
00:41:39.376 | SIM: mqtt1_gMqt/GPA5/Hours=90000
00:41:39.376 | SIM: mqtt1_gMqt/GPA6/PPU_Gen_active_power=1199,4608
00:41:39.377 | SIM: mqtt1_gMqt/GPA6/PPU_Gen_counter_active_power=18006,096
00:41:39.377 | SIM: mqtt1_gMqt/GPA6/T404=44,055157
00:41:39.377 | SIM: mqtt1_gMqt/GPA6/Hours=90000
00:41:39.640 | STREAM: plc1_00001=True
00:41:39.640 | STREAM: plc1_00002=True
00:41:39.641 | STREAM: plc1_30035=0
00:41:39.641 | STREAM: plc1_40005=0
00:41:39.641 | STREAM: plc1_00010=False
00:41:39.641 | STREAM: plc1_00003=False
00:41:39.642 | STREAM: plc1_30031=0
00:41:39.642 | STREAM: plc1_40006=0
00:41:39.642 | STREAM: plc1_00004=False
00:41:39.642 | STREAM: plc1_30033=0
00:41:39.642 | STREAM: plc1_40007=0
00:41:39.642 | STREAM: plc1_30029=0
00:41:39.643 | STREAM: plc1_30025=1,0011518
00:41:39.643 | STREAM: plc1_30023=20,360783
00:41:39.643 | STREAM: plc1_00011=False
00:41:39.643 | STREAM: plc1_00006=False
00:41:39.643 | STREAM: plc1_40033=0
00:41:39.643 | STREAM: plc1_40025=0
00:41:39.643 | STREAM: plc1_00007=False
00:41:39.643 | STREAM: plc1_40027=0
00:41:39.644 | STREAM: plc1_00005=False
00:41:39.644 | STREAM: plc1_40029=0
00:41:39.644 | STREAM: plc1_40021=0
00:41:39.644 | STREAM: plc1_30027=0
00:41:40.150 | STREAM: plc1_00001=True
00:41:40.150 | STREAM: plc1_00002=True
00:41:40.150 | STREAM: plc1_30035=0
00:41:40.151 | STREAM: plc1_40005=0
00:41:40.151 | STREAM: plc1_00010=False
00:41:40.151 | STREAM: plc1_00003=False
00:41:40.152 | STREAM: plc1_30031=0
00:41:40.152 | STREAM: plc1_40006=0
00:41:40.152 | STREAM: plc1_00004=False
00:41:40.152 | STREAM: plc1_30033=0
00:41:40.153 | STREAM: plc1_40007=0
00:41:40.153 | STREAM: plc1_30029=0
00:41:40.153 | STREAM: plc1_30025=1,0011823
00:41:40.153 | STREAM: plc1_30023=20,369625
00:41:40.153 | STREAM: plc1_00011=False
00:41:40.154 | STREAM: plc1_00006=False
00:41:40.154 | STREAM: plc1_40033=0
00:41:40.154 | STREAM: plc1_40025=0
00:41:40.155 | STREAM: plc1_00007=False
00:41:40.155 | STREAM: plc1_40027=0
00:41:40.155 | STREAM: plc1_00005=False
00:41:40.155 | STREAM: plc1_40029=0
00:41:40.155 | STREAM: plc1_40021=0
00:41:40.156 | STREAM: plc1_30027=0
00:41:40.464 | SIM: mqtt1_gMqt/ZAS/ZAS_Actual_Power=190,9582
00:41:40.464 | SIM: mqtt1_gMqt/GPA1/PPU_Gen_active_power=1203,4231
00:41:40.464 | SIM: mqtt1_gMqt/GPA1/PPU_Gen_counter_active_power=18006,309
00:41:40.464 | SIM: mqtt1_gMqt/GPA1/T404=44,09912
00:41:40.464 | SIM: mqtt1_gMqt/GPA1/Hours=90000
00:41:40.465 | SIM: mqtt1_gMqt/GPA2/PPU_Gen_active_power=1178,1279
00:41:40.465 | SIM: mqtt1_gMqt/GPA2/PPU_Gen_counter_active_power=18006,262
00:41:40.465 | SIM: mqtt1_gMqt/GPA2/T404=45,431225
00:41:40.465 | SIM: mqtt1_gMqt/GPA2/Hours=90000
00:41:40.465 | SIM: mqtt1_gMqt/GPA3/PPU_Gen_active_power=1211,6549
00:41:40.465 | SIM: mqtt1_gMqt/GPA3/PPU_Gen_counter_active_power=18006,35
00:41:40.466 | SIM: mqtt1_gMqt/GPA3/T404=43,79177
00:41:40.466 | SIM: mqtt1_gMqt/GPA3/Hours=90000
00:41:40.466 | SIM: mqtt1_gMqt/GPA4/PPU_Gen_active_power=1211,6285
00:41:40.466 | SIM: mqtt1_gMqt/GPA4/PPU_Gen_counter_active_power=18006,361
00:41:40.466 | SIM: mqtt1_gMqt/GPA4/T404=43,939777
00:41:40.466 | SIM: mqtt1_gMqt/GPA4/Hours=90000
00:41:40.466 | SIM: mqtt1_gMqt/GPA5/PPU_Gen_active_power=1186,3845
00:41:40.467 | SIM: mqtt1_gMqt/GPA5/PPU_Gen_counter_active_power=18006,268
00:41:40.467 | SIM: mqtt1_gMqt/GPA5/T404=44,68982
00:41:40.467 | SIM: mqtt1_gMqt/GPA5/Hours=90000
00:41:40.467 | SIM: mqtt1_gMqt/GPA5/HAS_IN_Word55_0=True
00:41:40.467 | SIM: mqtt1_gMqt/GPA6/PPU_Gen_active_power=1203,0186
00:41:40.467 | SIM: mqtt1_gMqt/GPA6/PPU_Gen_counter_active_power=18006,43
00:41:40.467 | SIM: mqtt1_gMqt/GPA6/T404=44,304176
00:41:40.468 | SIM: mqtt1_gMqt/GPA6/Hours=90000
00:41:40.652 | STREAM: plc1_00001=True
00:41:40.653 | STREAM: plc1_00002=True
00:41:40.653 | STREAM: plc1_30035=0
00:41:40.653 | STREAM: plc1_40005=0
00:41:40.654 | STREAM: plc1_00010=False
00:41:40.654 | STREAM: plc1_00003=False
00:41:40.654 | STREAM: plc1_30031=0
00:41:40.654 | STREAM: plc1_40006=0
00:41:40.655 | STREAM: plc1_00004=False
00:41:40.655 | STREAM: plc1_30033=0
00:41:40.655 | STREAM: plc1_40007=0
00:41:40.655 | STREAM: plc1_30029=0
00:41:40.656 | STREAM: plc1_30025=1,0012071
00:41:40.656 | STREAM: plc1_30023=20,376783
00:41:40.656 | STREAM: plc1_00011=False
00:41:40.656 | STREAM: plc1_00006=False
00:41:40.657 | STREAM: plc1_40033=0
00:41:40.657 | STREAM: plc1_40025=0
00:41:40.657 | STREAM: plc1_00007=False
00:41:40.657 | STREAM: plc1_40027=0
00:41:40.658 | STREAM: plc1_00005=False
00:41:40.658 | STREAM: plc1_40029=0
00:41:40.658 | STREAM: plc1_40021=0
00:41:40.659 | STREAM: plc1_30027=0
00:41:41.166 | STREAM: plc1_00001=True
00:41:41.166 | STREAM: plc1_00002=True
00:41:41.167 | STREAM: plc1_30035=0
00:41:41.167 | STREAM: plc1_40005=0
00:41:41.167 | STREAM: plc1_00010=False
00:41:41.167 | STREAM: plc1_00003=False
00:41:41.168 | STREAM: plc1_30031=0
00:41:41.168 | STREAM: plc1_40006=0
00:41:41.168 | STREAM: plc1_00004=False
00:41:41.168 | STREAM: plc1_30033=0
00:41:41.169 | STREAM: plc1_40007=0
00:41:41.169 | STREAM: plc1_30029=0
00:41:41.169 | STREAM: plc1_30025=1,0012378
00:41:41.169 | STREAM: plc1_30023=20,385628
00:41:41.170 | STREAM: plc1_00011=False
00:41:41.170 | STREAM: plc1_00006=False
00:41:41.170 | STREAM: plc1_40033=0
00:41:41.170 | STREAM: plc1_40025=0
00:41:41.170 | STREAM: plc1_00007=False
00:41:41.171 | STREAM: plc1_40027=0
00:41:41.171 | STREAM: plc1_00005=False
00:41:41.171 | STREAM: plc1_40029=0
00:41:41.171 | STREAM: plc1_40021=0
00:41:41.172 | STREAM: plc1_30027=0
00:41:41.556 | SIM: mqtt1_gMqt/ZAS/ZAS_Actual_Power=192,294
00:41:41.556 | SIM: mqtt1_gMqt/GPA1/PPU_Gen_active_power=1212,4232
00:41:41.556 | SIM: mqtt1_gMqt/GPA1/PPU_Gen_counter_active_power=18006,645
00:41:41.556 | SIM: mqtt1_gMqt/GPA1/T404=43,88577
00:41:41.557 | SIM: mqtt1_gMqt/GPA1/Hours=90000
00:41:41.557 | SIM: mqtt1_gMqt/GPA2/PPU_Gen_active_power=1187,013
00:41:41.557 | SIM: mqtt1_gMqt/GPA2/PPU_Gen_counter_active_power=18006,592
00:41:41.557 | SIM: mqtt1_gMqt/GPA2/T404=45,249245
00:41:41.557 | SIM: mqtt1_gMqt/GPA2/Hours=90000
00:41:41.557 | SIM: mqtt1_gMqt/GPA3/PPU_Gen_active_power=1220,1421
00:41:41.558 | SIM: mqtt1_gMqt/GPA3/PPU_Gen_counter_active_power=18006,69
00:41:41.558 | SIM: mqtt1_gMqt/GPA3/T404=43,560547
00:41:41.558 | SIM: mqtt1_gMqt/GPA3/Hours=90000
00:41:41.558 | SIM: mqtt1_gMqt/GPA4/PPU_Gen_active_power=1217,6484
00:41:41.558 | SIM: mqtt1_gMqt/GPA4/PPU_Gen_counter_active_power=18006,7
00:41:41.558 | SIM: mqtt1_gMqt/GPA4/T404=43,749847
00:41:41.559 | SIM: mqtt1_gMqt/GPA4/Hours=90000
00:41:41.559 | SIM: mqtt1_gMqt/GPA5/PPU_Gen_active_power=1176,7322
00:41:41.559 | SIM: mqtt1_gMqt/GPA5/PPU_Gen_counter_active_power=18006,594
00:41:41.559 | SIM: mqtt1_gMqt/GPA5/T404=44,93095
00:41:41.559 | SIM: mqtt1_gMqt/GPA5/Hours=90000
00:41:41.559 | SIM: mqtt1_gMqt/GPA6/PPU_Gen_active_power=1211,0596
00:41:41.560 | SIM: mqtt1_gMqt/GPA6/PPU_Gen_counter_active_power=18006,766
00:41:41.560 | SIM: mqtt1_gMqt/GPA6/T404=44,39434
00:41:41.560 | SIM: mqtt1_gMqt/GPA6/Hours=90000
00:41:41.681 | STREAM: plc1_00001=True
00:41:41.681 | STREAM: plc1_00002=True
00:41:41.682 | STREAM: plc1_30035=0
00:41:41.682 | STREAM: plc1_40005=0
00:41:41.682 | STREAM: plc1_00010=False
00:41:41.683 | STREAM: plc1_00003=False
00:41:41.683 | STREAM: plc1_30031=0
00:41:41.683 | STREAM: plc1_40006=0
00:41:41.683 | STREAM: plc1_00004=False
00:41:41.684 | STREAM: plc1_30033=0
00:41:41.684 | STREAM: plc1_40007=0
00:41:41.684 | STREAM: plc1_30029=0
00:41:41.684 | STREAM: plc1_30025=1,0012681
00:41:41.684 | STREAM: plc1_30023=20,394417
00:41:41.685 | STREAM: plc1_00011=False
00:41:41.685 | STREAM: plc1_00006=False
00:41:41.685 | STREAM: plc1_40033=0
00:41:41.685 | STREAM: plc1_40025=0
00:41:41.685 | STREAM: plc1_00007=False
00:41:41.686 | STREAM: plc1_40027=0
00:41:41.686 | STREAM: plc1_00005=False
00:41:41.686 | STREAM: plc1_40029=0
00:41:41.686 | STREAM: plc1_40021=0
00:41:41.687 | STREAM: plc1_30027=0
00:41:42.182 | STREAM: plc1_00001=True
00:41:42.182 | STREAM: plc1_00002=True
00:41:42.182 | STREAM: plc1_30035=0
00:41:42.183 | STREAM: plc1_40005=0
00:41:42.183 | STREAM: plc1_00010=False
00:41:42.183 | STREAM: plc1_00003=False
00:41:42.184 | STREAM: plc1_30031=0
00:41:42.184 | STREAM: plc1_40006=0
00:41:42.184 | STREAM: plc1_00004=False
00:41:42.185 | STREAM: plc1_30033=0
00:41:42.185 | STREAM: plc1_40007=0
00:41:42.185 | STREAM: plc1_30029=0
00:41:42.185 | STREAM: plc1_30025=1,0012923
00:41:42.186 | STREAM: plc1_30023=20,401426
00:41:42.186 | STREAM: plc1_00011=False
00:41:42.186 | STREAM: plc1_00006=False
00:41:42.187 | STREAM: plc1_40033=0
00:41:42.187 | STREAM: plc1_40025=0
00:41:42.187 | STREAM: plc1_00007=False
00:41:42.188 | STREAM: plc1_40027=0
00:41:42.188 | STREAM: plc1_00005=False
00:41:42.188 | STREAM: plc1_40029=0
00:41:42.189 | STREAM: plc1_40021=0
00:41:42.189 | STREAM: plc1_30027=0
00:41:42.650 | SIM: mqtt1_gMqt/ZAS/ZAS_Actual_Power=191,82254
00:41:42.651 | SIM: mqtt1_gMqt/GPA1/PPU_Gen_active_power=1207,3676
00:41:42.651 | SIM: mqtt1_gMqt/GPA1/PPU_Gen_counter_active_power=18006,98
00:41:42.651 | SIM: mqtt1_gMqt/GPA1/T404=43,747463
00:41:42.651 | SIM: mqtt1_gMqt/GPA1/Hours=90000
00:41:42.651 | SIM: mqtt1_gMqt/GPA2/PPU_Gen_active_power=1177,9446
00:41:42.652 | SIM: mqtt1_gMqt/GPA2/PPU_Gen_counter_active_power=18006,92
00:41:42.652 | SIM: mqtt1_gMqt/GPA2/T404=45,092415
00:41:42.652 | SIM: mqtt1_gMqt/GPA2/Hours=90000
00:41:42.652 | SIM: mqtt1_gMqt/GPA3/PPU_Gen_active_power=1210,9713
00:41:42.652 | SIM: mqtt1_gMqt/GPA3/PPU_Gen_counter_active_power=18007,025
00:41:42.652 | SIM: mqtt1_gMqt/GPA3/T404=43,426468
00:41:42.652 | SIM: mqtt1_gMqt/GPA3/Hours=90000
00:41:42.653 | SIM: mqtt1_gMqt/GPA4/PPU_Gen_active_power=1223,7719
00:41:42.653 | SIM: mqtt1_gMqt/GPA4/PPU_Gen_counter_active_power=18007,04
00:41:42.653 | SIM: mqtt1_gMqt/GPA4/T404=43,887547
00:41:42.653 | SIM: mqtt1_gMqt/GPA4/Hours=90000
00:41:42.653 | SIM: mqtt1_gMqt/GPA5/PPU_Gen_active_power=1182,4875
00:41:42.654 | SIM: mqtt1_gMqt/GPA5/PPU_Gen_counter_active_power=18006,922
00:41:42.654 | SIM: mqtt1_gMqt/GPA5/T404=45,120026
00:41:42.654 | SIM: mqtt1_gMqt/GPA5/Hours=90000
00:41:42.654 | SIM: mqtt1_gMqt/GPA6/PPU_Gen_active_power=1211,7751
00:41:42.654 | SIM: mqtt1_gMqt/GPA6/PPU_Gen_counter_active_power=18007,102
00:41:42.654 | SIM: mqtt1_gMqt/GPA6/T404=44,523315
00:41:42.655 | SIM: mqtt1_gMqt/GPA6/Hours=90000
00:41:42.696 | STREAM: plc1_00001=True
00:41:42.697 | STREAM: plc1_00002=True
00:41:42.697 | STREAM: plc1_30035=0
00:41:42.697 | STREAM: plc1_40005=0
00:41:42.698 | STREAM: plc1_00010=False
00:41:42.698 | STREAM: plc1_00003=False
00:41:42.698 | STREAM: plc1_30031=0
00:41:42.698 | STREAM: plc1_40006=0
00:41:42.699 | STREAM: plc1_00004=False
00:41:42.699 | STREAM: plc1_30033=0
00:41:42.699 | STREAM: plc1_40007=0
00:41:42.699 | STREAM: plc1_30029=0
00:41:42.700 | STREAM: plc1_30025=1,0013226
00:41:42.700 | STREAM: plc1_30023=20,410175
00:41:42.700 | STREAM: plc1_00011=False
00:41:42.700 | STREAM: plc1_00006=False
00:41:42.701 | STREAM: plc1_40033=0
00:41:42.701 | STREAM: plc1_40025=0
00:41:42.701 | STREAM: plc1_00007=False
00:41:42.701 | STREAM: plc1_40027=0
00:41:42.702 | STREAM: plc1_00005=False
00:41:42.702 | STREAM: plc1_40029=0
00:41:42.702 | STREAM: plc1_40021=0
00:41:42.702 | STREAM: plc1_30027=0
00:41:43.197 | STREAM: plc1_00001=True
00:41:43.198 | STREAM: plc1_00002=True
00:41:43.198 | STREAM: plc1_30035=0
00:41:43.198 | STREAM: plc1_40005=0
00:41:43.199 | STREAM: plc1_00010=False
00:41:43.199 | STREAM: plc1_00003=False
00:41:43.199 | STREAM: plc1_30031=0
00:41:43.199 | STREAM: plc1_40006=0
00:41:43.200 | STREAM: plc1_00004=False
00:41:43.200 | STREAM: plc1_30033=0
00:41:43.200 | STREAM: plc1_40007=0
00:41:43.200 | STREAM: plc1_30029=0
00:41:43.201 | STREAM: plc1_30025=1,0013527
00:41:43.201 | STREAM: plc1_30023=20,418848
00:41:43.201 | STREAM: plc1_00011=False
00:41:43.202 | STREAM: plc1_00006=False
00:41:43.202 | STREAM: plc1_40033=0
00:41:43.202 | STREAM: plc1_40025=0
00:41:43.202 | STREAM: plc1_00007=False
00:41:43.203 | STREAM: plc1_40027=0
00:41:43.203 | STREAM: plc1_00005=False
00:41:43.203 | STREAM: plc1_40029=0
00:41:43.203 | STREAM: plc1_40021=0
00:41:43.204 | STREAM: plc1_30027=0
00:41:43.710 | STREAM: plc1_00001=True
00:41:43.710 | STREAM: plc1_00002=True
00:41:43.711 | STREAM: plc1_30035=0
00:41:43.711 | STREAM: plc1_40005=0
00:41:43.711 | STREAM: plc1_00010=False
00:41:43.712 | STREAM: plc1_00003=False
00:41:43.712 | STREAM: plc1_30031=0
00:41:43.712 | STREAM: plc1_40006=0
00:41:43.713 | STREAM: plc1_00004=False
00:41:43.713 | STREAM: plc1_30033=0
00:41:43.713 | STREAM: plc1_40007=0
00:41:43.714 | STREAM: plc1_30029=0
00:41:43.714 | STREAM: plc1_30025=1,0013764
00:41:43.714 | STREAM: plc1_30023=20,425714
00:41:43.715 | STREAM: plc1_00011=False
00:41:43.715 | STREAM: plc1_00006=False
00:41:43.715 | STREAM: plc1_40033=0
00:41:43.715 | STREAM: plc1_40025=0
00:41:43.716 | STREAM: plc1_00007=False
00:41:43.716 | STREAM: plc1_40027=0
00:41:43.716 | STREAM: plc1_00005=False
00:41:43.716 | STREAM: plc1_40029=0
00:41:43.716 | STREAM: plc1_40021=0
00:41:43.717 | STREAM: plc1_30027=0
00:41:43.742 | SIM: mqtt1_gMqt/ZAS/ZAS_Actual_Power=191,2938
00:41:43.742 | SIM: mqtt1_gMqt/GPA1/PPU_Gen_active_power=1208,9248
00:41:43.742 | SIM: mqtt1_gMqt/GPA1/PPU_Gen_counter_active_power=18007,316
00:41:43.742 | SIM: mqtt1_gMqt/GPA1/T404=43,927956
00:41:43.742 | SIM: mqtt1_gMqt/GPA1/Hours=90000
00:41:43.743 | SIM: mqtt1_gMqt/GPA2/PPU_Gen_active_power=1184,8739
00:41:43.743 | SIM: mqtt1_gMqt/GPA2/PPU_Gen_counter_active_power=18007,25
00:41:43.743 | SIM: mqtt1_gMqt/GPA2/T404=45,159435
00:41:43.743 | SIM: mqtt1_gMqt/GPA2/Hours=90000
00:41:43.743 | SIM: mqtt1_gMqt/GPA3/PPU_Gen_active_power=1207,853
00:41:43.743 | SIM: mqtt1_gMqt/GPA3/PPU_Gen_counter_active_power=18007,361
00:41:43.743 | SIM: mqtt1_gMqt/GPA3/T404=43,48291
00:41:43.743 | SIM: mqtt1_gMqt/GPA3/Hours=90000
00:41:43.743 | SIM: mqtt1_gMqt/GPA4/PPU_Gen_active_power=1214,5214
00:41:43.743 | SIM: mqtt1_gMqt/GPA4/PPU_Gen_counter_active_power=18007,377
00:41:43.743 | SIM: mqtt1_gMqt/GPA4/T404=44,072678
00:41:43.744 | SIM: mqtt1_gMqt/GPA4/Hours=90000
00:41:43.744 | SIM: mqtt1_gMqt/GPA5/PPU_Gen_active_power=1174,5122
00:41:43.744 | SIM: mqtt1_gMqt/GPA5/PPU_Gen_counter_active_power=18007,248
00:41:43.744 | SIM: mqtt1_gMqt/GPA5/T404=45,252274
00:41:43.744 | SIM: mqtt1_gMqt/GPA5/Hours=90000
00:41:43.744 | SIM: mqtt1_gMqt/GPA6/PPU_Gen_active_power=1215,6162
00:41:43.745 | SIM: mqtt1_gMqt/GPA6/PPU_Gen_counter_active_power=18007,44
00:41:43.745 | SIM: mqtt1_gMqt/GPA6/T404=44,34876
00:41:43.745 | SIM: mqtt1_gMqt/GPA6/Hours=90000
00:41:44.212 | STREAM: plc1_00001=True
00:41:44.212 | STREAM: plc1_00002=True
00:41:44.213 | STREAM: plc1_30035=0
00:41:44.213 | STREAM: plc1_40005=50
00:41:44.213 | STREAM: plc1_00010=False
00:41:44.213 | STREAM: plc1_00003=False
00:41:44.214 | STREAM: plc1_30031=0
00:41:44.215 | STREAM: plc1_40006=0
00:41:44.215 | STREAM: plc1_00004=False
00:41:44.216 | STREAM: plc1_30033=0
00:41:44.216 | STREAM: plc1_40007=0
00:41:44.216 | STREAM: plc1_30029=0
00:41:44.217 | STREAM: plc1_30025=1,0014062
00:41:44.217 | STREAM: plc1_30023=20,434328
00:41:44.217 | STREAM: plc1_00011=False
00:41:44.218 | STREAM: plc1_00006=False
00:41:44.218 | STREAM: plc1_40033=0
00:41:44.219 | STREAM: plc1_40025=0
00:41:44.219 | STREAM: plc1_00007=False
00:41:44.219 | STREAM: plc1_40027=0
00:41:44.219 | STREAM: plc1_00005=False
00:41:44.220 | STREAM: plc1_40029=0
00:41:44.220 | STREAM: plc1_40021=0
00:41:44.220 | STREAM: plc1_30027=0
00:41:44.727 | STREAM: plc1_00001=True
00:41:44.727 | STREAM: plc1_00002=True
00:41:44.727 | STREAM: plc1_30035=0
00:41:44.728 | STREAM: plc1_40005=50
00:41:44.728 | STREAM: plc1_00010=False
00:41:44.729 | STREAM: plc1_00003=False
00:41:44.729 | STREAM: plc1_30031=0
00:41:44.729 | STREAM: plc1_40006=0
00:41:44.730 | STREAM: plc1_00004=False
00:41:44.730 | STREAM: plc1_30033=0
00:41:44.730 | STREAM: plc1_40007=0
00:41:44.731 | STREAM: plc1_30029=0
00:41:44.731 | STREAM: plc1_30025=1,0014356
00:41:44.731 | STREAM: plc1_30023=20,442858
00:41:44.732 | STREAM: plc1_00011=False
00:41:44.732 | STREAM: plc1_00006=False
00:41:44.732 | STREAM: plc1_40033=0
00:41:44.733 | STREAM: plc1_40025=0
00:41:44.733 | STREAM: plc1_00007=False
00:41:44.733 | STREAM: plc1_40027=0
00:41:44.734 | STREAM: plc1_00005=False
00:41:44.734 | STREAM: plc1_40029=0
00:41:44.734 | STREAM: plc1_40021=0
00:41:44.734 | STREAM: plc1_30027=0
00:41:44.837 | SIM: mqtt1_gMqt/ZAS/ZAS_Actual_Power=192,38828
00:41:44.838 | SIM: mqtt1_gMqt/GPA1/PPU_Gen_active_power=1204,8341
00:41:44.838 | SIM: mqtt1_gMqt/GPA1/PPU_Gen_counter_active_power=18007,65
00:41:44.838 | SIM: mqtt1_gMqt/GPA1/T404=43,99702
00:41:44.838 | SIM: mqtt1_gMqt/GPA1/Hours=90000
00:41:44.838 | SIM: mqtt1_gMqt/GPA2/PPU_Gen_active_power=1192,7845
00:41:44.838 | SIM: mqtt1_gMqt/GPA2/PPU_Gen_counter_active_power=18007,582
00:41:44.838 | SIM: mqtt1_gMqt/GPA2/T404=44,977894
00:41:44.839 | SIM: mqtt1_gMqt/GPA2/Hours=90000
00:41:44.839 | SIM: mqtt1_gMqt/GPA3/PPU_Gen_active_power=1215,9147
00:41:44.839 | SIM: mqtt1_gMqt/GPA3/PPU_Gen_counter_active_power=18007,7
00:41:44.839 | SIM: mqtt1_gMqt/GPA3/T404=43,66053
00:41:44.839 | SIM: mqtt1_gMqt/GPA3/Hours=90000
00:41:44.839 | SIM: mqtt1_gMqt/GPA4/PPU_Gen_active_power=1210,877
00:41:44.839 | SIM: mqtt1_gMqt/GPA4/PPU_Gen_counter_active_power=18007,713
00:41:44.840 | SIM: mqtt1_gMqt/GPA4/T404=43,823463
00:41:44.840 | SIM: mqtt1_gMqt/GPA4/Hours=90000
00:41:44.840 | SIM: mqtt1_gMqt/GPA5/PPU_Gen_active_power=1165,892
00:41:44.840 | SIM: mqtt1_gMqt/GPA5/PPU_Gen_counter_active_power=18007,572
00:41:44.840 | SIM: mqtt1_gMqt/GPA5/T404=45,171295
00:41:44.840 | SIM: mqtt1_gMqt/GPA5/Hours=90000
00:41:44.841 | SIM: mqtt1_gMqt/GPA6/PPU_Gen_active_power=1215,1996
00:41:44.841 | SIM: mqtt1_gMqt/GPA6/PPU_Gen_counter_active_power=18007,777
00:41:44.841 | SIM: mqtt1_gMqt/GPA6/T404=44,41463
00:41:44.841 | SIM: mqtt1_gMqt/GPA6/Hours=90000
00:41:45.228 | STREAM: plc1_00001=True
00:41:45.228 | STREAM: plc1_00002=True
00:41:45.228 | STREAM: plc1_30035=0
00:41:45.229 | STREAM: plc1_40005=50
00:41:45.229 | STREAM: plc1_00010=False
00:41:45.229 | STREAM: plc1_00003=False
00:41:45.229 | STREAM: plc1_30031=0
00:41:45.230 | STREAM: plc1_40006=0
00:41:45.230 | STREAM: plc1_00004=False
00:41:45.230 | STREAM: plc1_30033=0
00:41:45.230 | STREAM: plc1_40007=0
00:41:45.231 | STREAM: plc1_30029=0
00:41:45.231 | STREAM: plc1_30025=1,0014592
00:41:45.231 | STREAM: plc1_30023=20,449675
00:41:45.231 | STREAM: plc1_00011=False
00:41:45.232 | STREAM: plc1_00006=False
00:41:45.232 | STREAM: plc1_40033=0
00:41:45.232 | STREAM: plc1_40025=0
00:41:45.232 | STREAM: plc1_00007=False
00:41:45.232 | STREAM: plc1_40027=0
00:41:45.233 | STREAM: plc1_00005=False
00:41:45.233 | STREAM: plc1_40029=0
00:41:45.233 | STREAM: plc1_40021=0
00:41:45.234 | STREAM: plc1_30027=0
00:41:45.731 | STREAM: plc1_00001=True
00:41:45.731 | STREAM: plc1_00002=True
00:41:45.731 | STREAM: plc1_30035=0
00:41:45.732 | STREAM: plc1_40005=50
00:41:45.732 | STREAM: plc1_00010=False
00:41:45.732 | STREAM: plc1_00003=False
00:41:45.732 | STREAM: plc1_30031=0
00:41:45.733 | STREAM: plc1_40006=0
00:41:45.733 | STREAM: plc1_00004=False
00:41:45.733 | STREAM: plc1_30033=0
00:41:45.733 | STREAM: plc1_40007=0
00:41:45.734 | STREAM: plc1_30029=0
00:41:45.734 | STREAM: plc1_30025=1,0014887
00:41:45.734 | STREAM: plc1_30023=20,458181
00:41:45.734 | STREAM: plc1_00011=False
00:41:45.735 | STREAM: plc1_00006=False
00:41:45.735 | STREAM: plc1_40033=0
00:41:45.735 | STREAM: plc1_40025=0
00:41:45.735 | STREAM: plc1_00007=False
00:41:45.736 | STREAM: plc1_40027=0
00:41:45.736 | STREAM: plc1_00005=False
00:41:45.736 | STREAM: plc1_40029=0
00:41:45.736 | STREAM: plc1_40021=0
00:41:45.737 | STREAM: plc1_30027=0
00:41:45.931 | SIM: mqtt1_gMqt/ZAS/ZAS_Actual_Power=194,75531
00:41:45.931 | SIM: mqtt1_gMqt/GPA1/PPU_Gen_active_power=1206,7212
00:41:45.931 | SIM: mqtt1_gMqt/GPA1/PPU_Gen_counter_active_power=18007,986
00:41:45.931 | SIM: mqtt1_gMqt/GPA1/T404=43,87306
00:41:45.932 | SIM: mqtt1_gMqt/GPA1/Hours=90000
00:41:45.932 | SIM: mqtt1_gMqt/GPA2/PPU_Gen_active_power=1189,5768
00:41:45.932 | SIM: mqtt1_gMqt/GPA2/PPU_Gen_counter_active_power=18007,912
00:41:45.932 | SIM: mqtt1_gMqt/GPA2/T404=45,2087
00:41:45.932 | SIM: mqtt1_gMqt/GPA2/Hours=90000
00:41:45.933 | SIM: mqtt1_gMqt/GPA3/PPU_Gen_active_power=1224,721
00:41:45.933 | SIM: mqtt1_gMqt/GPA3/PPU_Gen_counter_active_power=18008,04
00:41:45.933 | SIM: mqtt1_gMqt/GPA3/T404=43,820305
00:41:45.933 | SIM: mqtt1_gMqt/GPA3/Hours=90000
00:41:45.933 | SIM: mqtt1_gMqt/GPA4/PPU_Gen_active_power=1208,6155
00:41:45.933 | SIM: mqtt1_gMqt/GPA4/PPU_Gen_counter_active_power=18008,049
00:41:45.933 | SIM: mqtt1_gMqt/GPA4/T404=43,616657
00:41:45.934 | SIM: mqtt1_gMqt/GPA4/Hours=90000
00:41:45.934 | SIM: mqtt1_gMqt/GPA5/PPU_Gen_active_power=1165,3475
00:41:45.934 | SIM: mqtt1_gMqt/GPA5/PPU_Gen_counter_active_power=18007,896
00:41:45.934 | SIM: mqtt1_gMqt/GPA5/T404=45,179485
00:41:45.934 | SIM: mqtt1_gMqt/GPA5/Hours=90000
00:41:45.934 | SIM: mqtt1_gMqt/GPA6/PPU_Gen_active_power=1212,8696
00:41:45.935 | SIM: mqtt1_gMqt/GPA6/PPU_Gen_counter_active_power=18008,113
00:41:45.935 | SIM: mqtt1_gMqt/GPA6/T404=44,382557
00:41:45.935 | SIM: mqtt1_gMqt/GPA6/Hours=90000
00:41:46.244 | STREAM: plc1_00001=True
00:41:46.245 | STREAM: plc1_00002=True
00:41:46.245 | STREAM: plc1_30035=0
00:41:46.245 | STREAM: plc1_40005=50
00:41:46.246 | STREAM: plc1_00010=False
00:41:46.246 | STREAM: plc1_00003=False
00:41:46.246 | STREAM: plc1_30031=0
00:41:46.246 | STREAM: plc1_40006=0
00:41:46.246 | STREAM: plc1_00004=False
00:41:46.247 | STREAM: plc1_30033=0
00:41:46.247 | STREAM: plc1_40007=0
00:41:46.247 | STREAM: plc1_30029=0
00:41:46.247 | STREAM: plc1_30025=1,0015119
00:41:46.248 | STREAM: plc1_30023=20,464888
00:41:46.248 | STREAM: plc1_00011=False
00:41:46.248 | STREAM: plc1_00006=False
00:41:46.248 | STREAM: plc1_40033=0
00:41:46.248 | STREAM: plc1_40025=0
00:41:46.249 | STREAM: plc1_00007=False
00:41:46.249 | STREAM: plc1_40027=0
00:41:46.249 | STREAM: plc1_00005=False
00:41:46.249 | STREAM: plc1_40029=0
00:41:46.250 | STREAM: plc1_40021=0
00:41:46.250 | STREAM: plc1_30027=0
00:41:46.748 | STREAM: plc1_00001=True
00:41:46.748 | STREAM: plc1_00002=True
00:41:46.748 | STREAM: plc1_30035=0
00:41:46.749 | STREAM: plc1_40005=50
00:41:46.749 | STREAM: plc1_00010=False
00:41:46.749 | STREAM: plc1_00003=False
00:41:46.750 | STREAM: plc1_30031=0
00:41:46.750 | STREAM: plc1_40006=0
00:41:46.750 | STREAM: plc1_00004=False
00:41:46.750 | STREAM: plc1_30033=0
00:41:46.751 | STREAM: plc1_40007=0
00:41:46.751 | STREAM: plc1_30029=0
00:41:46.751 | STREAM: plc1_30025=1,001541
00:41:46.751 | STREAM: plc1_30023=20,473312
00:41:46.752 | STREAM: plc1_00011=False
00:41:46.752 | STREAM: plc1_00006=False
00:41:46.752 | STREAM: plc1_40033=0
00:41:46.752 | STREAM: plc1_40025=0
00:41:46.753 | STREAM: plc1_00007=False
00:41:46.753 | STREAM: plc1_40027=0
00:41:46.753 | STREAM: plc1_00005=False
00:41:46.753 | STREAM: plc1_40029=0
00:41:46.754 | STREAM: plc1_40021=0
00:41:46.754 | STREAM: plc1_30027=0
00:41:47.027 | SIM: mqtt1_gMqt/ZAS/ZAS_Actual_Power=195,81918
00:41:47.028 | SIM: mqtt1_gMqt/GPA1/PPU_Gen_active_power=1203,7035
00:41:47.028 | SIM: mqtt1_gMqt/GPA1/PPU_Gen_counter_active_power=18008,32
00:41:47.028 | SIM: mqtt1_gMqt/GPA1/T404=43,95982
00:41:47.028 | SIM: mqtt1_gMqt/GPA1/Hours=90000
00:41:47.028 | SIM: mqtt1_gMqt/GPA2/PPU_Gen_active_power=1195,0547
00:41:47.028 | SIM: mqtt1_gMqt/GPA2/PPU_Gen_counter_active_power=18008,244
00:41:47.029 | SIM: mqtt1_gMqt/GPA2/T404=45,442
00:41:47.029 | SIM: mqtt1_gMqt/GPA2/Hours=90000
00:41:47.029 | SIM: mqtt1_gMqt/GPA3/PPU_Gen_active_power=1232,5457
00:41:47.029 | SIM: mqtt1_gMqt/GPA3/PPU_Gen_counter_active_power=18008,38
00:41:47.029 | SIM: mqtt1_gMqt/GPA3/T404=43,886635
00:41:47.029 | SIM: mqtt1_gMqt/GPA3/Hours=90000
00:41:47.029 | SIM: mqtt1_gMqt/GPA4/PPU_Gen_active_power=1213,0863
00:41:47.030 | SIM: mqtt1_gMqt/GPA4/PPU_Gen_counter_active_power=18008,387
00:41:47.030 | SIM: mqtt1_gMqt/GPA4/T404=43,564186
00:41:47.030 | SIM: mqtt1_gMqt/GPA4/Hours=90000
00:41:47.030 | SIM: mqtt1_gMqt/GPA5/PPU_Gen_active_power=1163,7578
00:41:47.030 | SIM: mqtt1_gMqt/GPA5/PPU_Gen_counter_active_power=18008,22
00:41:47.030 | SIM: mqtt1_gMqt/GPA5/T404=45,271637
00:41:47.030 | SIM: mqtt1_gMqt/GPA5/Hours=90000
00:41:47.031 | SIM: mqtt1_gMqt/GPA6/PPU_Gen_active_power=1207,9669
00:41:47.031 | SIM: mqtt1_gMqt/GPA6/PPU_Gen_counter_active_power=18008,45
00:41:47.031 | SIM: mqtt1_gMqt/GPA6/T404=44,608074
00:41:47.031 | SIM: mqtt1_gMqt/GPA6/Hours=90000
00:41:47.263 | STREAM: plc1_00001=True
00:41:47.264 | STREAM: plc1_00002=True
00:41:47.264 | STREAM: plc1_30035=0
00:41:47.264 | STREAM: plc1_40005=50
00:41:47.265 | STREAM: plc1_00010=False
00:41:47.265 | STREAM: plc1_00003=False
00:41:47.265 | STREAM: plc1_30031=0
00:41:47.265 | STREAM: plc1_40006=0
00:41:47.266 | STREAM: plc1_00004=False
00:41:47.266 | STREAM: plc1_30033=0
00:41:47.266 | STREAM: plc1_40007=0
00:41:47.266 | STREAM: plc1_30029=0
00:41:47.267 | STREAM: plc1_30025=1,0015699
00:41:47.267 | STREAM: plc1_30023=20,481642
00:41:47.267 | STREAM: plc1_00011=False
00:41:47.267 | STREAM: plc1_00006=False
00:41:47.268 | STREAM: plc1_40033=0
00:41:47.268 | STREAM: plc1_40025=0
00:41:47.268 | STREAM: plc1_00007=False
00:41:47.268 | STREAM: plc1_40027=0
00:41:47.269 | STREAM: plc1_00005=False
00:41:47.280 | STREAM: plc1_40029=0
00:41:47.281 | STREAM: plc1_40021=0
00:41:47.281 | STREAM: plc1_30027=0
00:41:47.766 | STREAM: plc1_00001=True
00:41:47.766 | STREAM: plc1_00002=True
00:41:47.767 | STREAM: plc1_30035=0
00:41:47.767 | STREAM: plc1_40005=50
00:41:47.767 | STREAM: plc1_00010=False
00:41:47.767 | STREAM: plc1_00003=False
00:41:47.768 | STREAM: plc1_30031=0
00:41:47.768 | STREAM: plc1_40006=0
00:41:47.768 | STREAM: plc1_00004=False
00:41:47.768 | STREAM: plc1_30033=0
00:41:47.769 | STREAM: plc1_40007=0
00:41:47.769 | STREAM: plc1_30029=0
00:41:47.769 | STREAM: plc1_30025=1,0015929
00:41:47.769 | STREAM: plc1_30023=20,488302
00:41:47.770 | STREAM: plc1_00011=False
00:41:47.770 | STREAM: plc1_00006=False
00:41:47.770 | STREAM: plc1_40033=0
00:41:47.770 | STREAM: plc1_40025=0
00:41:47.771 | STREAM: plc1_00007=False
00:41:47.771 | STREAM: plc1_40027=0
00:41:47.771 | STREAM: plc1_00005=False
00:41:47.771 | STREAM: plc1_40029=0
00:41:47.772 | STREAM: plc1_40021=0
00:41:47.772 | STREAM: plc1_30027=0
00:41:48.126 | SIM: mqtt1_gMqt/ZAS/ZAS_Actual_Power=195,00458
00:41:48.127 | SIM: mqtt1_gMqt/GPA1/PPU_Gen_active_power=1211,532
00:41:48.127 | SIM: mqtt1_gMqt/GPA1/PPU_Gen_counter_active_power=18008,656
00:41:48.127 | SIM: mqtt1_gMqt/GPA1/T404=43,856285
00:41:48.127 | SIM: mqtt1_gMqt/GPA1/Hours=90000
00:41:48.127 | SIM: mqtt1_gMqt/GPA2/PPU_Gen_active_power=1200,681
00:41:48.127 | SIM: mqtt1_gMqt/GPA2/PPU_Gen_counter_active_power=18008,578
00:41:48.127 | SIM: mqtt1_gMqt/GPA2/T404=45,55475
00:41:48.128 | SIM: mqtt1_gMqt/GPA2/Hours=90000
00:41:48.128 | SIM: mqtt1_gMqt/GPA3/PPU_Gen_active_power=1239,1772
00:41:48.128 | SIM: mqtt1_gMqt/GPA3/PPU_Gen_counter_active_power=18008,725
00:41:48.128 | SIM: mqtt1_gMqt/GPA3/T404=44,081226
00:41:48.128 | SIM: mqtt1_gMqt/GPA3/Hours=90000
00:41:48.128 | SIM: mqtt1_gMqt/GPA4/PPU_Gen_active_power=1220,2285
00:41:48.128 | SIM: mqtt1_gMqt/GPA4/PPU_Gen_counter_active_power=18008,727
00:41:48.129 | SIM: mqtt1_gMqt/GPA4/T404=43,63419
00:41:48.129 | SIM: mqtt1_gMqt/GPA4/Hours=90000
00:41:48.129 | SIM: mqtt1_gMqt/GPA5/PPU_Gen_active_power=1154,9783
00:41:48.129 | SIM: mqtt1_gMqt/GPA5/PPU_Gen_counter_active_power=18008,541
00:41:48.129 | SIM: mqtt1_gMqt/GPA5/T404=45,3452
00:41:48.129 | SIM: mqtt1_gMqt/GPA5/Hours=90000
00:41:48.129 | SIM: mqtt1_gMqt/GPA6/PPU_Gen_active_power=1205,6906
00:41:48.129 | SIM: mqtt1_gMqt/GPA6/PPU_Gen_counter_active_power=18008,783
00:41:48.130 | SIM: mqtt1_gMqt/GPA6/T404=44,51177
00:41:48.130 | SIM: mqtt1_gMqt/GPA6/Hours=90000
00:41:48.267 | STREAM: plc1_00001=True
00:41:48.268 | STREAM: plc1_00002=True
00:41:48.268 | STREAM: plc1_30035=0
00:41:48.268 | STREAM: plc1_40005=50
00:41:48.268 | STREAM: plc1_00010=False
00:41:48.269 | STREAM: plc1_00003=False
00:41:48.269 | STREAM: plc1_30031=0
00:41:48.269 | STREAM: plc1_40006=0
00:41:48.269 | STREAM: plc1_00004=False
00:41:48.270 | STREAM: plc1_30033=0
00:41:48.270 | STREAM: plc1_40007=0
00:41:48.270 | STREAM: plc1_30029=0
00:41:48.270 | STREAM: plc1_30025=1,0016216
00:41:48.271 | STREAM: plc1_30023=20,49658
00:41:48.271 | STREAM: plc1_00011=False
00:41:48.271 | STREAM: plc1_00006=False
00:41:48.272 | STREAM: plc1_40033=0
00:41:48.272 | STREAM: plc1_40025=0
00:41:48.272 | STREAM: plc1_00007=False
00:41:48.272 | STREAM: plc1_40027=0
00:41:48.273 | STREAM: plc1_00005=False
00:41:48.273 | STREAM: plc1_40029=0
00:41:48.273 | STREAM: plc1_40021=0
00:41:48.273 | STREAM: plc1_30027=0
00:41:48.775 | STREAM: plc1_00001=True
00:41:48.776 | STREAM: plc1_00002=True
00:41:48.776 | STREAM: plc1_30035=0
00:41:48.777 | STREAM: plc1_40005=50
00:41:48.778 | STREAM: plc1_00010=False
00:41:48.778 | STREAM: plc1_00003=False
00:41:48.779 | STREAM: plc1_30031=0
00:41:48.779 | STREAM: plc1_40006=0
00:41:48.779 | STREAM: plc1_00004=False
00:41:48.780 | STREAM: plc1_30033=0
00:41:48.780 | STREAM: plc1_40007=0
00:41:48.780 | STREAM: plc1_30029=0
00:41:48.781 | STREAM: plc1_30025=1,0016495
00:41:48.782 | STREAM: plc1_30023=20,504675
00:41:48.782 | STREAM: plc1_00011=False
00:41:48.782 | STREAM: plc1_00006=False
00:41:48.782 | STREAM: plc1_40033=0
00:41:48.783 | STREAM: plc1_40025=0
00:41:48.783 | STREAM: plc1_00007=False
00:41:48.783 | STREAM: plc1_40027=0
00:41:48.784 | STREAM: plc1_00005=False
00:41:48.784 | STREAM: plc1_40029=0
00:41:48.784 | STREAM: plc1_40021=0
00:41:48.784 | STREAM: plc1_30027=0
00:41:49.210 | SIM: mqtt1_gMqt/ZAS/ZAS_Actual_Power=194,8346
00:41:49.210 | SIM: mqtt1_gMqt/GPA1/PPU_Gen_active_power=1208,6401
00:41:49.210 | SIM: mqtt1_gMqt/GPA1/PPU_Gen_counter_active_power=18008,992
00:41:49.211 | SIM: mqtt1_gMqt/GPA1/T404=44,022358
00:41:49.211 | SIM: mqtt1_gMqt/GPA1/Hours=90000
00:41:49.211 | SIM: mqtt1_gMqt/GPA2/PPU_Gen_active_power=1207,9786
00:41:49.211 | SIM: mqtt1_gMqt/GPA2/PPU_Gen_counter_active_power=18008,914
00:41:49.211 | SIM: mqtt1_gMqt/GPA2/T404=45,33552
00:41:49.211 | SIM: mqtt1_gMqt/GPA2/Hours=90000
00:41:49.212 | SIM: mqtt1_gMqt/GPA3/PPU_Gen_active_power=1238,2285
00:41:49.212 | SIM: mqtt1_gMqt/GPA3/PPU_Gen_counter_active_power=18009,068
00:41:49.212 | SIM: mqtt1_gMqt/GPA3/T404=43,997704
00:41:49.212 | SIM: mqtt1_gMqt/GPA3/Hours=90000
00:41:49.212 | SIM: mqtt1_gMqt/GPA4/PPU_Gen_active_power=1219,1549
00:41:49.212 | SIM: mqtt1_gMqt/GPA4/PPU_Gen_counter_active_power=18009,064
00:41:49.213 | SIM: mqtt1_gMqt/GPA4/T404=43,804966
00:41:49.213 | SIM: mqtt1_gMqt/GPA4/Hours=90000
00:41:49.213 | SIM: mqtt1_gMqt/GPA5/PPU_Gen_active_power=1146,9517
00:41:49.213 | SIM: mqtt1_gMqt/GPA5/PPU_Gen_counter_active_power=18008,86
00:41:49.213 | SIM: mqtt1_gMqt/GPA5/T404=45,114452
00:41:49.213 | SIM: mqtt1_gMqt/GPA5/Hours=90000
00:41:49.213 | SIM: mqtt1_gMqt/GPA6/PPU_Gen_active_power=1201,3932
00:41:49.214 | SIM: mqtt1_gMqt/GPA6/PPU_Gen_counter_active_power=18009,117
00:41:49.214 | SIM: mqtt1_gMqt/GPA6/T404=44,633038
00:41:49.214 | SIM: mqtt1_gMqt/GPA6/Hours=90000
00:41:49.288 | STREAM: plc1_00001=True
00:41:49.288 | STREAM: plc1_00002=True
00:41:49.288 | STREAM: plc1_30035=0
00:41:49.289 | STREAM: plc1_40005=50
00:41:49.289 | STREAM: plc1_00010=False
00:41:49.289 | STREAM: plc1_00003=False
00:41:49.289 | STREAM: plc1_30031=0
00:41:49.290 | STREAM: plc1_40006=0
00:41:49.290 | STREAM: plc1_00004=False
00:41:49.290 | STREAM: plc1_30033=0
00:41:49.290 | STREAM: plc1_40007=0
00:41:49.291 | STREAM: plc1_30029=0
00:41:49.291 | STREAM: plc1_30025=1,001672
00:41:49.291 | STREAM: plc1_30023=20,511166
00:41:49.291 | STREAM: plc1_00011=False
00:41:49.292 | STREAM: plc1_00006=False
00:41:49.292 | STREAM: plc1_40033=0
00:41:49.292 | STREAM: plc1_40025=0
00:41:49.292 | STREAM: plc1_00007=False
00:41:49.293 | STREAM: plc1_40027=0
00:41:49.293 | STREAM: plc1_00005=False
00:41:49.293 | STREAM: plc1_40029=0
00:41:49.293 | STREAM: plc1_40021=0
00:41:49.294 | STREAM: plc1_30027=0
00:41:49.802 | STREAM: plc1_00001=True
00:41:49.802 | STREAM: plc1_00002=True
00:41:49.802 | STREAM: plc1_30035=0
00:41:49.803 | STREAM: plc1_40005=50
00:41:49.803 | STREAM: plc1_00010=False
00:41:49.803 | STREAM: plc1_00003=False
00:41:49.804 | STREAM: plc1_30031=0
00:41:49.804 | STREAM: plc1_40006=0
00:41:49.804 | STREAM: plc1_00004=False
00:41:49.805 | STREAM: plc1_30033=0
00:41:49.805 | STREAM: plc1_40007=0
00:41:49.805 | STREAM: plc1_30029=0
00:41:49.805 | STREAM: plc1_30025=1,0016999
00:41:49.806 | STREAM: plc1_30023=20,51925
00:41:49.806 | STREAM: plc1_00011=False
00:41:49.807 | STREAM: plc1_00006=False
00:41:49.807 | STREAM: plc1_40033=0
00:41:49.807 | STREAM: plc1_40025=0
00:41:49.808 | STREAM: plc1_00007=False
00:41:49.808 | STREAM: plc1_40027=0
00:41:49.808 | STREAM: plc1_00005=False
00:41:49.808 | STREAM: plc1_40029=0
00:41:49.809 | STREAM: plc1_40021=0
00:41:49.809 | STREAM: plc1_30027=0
00:41:50.302 | STREAM: plc1_00001=True
00:41:50.302 | SIM: mqtt1_gMqt/GPA1/PPU_Gen_active_power=1209,6719
00:41:50.303 | STREAM: plc1_00002=True
00:41:50.303 | SIM: mqtt1_gMqt/GPA1/T404=43,829456
00:41:50.303 | STREAM: plc1_30035=0
00:41:50.303 | SIM: mqtt1_gMqt/GPA1/Hours=90000
00:41:50.303 | SIM: mqtt1_gMqt/GPA2/PPU_Gen_active_power=1211,219
00:41:50.303 | STREAM: plc1_40005=50
00:41:50.303 | SIM: mqtt1_gMqt/GPA2/PPU_Gen_counter_active_power=18009,25
00:41:50.304 | SIM: mqtt1_gMqt/GPA2/T404=45,156345
00:41:50.304 | SIM: mqtt1_gMqt/GPA2/Hours=90000
00:41:50.304 | SIM: mqtt1_gMqt/GPA3/PPU_Gen_active_power=1229,1437
00:41:50.304 | STREAM: plc1_00003=False
00:41:50.304 | SIM: mqtt1_gMqt/GPA3/PPU_Gen_counter_active_power=18009,41
00:41:50.304 | SIM: mqtt1_gMqt/GPA3/T404=44,01614
00:41:50.304 | STREAM: plc1_30031=0
00:41:50.305 | SIM: mqtt1_gMqt/GPA3/Hours=90000
00:41:50.305 | SIM: mqtt1_gMqt/GPA4/PPU_Gen_active_power=1211,1886
00:41:50.305 | SIM: mqtt1_gMqt/GPA4/PPU_Gen_counter_active_power=18009,4
00:41:50.305 | STREAM: plc1_00004=False
00:41:50.305 | SIM: mqtt1_gMqt/GPA4/T404=43,81463
00:41:50.305 | SIM: mqtt1_gMqt/GPA4/Hours=90000
00:41:50.306 | SIM: mqtt1_gMqt/GPA5/PPU_Gen_active_power=1146,8539
00:41:50.306 | SIM: mqtt1_gMqt/GPA5/PPU_Gen_counter_active_power=18009,178
00:41:50.306 | SIM: mqtt1_gMqt/GPA5/T404=45,05591
00:41:50.306 | STREAM: plc1_40007=0
00:41:50.306 | SIM: mqtt1_gMqt/GPA5/Hours=90000
00:41:50.307 | SIM: mqtt1_gMqt/GPA6/PPU_Gen_active_power=1211,1655
00:41:50.307 | SIM: mqtt1_gMqt/GPA6/PPU_Gen_counter_active_power=18009,453
00:41:50.307 | SIM: mqtt1_gMqt/GPA6/T404=44,573494
00:41:50.307 | SIM: mqtt1_gMqt/GPA6/Hours=90000
00:41:50.307 | STREAM: plc1_30029=0
00:41:50.308 | STREAM: plc1_30025=1,0017279
00:41:50.308 | STREAM: plc1_30023=20,527348
00:41:50.308 | STREAM: plc1_00011=False
00:41:50.308 | STREAM: plc1_00006=False
00:41:50.309 | STREAM: plc1_40033=0
00:41:50.309 | STREAM: plc1_40025=0
00:41:50.310 | STREAM: plc1_00007=False
00:41:50.310 | STREAM: plc1_40027=0
00:41:50.310 | STREAM: plc1_00005=False
00:41:50.310 | STREAM: plc1_40029=0
00:41:50.311 | STREAM: plc1_40021=0
00:41:50.311 | STREAM: plc1_30027=0
00:41:50.805 | STREAM: plc1_00001=True
00:41:50.806 | STREAM: plc1_00002=True
00:41:50.806 | STREAM: plc1_30035=0
00:41:50.807 | STREAM: plc1_40005=50
00:41:50.807 | STREAM: plc1_00010=False
00:41:50.807 | STREAM: plc1_00003=False
00:41:50.808 | STREAM: plc1_30031=0
00:41:50.808 | STREAM: plc1_40006=0
00:41:50.808 | STREAM: plc1_00004=False
00:41:50.808 | STREAM: plc1_30033=0
00:41:50.809 | STREAM: plc1_40007=0
00:41:50.809 | STREAM: plc1_30029=0
00:41:50.809 | STREAM: plc1_30025=1,0017505
00:41:50.809 | STREAM: plc1_30023=20,533836
00:41:50.810 | STREAM: plc1_00011=False
00:41:50.810 | STREAM: plc1_00006=False
00:41:50.810 | STREAM: plc1_40033=0
00:41:50.810 | STREAM: plc1_40025=0
00:41:50.810 | STREAM: plc1_00007=False
00:41:50.811 | STREAM: plc1_40027=0
00:41:50.811 | STREAM: plc1_00005=False
00:41:50.811 | STREAM: plc1_40029=0
00:41:50.811 | STREAM: plc1_40021=0
00:41:50.812 | STREAM: plc1_30027=0
00:41:51.305 | STREAM: plc1_00001=True
00:41:51.306 | STREAM: plc1_00002=True
00:41:51.306 | STREAM: plc1_30035=0
00:41:51.307 | STREAM: plc1_40005=50
00:41:51.307 | STREAM: plc1_00010=False
00:41:51.307 | STREAM: plc1_00003=False
00:41:51.307 | STREAM: plc1_30031=0
00:41:51.308 | STREAM: plc1_40006=0
00:41:51.308 | STREAM: plc1_00004=False
00:41:51.308 | STREAM: plc1_30033=0
00:41:51.308 | STREAM: plc1_40007=0
00:41:51.309 | STREAM: plc1_30029=0
00:41:51.309 | STREAM: plc1_30025=1,0017781
00:41:51.309 | STREAM: plc1_30023=20,541828
00:41:51.309 | STREAM: plc1_00011=False
00:41:51.310 | STREAM: plc1_00006=False
00:41:51.310 | STREAM: plc1_40033=0
00:41:51.310 | STREAM: plc1_40025=0
00:41:51.310 | STREAM: plc1_00007=False
00:41:51.311 | STREAM: plc1_40027=0
00:41:51.311 | STREAM: plc1_00005=False
00:41:51.311 | STREAM: plc1_40029=0
00:41:51.311 | STREAM: plc1_40021=0
00:41:51.312 | STREAM: plc1_30027=0
00:41:51.399 | SIM: mqtt1_gMqt/ZAS/ZAS_Actual_Power=195,49792
00:41:51.399 | SIM: mqtt1_gMqt/GPA1/PPU_Gen_active_power=1200,6119
00:41:51.400 | SIM: mqtt1_gMqt/GPA1/PPU_Gen_counter_active_power=18009,662
00:41:51.400 | SIM: mqtt1_gMqt/GPA1/T404=43,823784
00:41:51.400 | SIM: mqtt1_gMqt/GPA1/Hours=90000
00:41:51.400 | SIM: mqtt1_gMqt/GPA2/PPU_Gen_active_power=1211,0759
00:41:51.400 | SIM: mqtt1_gMqt/GPA2/PPU_Gen_counter_active_power=18009,586
00:41:51.401 | SIM: mqtt1_gMqt/GPA2/T404=45,354355
00:41:51.401 | SIM: mqtt1_gMqt/GPA2/Hours=90000
00:41:51.401 | SIM: mqtt1_gMqt/GPA3/PPU_Gen_active_power=1235,8474
00:41:51.401 | SIM: mqtt1_gMqt/GPA3/PPU_Gen_counter_active_power=18009,754
00:41:51.401 | SIM: mqtt1_gMqt/GPA3/T404=44,08002
00:41:51.401 | SIM: mqtt1_gMqt/GPA3/Hours=90000
00:41:51.402 | SIM: mqtt1_gMqt/GPA4/PPU_Gen_active_power=1209,8042
00:41:51.402 | SIM: mqtt1_gMqt/GPA4/PPU_Gen_counter_active_power=18009,736
00:41:51.402 | SIM: mqtt1_gMqt/GPA4/T404=43,98768
00:41:51.402 | SIM: mqtt1_gMqt/GPA4/Hours=90000
00:41:51.402 | SIM: mqtt1_gMqt/GPA5/PPU_Gen_active_power=1140,5554
00:41:51.402 | SIM: mqtt1_gMqt/GPA5/PPU_Gen_counter_active_power=18009,494
00:41:51.402 | SIM: mqtt1_gMqt/GPA5/T404=45,017326
00:41:51.403 | SIM: mqtt1_gMqt/GPA5/Hours=90000
00:41:51.403 | SIM: mqtt1_gMqt/GPA6/PPU_Gen_active_power=1210,4412
00:41:51.403 | SIM: mqtt1_gMqt/GPA6/PPU_Gen_counter_active_power=18009,79
00:41:51.403 | SIM: mqtt1_gMqt/GPA6/T404=44,800964
00:41:51.403 | SIM: mqtt1_gMqt/GPA6/Hours=90000
00:41:51.805 | STREAM: plc1_00001=True
00:41:51.806 | STREAM: plc1_00002=True
00:41:51.806 | STREAM: plc1_30035=0
00:41:51.807 | STREAM: plc1_40005=50
00:41:51.807 | STREAM: plc1_00010=False
00:41:51.807 | STREAM: plc1_00003=False
00:41:51.808 | STREAM: plc1_30031=0
00:41:51.808 | STREAM: plc1_40006=0
00:41:51.808 | STREAM: plc1_00004=False
00:41:51.809 | STREAM: plc1_30033=0
00:41:51.809 | STREAM: plc1_40007=0
00:41:51.809 | STREAM: plc1_30029=0
00:41:51.810 | STREAM: plc1_30025=1,0018001
00:41:51.810 | STREAM: plc1_30023=20,54819
00:41:51.810 | STREAM: plc1_00011=False
00:41:51.811 | STREAM: plc1_00006=False
00:41:51.811 | STREAM: plc1_40033=0
00:41:51.811 | STREAM: plc1_40025=0
00:41:51.812 | STREAM: plc1_00007=False
00:41:51.812 | STREAM: plc1_40027=0
00:41:51.812 | STREAM: plc1_00005=False
00:41:51.813 | STREAM: plc1_40029=0
00:41:51.813 | STREAM: plc1_40021=0
00:41:51.813 | STREAM: plc1_30027=0
00:41:52.320 | STREAM: plc1_00001=True
00:41:52.322 | STREAM: plc1_00002=True
00:41:52.323 | STREAM: plc1_30035=0
00:41:52.323 | STREAM: plc1_40005=50
00:41:52.323 | STREAM: plc1_00010=False
00:41:52.323 | STREAM: plc1_00003=False
00:41:52.324 | STREAM: plc1_30031=0
00:41:52.324 | STREAM: plc1_40006=0
00:41:52.324 | STREAM: plc1_00004=False
00:41:52.324 | STREAM: plc1_30033=0
00:41:52.325 | STREAM: plc1_40007=0
00:41:52.325 | STREAM: plc1_30029=0
00:41:52.325 | STREAM: plc1_30025=1,0018275
00:41:52.325 | STREAM: plc1_30023=20,556105
00:41:52.326 | STREAM: plc1_00011=False
00:41:52.326 | STREAM: plc1_00006=False
00:41:52.326 | STREAM: plc1_40033=0
00:41:52.326 | STREAM: plc1_40025=0
00:41:52.327 | STREAM: plc1_00007=False
00:41:52.327 | STREAM: plc1_40027=0
00:41:52.327 | STREAM: plc1_00005=False
00:41:52.327 | STREAM: plc1_40029=0
00:41:52.327 | STREAM: plc1_40021=0
00:41:52.328 | STREAM: plc1_30027=0
00:41:52.491 | SIM: mqtt1_gMqt/ZAS/ZAS_Actual_Power=195,01062
00:41:52.492 | SIM: mqtt1_gMqt/GPA1/PPU_Gen_active_power=1194,0852
00:41:52.492 | SIM: mqtt1_gMqt/GPA1/PPU_Gen_counter_active_power=18009,994
00:41:52.492 | SIM: mqtt1_gMqt/GPA1/T404=43,74837
00:41:52.492 | SIM: mqtt1_gMqt/GPA1/Hours=90000
00:41:52.493 | SIM: mqtt1_gMqt/GPA2/PPU_Gen_active_power=1204,9286
00:41:52.493 | SIM: mqtt1_gMqt/GPA2/PPU_Gen_counter_active_power=18009,92
00:41:52.493 | SIM: mqtt1_gMqt/GPA2/T404=45,28479
00:41:52.493 | SIM: mqtt1_gMqt/GPA2/Hours=90000
00:41:52.493 | SIM: mqtt1_gMqt/GPA3/PPU_Gen_active_power=1233,4565
00:41:52.493 | SIM: mqtt1_gMqt/GPA3/PPU_Gen_counter_active_power=18010,096
00:41:52.494 | SIM: mqtt1_gMqt/GPA3/T404=43,98286
00:41:52.494 | SIM: mqtt1_gMqt/GPA3/Hours=90000
00:41:52.494 | SIM: mqtt1_gMqt/GPA4/PPU_Gen_active_power=1217,9404
00:41:52.494 | SIM: mqtt1_gMqt/GPA4/PPU_Gen_counter_active_power=18010,074
00:41:52.494 | SIM: mqtt1_gMqt/GPA4/T404=43,793762
00:41:52.494 | SIM: mqtt1_gMqt/GPA4/Hours=90000
00:41:52.495 | SIM: mqtt1_gMqt/GPA5/PPU_Gen_active_power=1146,4071
00:41:52.495 | SIM: mqtt1_gMqt/GPA5/PPU_Gen_counter_active_power=18009,812
00:41:52.495 | SIM: mqtt1_gMqt/GPA5/T404=44,918552
00:41:52.495 | SIM: mqtt1_gMqt/GPA5/Hours=90000
00:41:52.495 | SIM: mqtt1_gMqt/GPA6/PPU_Gen_active_power=1200,7478
00:41:52.495 | SIM: mqtt1_gMqt/GPA6/PPU_Gen_counter_active_power=18010,123
00:41:52.495 | SIM: mqtt1_gMqt/GPA6/T404=44,703094
00:41:52.496 | SIM: mqtt1_gMqt/GPA6/Hours=90000
00:41:52.821 | STREAM: plc1_00001=True
00:41:52.822 | STREAM: plc1_00002=True
00:41:52.822 | STREAM: plc1_30035=0
00:41:52.822 | STREAM: plc1_40005=50
00:41:52.823 | STREAM: plc1_00010=False
00:41:52.823 | STREAM: plc1_00003=False
00:41:52.823 | STREAM: plc1_30031=0
00:41:52.823 | STREAM: plc1_40006=0
00:41:52.824 | STREAM: plc1_00004=False
00:41:52.824 | STREAM: plc1_30033=0
00:41:52.824 | STREAM: plc1_40007=0
00:41:52.824 | STREAM: plc1_30029=0
00:41:52.825 | STREAM: plc1_30025=1,0018548
00:41:52.825 | STREAM: plc1_30023=20,564001
00:41:52.825 | STREAM: plc1_00011=False
00:41:52.825 | STREAM: plc1_00006=False
00:41:52.826 | STREAM: plc1_40033=0
00:41:52.826 | STREAM: plc1_40025=0
00:41:52.826 | STREAM: plc1_00007=False
00:41:52.826 | STREAM: plc1_40027=0
00:41:52.826 | STREAM: plc1_00005=False
00:41:52.827 | STREAM: plc1_40029=0
00:41:52.827 | STREAM: plc1_40021=0
00:41:52.827 | STREAM: plc1_30027=0
00:41:53.323 | STREAM: plc1_00001=True
00:41:53.323 | STREAM: plc1_00002=True
00:41:53.323 | STREAM: plc1_30035=0
00:41:53.324 | STREAM: plc1_40005=50
00:41:53.324 | STREAM: plc1_00010=False
00:41:53.324 | STREAM: plc1_00003=False
00:41:53.324 | STREAM: plc1_30031=0
00:41:53.325 | STREAM: plc1_40006=0
00:41:53.325 | STREAM: plc1_00004=False
00:41:53.325 | STREAM: plc1_30033=0
00:41:53.325 | STREAM: plc1_40007=0
00:41:53.326 | STREAM: plc1_30029=0
00:41:53.326 | STREAM: plc1_30025=1,0018765
00:41:53.326 | STREAM: plc1_30023=20,570269
00:41:53.326 | STREAM: plc1_00011=False
00:41:53.327 | STREAM: plc1_00006=False
00:41:53.327 | STREAM: plc1_40033=0
00:41:53.327 | STREAM: plc1_40025=0
00:41:53.327 | STREAM: plc1_00007=False
00:41:53.328 | STREAM: plc1_40027=0
00:41:53.328 | STREAM: plc1_00005=False
00:41:53.328 | STREAM: plc1_40029=0
00:41:53.328 | STREAM: plc1_40021=0
00:41:53.329 | STREAM: plc1_30027=0
00:41:53.589 | SIM: mqtt1_gMqt/ZAS/ZAS_Actual_Power=194,92226
00:41:53.589 | SIM: mqtt1_gMqt/GPA1/PPU_Gen_active_power=1185,3396
00:41:53.590 | SIM: mqtt1_gMqt/GPA1/PPU_Gen_counter_active_power=18010,324
00:41:53.590 | SIM: mqtt1_gMqt/GPA1/T404=43,851395
00:41:53.590 | SIM: mqtt1_gMqt/GPA1/Hours=90000
00:41:53.590 | SIM: mqtt1_gMqt/GPA2/PPU_Gen_active_power=1195,2029
00:41:53.590 | SIM: mqtt1_gMqt/GPA2/PPU_Gen_counter_active_power=18010,252
00:41:53.590 | SIM: mqtt1_gMqt/GPA2/T404=45,145767
00:41:53.591 | SIM: mqtt1_gMqt/GPA2/Hours=90000
00:41:53.591 | SIM: mqtt1_gMqt/GPA3/PPU_Gen_active_power=1234,7921
00:41:53.591 | SIM: mqtt1_gMqt/GPA3/PPU_Gen_counter_active_power=18010,44
00:41:53.591 | SIM: mqtt1_gMqt/GPA3/T404=43,953487
00:41:53.591 | SIM: mqtt1_gMqt/GPA3/Hours=90000
00:41:53.591 | SIM: mqtt1_gMqt/GPA4/PPU_Gen_active_power=1217,6366
00:41:53.592 | SIM: mqtt1_gMqt/GPA4/PPU_Gen_counter_active_power=18010,412
00:41:53.592 | SIM: mqtt1_gMqt/GPA4/T404=43,877384
00:41:53.592 | SIM: mqtt1_gMqt/GPA4/Hours=90000
00:41:53.592 | SIM: mqtt1_gMqt/GPA5/PPU_Gen_active_power=1145,0985
00:41:53.592 | SIM: mqtt1_gMqt/GPA5/PPU_Gen_counter_active_power=18010,13
00:41:53.592 | SIM: mqtt1_gMqt/GPA5/T404=45,07399
00:41:53.592 | SIM: mqtt1_gMqt/GPA5/Hours=90000
00:41:53.593 | SIM: mqtt1_gMqt/GPA5/HAS_IN_Word55_0=True
00:41:53.593 | SIM: mqtt1_gMqt/GPA6/PPU_Gen_active_power=1203,5966
00:41:53.593 | SIM: mqtt1_gMqt/GPA6/PPU_Gen_counter_active_power=18010,457
00:41:53.593 | SIM: mqtt1_gMqt/GPA6/T404=44,490765
00:41:53.593 | SIM: mqtt1_gMqt/GPA6/Hours=90000
00:41:53.837 | STREAM: plc1_00001=True
00:41:53.837 | STREAM: plc1_00002=True
00:41:53.838 | STREAM: plc1_30035=0
00:41:53.838 | STREAM: plc1_40005=50
00:41:53.838 | STREAM: plc1_00010=False
00:41:53.838 | STREAM: plc1_00003=False
00:41:53.839 | STREAM: plc1_30031=0
00:41:53.839 | STREAM: plc1_40006=0
00:41:53.839 | STREAM: plc1_00004=False
00:41:53.839 | STREAM: plc1_30033=0
00:41:53.840 | STREAM: plc1_40007=0
00:41:53.840 | STREAM: plc1_30029=0
00:41:53.840 | STREAM: plc1_30025=1,0019034
00:41:53.840 | STREAM: plc1_30023=20,578075
00:41:53.841 | STREAM: plc1_00011=False
00:41:53.841 | STREAM: plc1_00006=False
00:41:53.841 | STREAM: plc1_40033=0
00:41:53.841 | STREAM: plc1_40025=0
00:41:53.841 | STREAM: plc1_00007=False
00:41:53.842 | STREAM: plc1_40027=0
00:41:53.842 | STREAM: plc1_00005=False
00:41:53.842 | STREAM: plc1_40029=0
00:41:53.842 | STREAM: plc1_40021=0
00:41:53.843 | STREAM: plc1_30027=0
00:41:54.338 | STREAM: plc1_00001=True
00:41:54.339 | STREAM: plc1_00002=True
00:41:54.339 | STREAM: plc1_30035=0
00:41:54.339 | STREAM: plc1_40005=50
00:41:54.339 | STREAM: plc1_00010=False
00:41:54.340 | STREAM: plc1_00003=False
00:41:54.340 | STREAM: plc1_30031=0
00:41:54.340 | STREAM: plc1_40006=0
00:41:54.340 | STREAM: plc1_00004=False
00:41:54.341 | STREAM: plc1_30033=0
00:41:54.341 | STREAM: plc1_40007=0
00:41:54.341 | STREAM: plc1_30029=0
00:41:54.341 | STREAM: plc1_30025=1,001925
00:41:54.342 | STREAM: plc1_30023=20,584282
00:41:54.342 | STREAM: plc1_00011=False
00:41:54.342 | STREAM: plc1_00006=False
00:41:54.342 | STREAM: plc1_40033=0
00:41:54.343 | STREAM: plc1_40025=0
00:41:54.343 | STREAM: plc1_00007=False
00:41:54.343 | STREAM: plc1_40027=0
00:41:54.343 | STREAM: plc1_00005=False
00:41:54.344 | STREAM: plc1_40029=0
00:41:54.344 | STREAM: plc1_40021=0
00:41:54.344 | STREAM: plc1_30027=0
00:41:54.681 | SIM: mqtt1_gMqt/ZAS/ZAS_Actual_Power=196,66182
00:41:54.681 | SIM: mqtt1_gMqt/GPA1/PPU_Gen_active_power=1188,8022
00:41:54.681 | SIM: mqtt1_gMqt/GPA1/PPU_Gen_counter_active_power=18010,654
00:41:54.682 | SIM: mqtt1_gMqt/GPA1/T404=43,952045
00:41:54.682 | SIM: mqtt1_gMqt/GPA1/Hours=90000
00:41:54.682 | SIM: mqtt1_gMqt/GPA2/PPU_Gen_active_power=1187,5018
00:41:54.682 | SIM: mqtt1_gMqt/GPA2/PPU_Gen_counter_active_power=18010,582
00:41:54.682 | SIM: mqtt1_gMqt/GPA2/T404=45,34469
00:41:54.682 | SIM: mqtt1_gMqt/GPA2/Hours=90000
00:41:54.683 | SIM: mqtt1_gMqt/GPA3/PPU_Gen_active_power=1239,5188
00:41:54.683 | SIM: mqtt1_gMqt/GPA3/PPU_Gen_counter_active_power=18010,783
00:41:54.683 | SIM: mqtt1_gMqt/GPA3/T404=44,120403
00:41:54.683 | SIM: mqtt1_gMqt/GPA3/Hours=90000
00:41:54.684 | SIM: mqtt1_gMqt/GPA4/PPU_Gen_active_power=1222,9127
00:41:54.684 | SIM: mqtt1_gMqt/GPA4/PPU_Gen_counter_active_power=18010,752
00:41:54.684 | SIM: mqtt1_gMqt/GPA4/T404=43,93852
00:41:54.684 | SIM: mqtt1_gMqt/GPA4/Hours=90000
00:41:54.684 | SIM: mqtt1_gMqt/GPA5/PPU_Gen_active_power=1138,0409
00:41:54.684 | SIM: mqtt1_gMqt/GPA5/PPU_Gen_counter_active_power=18010,447
00:41:54.685 | SIM: mqtt1_gMqt/GPA5/T404=44,864746
00:41:54.685 | SIM: mqtt1_gMqt/GPA5/Hours=90000
00:41:54.685 | SIM: mqtt1_gMqt/GPA6/PPU_Gen_active_power=1208,4338
00:41:54.685 | SIM: mqtt1_gMqt/GPA6/PPU_Gen_counter_active_power=18010,793
00:41:54.685 | SIM: mqtt1_gMqt/GPA6/T404=44,55924
00:41:54.685 | SIM: mqtt1_gMqt/GPA6/Hours=90000
00:41:54.851 | STREAM: plc1_00001=True
00:41:54.852 | STREAM: plc1_00002=True
00:41:54.852 | STREAM: plc1_30035=0
00:41:54.852 | STREAM: plc1_40005=50
00:41:54.853 | STREAM: plc1_00010=False
00:41:54.853 | STREAM: plc1_00003=False
00:41:54.853 | STREAM: plc1_30031=0
00:41:54.853 | STREAM: plc1_40006=0
00:41:54.854 | STREAM: plc1_00004=False
00:41:54.854 | STREAM: plc1_30033=0
00:41:54.854 | STREAM: plc1_40007=0
00:41:54.855 | STREAM: plc1_30029=0
00:41:54.855 | STREAM: plc1_30025=1,0019516
00:41:54.855 | STREAM: plc1_30023=20,591995
00:41:54.856 | STREAM: plc1_00011=False
00:41:54.856 | STREAM: plc1_00006=False
00:41:54.856 | STREAM: plc1_40033=0
00:41:54.856 | STREAM: plc1_40025=0
00:41:54.857 | STREAM: plc1_00007=False
00:41:54.857 | STREAM: plc1_40027=0
00:41:54.857 | STREAM: plc1_00005=False
00:41:54.857 | STREAM: plc1_40029=0
00:41:54.858 | STREAM: plc1_40021=0
00:41:54.858 | STREAM: plc1_30027=0
00:41:55.352 | STREAM: plc1_00001=True
00:41:55.353 | STREAM: plc1_00002=True
00:41:55.353 | STREAM: plc1_30035=0
00:41:55.354 | STREAM: plc1_40005=50
00:41:55.354 | STREAM: plc1_00010=False
00:41:55.354 | STREAM: plc1_00003=False
00:41:55.354 | STREAM: plc1_30031=0
00:41:55.355 | STREAM: plc1_40006=0
00:41:55.355 | STREAM: plc1_00004=False
00:41:55.355 | STREAM: plc1_30033=0
00:41:55.355 | STREAM: plc1_40007=0
00:41:55.356 | STREAM: plc1_30029=0
00:41:55.356 | STREAM: plc1_30025=1,0019783
00:41:55.356 | STREAM: plc1_30023=20,59969
00:41:55.357 | STREAM: plc1_00011=False
00:41:55.357 | STREAM: plc1_00006=False
00:41:55.357 | STREAM: plc1_40033=0
00:41:55.357 | STREAM: plc1_40025=0
00:41:55.358 | STREAM: plc1_00007=False
00:41:55.358 | STREAM: plc1_40027=0
00:41:55.358 | STREAM: plc1_00005=False
00:41:55.358 | STREAM: plc1_40029=0
00:41:55.359 | STREAM: plc1_40021=0
00:41:55.359 | STREAM: plc1_30027=0
00:41:55.776 | SIM: mqtt1_gMqt/ZAS/ZAS_Actual_Power=196,47263
00:41:55.777 | SIM: mqtt1_gMqt/GPA1/PPU_Gen_active_power=1184,5194
00:41:55.777 | SIM: mqtt1_gMqt/GPA1/PPU_Gen_counter_active_power=18010,982
00:41:55.777 | SIM: mqtt1_gMqt/GPA1/T404=44,202003
00:41:55.777 | SIM: mqtt1_gMqt/GPA1/Hours=90000
00:41:55.777 | SIM: mqtt1_gMqt/GPA2/PPU_Gen_active_power=1177,5056
00:41:55.778 | SIM: mqtt1_gMqt/GPA2/PPU_Gen_counter_active_power=18010,908
00:41:55.778 | SIM: mqtt1_gMqt/GPA2/T404=45,57371
00:41:55.778 | SIM: mqtt1_gMqt/GPA2/Hours=90000
00:41:55.778 | SIM: mqtt1_gMqt/GPA3/PPU_Gen_active_power=1231,7133
00:41:55.778 | SIM: mqtt1_gMqt/GPA3/PPU_Gen_counter_active_power=18011,125
00:41:55.778 | SIM: mqtt1_gMqt/GPA3/T404=44,115097
00:41:55.779 | SIM: mqtt1_gMqt/GPA3/Hours=90000
00:41:55.779 | SIM: mqtt1_gMqt/GPA4/PPU_Gen_active_power=1230,6195
00:41:55.779 | SIM: mqtt1_gMqt/GPA4/PPU_Gen_counter_active_power=18011,094
00:41:55.779 | SIM: mqtt1_gMqt/GPA4/T404=44,03509
00:41:55.779 | SIM: mqtt1_gMqt/GPA4/Hours=90000
00:41:55.779 | SIM: mqtt1_gMqt/GPA5/PPU_Gen_active_power=1136,4885
00:41:55.780 | SIM: mqtt1_gMqt/GPA5/PPU_Gen_counter_active_power=18010,764
00:41:55.780 | SIM: mqtt1_gMqt/GPA5/T404=44,71445
00:41:55.780 | SIM: mqtt1_gMqt/GPA5/Hours=90000
00:41:55.780 | SIM: mqtt1_gMqt/GPA6/PPU_Gen_active_power=1208,8125
00:41:55.780 | SIM: mqtt1_gMqt/GPA6/PPU_Gen_counter_active_power=18011,129
00:41:55.780 | SIM: mqtt1_gMqt/GPA6/T404=44,69522
00:41:55.781 | SIM: mqtt1_gMqt/GPA6/Hours=90000
00:41:55.856 | STREAM: plc1_00001=True
00:41:55.856 | STREAM: plc1_00002=True
00:41:55.856 | STREAM: plc1_30035=0
00:41:55.856 | STREAM: plc1_40005=50
00:41:55.857 | STREAM: plc1_00010=False
00:41:55.857 | STREAM: plc1_00003=False
00:41:55.857 | STREAM: plc1_30031=0
00:41:55.858 | STREAM: plc1_40006=0
00:41:55.858 | STREAM: plc1_00004=False
00:41:55.858 | STREAM: plc1_30033=0
00:41:55.858 | STREAM: plc1_40007=0
00:41:55.859 | STREAM: plc1_30029=0
00:41:55.859 | STREAM: plc1_30025=1,0019995
00:41:55.859 | STREAM: plc1_30023=20,605839
00:41:55.860 | STREAM: plc1_00011=False
00:41:55.860 | STREAM: plc1_00006=False
00:41:55.860 | STREAM: plc1_40033=0
00:41:55.860 | STREAM: plc1_40025=0
00:41:55.861 | STREAM: plc1_00007=False
00:41:55.861 | STREAM: plc1_40027=0
00:41:55.861 | STREAM: plc1_00005=False
00:41:55.862 | STREAM: plc1_40029=0
00:41:55.862 | STREAM: plc1_40021=0
00:41:55.862 | STREAM: plc1_30027=0
00:41:56.356 | STREAM: plc1_00001=True
00:41:56.356 | STREAM: plc1_00002=True
00:41:56.357 | STREAM: plc1_30035=0
00:41:56.357 | STREAM: plc1_40005=50
00:41:56.357 | STREAM: plc1_00010=False
00:41:56.358 | STREAM: plc1_00003=False
00:41:56.358 | STREAM: plc1_30031=0
00:41:56.358 | STREAM: plc1_40006=0
00:41:56.358 | STREAM: plc1_00004=False
00:41:56.359 | STREAM: plc1_30033=0
00:41:56.359 | STREAM: plc1_40007=0
00:41:56.359 | STREAM: plc1_30029=0
00:41:56.360 | STREAM: plc1_30025=1,0020258
00:41:56.360 | STREAM: plc1_30023=20,613462
00:41:56.360 | STREAM: plc1_00011=False
00:41:56.360 | STREAM: plc1_00006=False
00:41:56.361 | STREAM: plc1_40033=0
00:41:56.361 | STREAM: plc1_40025=0
00:41:56.361 | STREAM: plc1_00007=False
00:41:56.361 | STREAM: plc1_40027=0
00:41:56.362 | STREAM: plc1_00005=False
00:41:56.362 | STREAM: plc1_40029=0
00:41:56.362 | STREAM: plc1_40021=0
00:41:56.362 | STREAM: plc1_30027=0
00:41:56.870 | SIM: mqtt1_gMqt/ZAS/ZAS_Actual_Power=198,4295
00:41:56.870 | STREAM: plc1_00001=True
00:41:56.871 | SIM: mqtt1_gMqt/GPA1/PPU_Gen_active_power=1186,5481
00:41:56.871 | SIM: mqtt1_gMqt/GPA1/PPU_Gen_counter_active_power=18011,312
00:41:56.871 | SIM: mqtt1_gMqt/GPA1/T404=44,17054
00:41:56.871 | SIM: mqtt1_gMqt/GPA1/Hours=90000
00:41:56.872 | SIM: mqtt1_gMqt/GPA2/PPU_Gen_active_power=1178,5757
00:41:56.872 | SIM: mqtt1_gMqt/GPA2/PPU_Gen_counter_active_power=18011,236
00:41:56.872 | SIM: mqtt1_gMqt/GPA2/T404=45,503136
00:41:56.872 | SIM: mqtt1_gMqt/GPA2/Hours=90000
00:41:56.872 | SIM: mqtt1_gMqt/GPA3/PPU_Gen_active_power=1226,5249
00:41:56.872 | STREAM: plc1_00003=False
00:41:56.872 | SIM: mqtt1_gMqt/GPA3/PPU_Gen_counter_active_power=18011,465
00:41:56.873 | STREAM: plc1_30031=0
00:41:56.873 | SIM: mqtt1_gMqt/GPA3/T404=44,29021
00:41:56.873 | SIM: mqtt1_gMqt/GPA3/Hours=90000
00:41:56.873 | STREAM: plc1_40006=0
00:41:56.873 | SIM: mqtt1_gMqt/GPA4/PPU_Gen_active_power=1230,561
00:41:56.873 | SIM: mqtt1_gMqt/GPA4/PPU_Gen_counter_active_power=18011,436
00:41:56.874 | STREAM: plc1_00004=False
00:41:56.874 | SIM: mqtt1_gMqt/GPA4/Hours=90000
00:41:56.874 | SIM: mqtt1_gMqt/GPA5/PPU_Gen_active_power=1138,9263
00:41:56.874 | STREAM: plc1_30033=0
00:41:56.874 | SIM: mqtt1_gMqt/GPA5/PPU_Gen_counter_active_power=18011,08
00:41:56.874 | SIM: mqtt1_gMqt/GPA5/T404=44,545044
00:41:56.874 | SIM: mqtt1_gMqt/GPA5/Hours=90000
00:41:56.875 | STREAM: plc1_40007=0
00:41:56.875 | SIM: mqtt1_gMqt/GPA6/PPU_Gen_counter_active_power=18011,465
00:41:56.875 | SIM: mqtt1_gMqt/GPA6/T404=44,641365
00:41:56.875 | SIM: mqtt1_gMqt/GPA6/Hours=90000
00:41:56.875 | STREAM: plc1_30025=1,0020521
00:41:56.876 | STREAM: plc1_30023=20,621014
00:41:56.876 | STREAM: plc1_00011=False
00:41:56.876 | STREAM: plc1_00006=False
00:41:56.877 | STREAM: plc1_40033=0
00:41:56.877 | STREAM: plc1_40025=0
00:41:56.877 | STREAM: plc1_00007=False
00:41:56.877 | STREAM: plc1_40027=0
00:41:56.878 | STREAM: plc1_00005=False
00:41:56.878 | STREAM: plc1_40029=0
00:41:56.878 | STREAM: plc1_40021=0
00:41:56.878 | STREAM: plc1_30027=0
00:41:57.383 | STREAM: plc1_00001=True
00:41:57.384 | STREAM: plc1_00002=True
00:41:57.384 | STREAM: plc1_30035=0
00:41:57.384 | STREAM: plc1_40005=50
00:41:57.385 | STREAM: plc1_00010=False
00:41:57.385 | STREAM: plc1_00003=False
00:41:57.385 | STREAM: plc1_30031=0
00:41:57.386 | STREAM: plc1_40006=0
00:41:57.386 | STREAM: plc1_00004=False
00:41:57.386 | STREAM: plc1_30033=0
00:41:57.387 | STREAM: plc1_40007=0
00:41:57.387 | STREAM: plc1_30029=0
00:41:57.387 | STREAM: plc1_30025=1,0020727
00:41:57.387 | STREAM: plc1_30023=20,627007
00:41:57.388 | STREAM: plc1_00011=False
00:41:57.388 | STREAM: plc1_00006=False
00:41:57.388 | STREAM: plc1_40033=0
00:41:57.388 | STREAM: plc1_40025=0
00:41:57.389 | STREAM: plc1_00007=False
00:41:57.389 | STREAM: plc1_40027=0
00:41:57.389 | STREAM: plc1_00005=False
00:41:57.390 | STREAM: plc1_40029=0
00:41:57.390 | STREAM: plc1_40021=0
00:41:57.390 | STREAM: plc1_30027=0
00:41:57.884 | STREAM: plc1_00001=True
00:41:57.884 | STREAM: plc1_00002=True
00:41:57.884 | STREAM: plc1_30035=0
00:41:57.885 | STREAM: plc1_40005=50
00:41:57.885 | STREAM: plc1_00010=False
00:41:57.885 | STREAM: plc1_00003=False
00:41:57.886 | STREAM: plc1_30031=0
00:41:57.886 | STREAM: plc1_40006=0
00:41:57.886 | STREAM: plc1_00004=False
00:41:57.886 | STREAM: plc1_30033=0
00:41:57.886 | STREAM: plc1_40007=0
00:41:57.887 | STREAM: plc1_30029=0
00:41:57.887 | STREAM: plc1_30025=1,0020986
00:41:57.887 | STREAM: plc1_30023=20,634487
00:41:57.887 | STREAM: plc1_00011=False
00:41:57.888 | STREAM: plc1_00006=False
00:41:57.888 | STREAM: plc1_40033=0
00:41:57.888 | STREAM: plc1_40025=0
00:41:57.888 | STREAM: plc1_00007=False
00:41:57.889 | STREAM: plc1_40027=0
00:41:57.889 | STREAM: plc1_00005=False
00:41:57.889 | STREAM: plc1_40029=0
00:41:57.889 | STREAM: plc1_40021=0
00:41:57.890 | STREAM: plc1_30027=0
00:41:57.962 | SIM: mqtt1_gMqt/ZAS/ZAS_Actual_Power=199,13289
00:41:57.962 | SIM: mqtt1_gMqt/GPA1/PPU_Gen_active_power=1182,6693
00:41:57.963 | SIM: mqtt1_gMqt/GPA1/PPU_Gen_counter_active_power=18011,64
00:41:57.963 | SIM: mqtt1_gMqt/GPA1/T404=44,043633
00:41:57.963 | SIM: mqtt1_gMqt/GPA1/Hours=90000
00:41:57.963 | SIM: mqtt1_gMqt/GPA2/PPU_Gen_active_power=1186,979
00:41:57.963 | SIM: mqtt1_gMqt/GPA2/PPU_Gen_counter_active_power=18011,566
00:41:57.964 | SIM: mqtt1_gMqt/GPA2/T404=45,73177
00:41:57.964 | SIM: mqtt1_gMqt/GPA2/Hours=90000
00:41:57.964 | SIM: mqtt1_gMqt/GPA3/PPU_Gen_active_power=1233,0886
00:41:57.964 | SIM: mqtt1_gMqt/GPA3/PPU_Gen_counter_active_power=18011,807
00:41:57.964 | SIM: mqtt1_gMqt/GPA3/T404=44,05878
00:41:57.964 | SIM: mqtt1_gMqt/GPA3/Hours=90000
00:41:57.964 | SIM: mqtt1_gMqt/GPA4/PPU_Gen_active_power=1236,3367
00:41:57.965 | SIM: mqtt1_gMqt/GPA4/PPU_Gen_counter_active_power=18011,78
00:41:57.965 | SIM: mqtt1_gMqt/GPA4/T404=44,351456
00:41:57.965 | SIM: mqtt1_gMqt/GPA4/Hours=90000
00:41:57.965 | SIM: mqtt1_gMqt/GPA5/PPU_Gen_active_power=1141,8793
00:41:57.965 | SIM: mqtt1_gMqt/GPA5/PPU_Gen_counter_active_power=18011,396
00:41:57.965 | SIM: mqtt1_gMqt/GPA5/T404=44,77604
00:41:57.965 | SIM: mqtt1_gMqt/GPA5/Hours=90000
00:41:57.966 | SIM: mqtt1_gMqt/GPA6/PPU_Gen_active_power=1205,2859
00:41:57.966 | SIM: mqtt1_gMqt/GPA6/PPU_Gen_counter_active_power=18011,799
00:41:57.966 | SIM: mqtt1_gMqt/GPA6/T404=44,78255
00:41:57.966 | SIM: mqtt1_gMqt/GPA6/Hours=90000
00:41:58.387 | STREAM: plc1_00001=True
00:41:58.387 | STREAM: plc1_00002=True
00:41:58.388 | STREAM: plc1_30035=0
00:41:58.388 | STREAM: plc1_40005=50
00:41:58.388 | STREAM: plc1_00010=False
00:41:58.389 | STREAM: plc1_00003=False
00:41:58.389 | STREAM: plc1_30031=0
00:41:58.389 | STREAM: plc1_40006=0
00:41:58.390 | STREAM: plc1_00004=False
00:41:58.390 | STREAM: plc1_30033=0
00:41:58.390 | STREAM: plc1_40007=0
00:41:58.390 | STREAM: plc1_30029=0
00:41:58.391 | STREAM: plc1_30025=1,0021194
00:41:58.391 | STREAM: plc1_30023=20,6405
00:41:58.391 | STREAM: plc1_00011=False
00:41:58.392 | STREAM: plc1_00006=False
00:41:58.392 | STREAM: plc1_40033=0
00:41:58.392 | STREAM: plc1_40025=0
00:41:58.392 | STREAM: plc1_00007=False
00:41:58.393 | STREAM: plc1_40027=0
00:41:58.393 | STREAM: plc1_00005=False
00:41:58.393 | STREAM: plc1_40029=0
00:41:58.394 | STREAM: plc1_40021=0
00:41:58.394 | STREAM: plc1_30027=0
00:41:58.890 | STREAM: plc1_00001=True
00:41:58.890 | STREAM: plc1_00002=True
00:41:58.890 | STREAM: plc1_30035=0
00:41:58.891 | STREAM: plc1_40005=50
00:41:58.891 | STREAM: plc1_00010=False
00:41:58.891 | STREAM: plc1_00003=False
00:41:58.891 | STREAM: plc1_30031=0
00:41:58.892 | STREAM: plc1_40006=0
00:41:58.892 | STREAM: plc1_00004=False
00:41:58.892 | STREAM: plc1_30033=0
00:41:58.892 | STREAM: plc1_40007=0
00:41:58.893 | STREAM: plc1_30029=0
00:41:58.893 | STREAM: plc1_30025=1,0021453
00:41:58.893 | STREAM: plc1_30023=20,64796
00:41:58.893 | STREAM: plc1_00011=False
00:41:58.894 | STREAM: plc1_00006=False
00:41:58.894 | STREAM: plc1_40033=0
00:41:58.894 | STREAM: plc1_40025=0
00:41:58.894 | STREAM: plc1_00007=False
00:41:58.895 | STREAM: plc1_40027=0
00:41:58.895 | STREAM: plc1_00005=False
00:41:58.895 | STREAM: plc1_40029=0
00:41:58.895 | STREAM: plc1_40021=0
00:41:58.896 | STREAM: plc1_30027=0
00:41:59.062 | SIM: mqtt1_gMqt/ZAS/ZAS_Actual_Power=198,55289
00:41:59.063 | SIM: mqtt1_gMqt/GPA1/PPU_Gen_active_power=1186,9879
00:41:59.063 | SIM: mqtt1_gMqt/GPA1/PPU_Gen_counter_active_power=18011,97
00:41:59.063 | SIM: mqtt1_gMqt/GPA1/T404=44,284542
00:41:59.063 | SIM: mqtt1_gMqt/GPA1/Hours=90000
00:41:59.063 | SIM: mqtt1_gMqt/GPA2/PPU_Gen_active_power=1195,8417
00:41:59.063 | SIM: mqtt1_gMqt/GPA2/PPU_Gen_counter_active_power=18011,898
00:41:59.064 | SIM: mqtt1_gMqt/GPA2/T404=45,83241
00:41:59.064 | SIM: mqtt1_gMqt/GPA2/Hours=90000
00:41:59.064 | SIM: mqtt1_gMqt/GPA3/PPU_Gen_active_power=1239,7955
00:41:59.064 | SIM: mqtt1_gMqt/GPA3/PPU_Gen_counter_active_power=18012,15
00:41:59.064 | SIM: mqtt1_gMqt/GPA3/T404=44,262302
00:41:59.064 | SIM: mqtt1_gMqt/GPA3/Hours=90000
00:41:59.065 | SIM: mqtt1_gMqt/GPA4/PPU_Gen_active_power=1243,3849
00:41:59.065 | SIM: mqtt1_gMqt/GPA4/PPU_Gen_counter_active_power=18012,125
00:41:59.065 | SIM: mqtt1_gMqt/GPA4/T404=44,44934
00:41:59.065 | SIM: mqtt1_gMqt/GPA4/Hours=90000
00:41:59.065 | SIM: mqtt1_gMqt/GPA5/PPU_Gen_active_power=1139,4152
00:41:59.065 | SIM: mqtt1_gMqt/GPA5/PPU_Gen_counter_active_power=18011,713
00:41:59.065 | SIM: mqtt1_gMqt/GPA5/T404=44,884872
00:41:59.066 | SIM: mqtt1_gMqt/GPA5/Hours=90000
00:41:59.066 | SIM: mqtt1_gMqt/GPA5/HAS_IN_Word55_0=True
00:41:59.066 | SIM: mqtt1_gMqt/GPA6/PPU_Gen_active_power=1213,5918
00:41:59.066 | SIM: mqtt1_gMqt/GPA6/PPU_Gen_counter_active_power=18012,137
00:41:59.066 | SIM: mqtt1_gMqt/GPA6/T404=45,004982
00:41:59.066 | SIM: mqtt1_gMqt/GPA6/Hours=90000
00:41:59.394 | STREAM: plc1_00001=True
00:41:59.394 | STREAM: plc1_00002=True
00:41:59.395 | STREAM: plc1_30035=0
00:41:59.395 | STREAM: plc1_40005=50
00:41:59.395 | STREAM: plc1_00010=False
00:41:59.395 | STREAM: plc1_00003=False
00:41:59.396 | STREAM: plc1_30031=0
00:41:59.396 | STREAM: plc1_40006=0
00:41:59.396 | STREAM: plc1_00004=False
00:41:59.396 | STREAM: plc1_30033=0
00:41:59.396 | STREAM: plc1_40007=0
00:41:59.397 | STREAM: plc1_30029=0
00:41:59.397 | STREAM: plc1_30025=1,0021466
00:41:59.397 | STREAM: plc1_30023=20,655396
00:41:59.397 | STREAM: plc1_00011=False
00:41:59.398 | STREAM: plc1_00006=False
00:41:59.398 | STREAM: plc1_40033=0
00:41:59.398 | STREAM: plc1_40025=0
00:41:59.398 | STREAM: plc1_00007=False
00:41:59.399 | STREAM: plc1_40027=0
00:41:59.399 | STREAM: plc1_00005=True
00:41:59.399 | STREAM: plc1_40029=0
00:41:59.399 | STREAM: plc1_40021=0
00:41:59.400 | STREAM: plc1_30027=0
00:41:59.897 | STREAM: plc1_00001=True
00:41:59.897 | STREAM: plc1_00002=True
00:41:59.898 | STREAM: plc1_30035=0
00:41:59.898 | STREAM: plc1_40005=50
00:41:59.898 | STREAM: plc1_00010=False
00:41:59.898 | STREAM: plc1_00003=False
00:41:59.899 | STREAM: plc1_30031=0
00:41:59.899 | STREAM: plc1_40006=0
00:41:59.899 | STREAM: plc1_00004=False
00:41:59.899 | STREAM: plc1_30033=0
00:41:59.900 | STREAM: plc1_40007=0
00:41:59.900 | STREAM: plc1_30029=0
00:41:59.900 | STREAM: plc1_30025=1,0019056
00:41:59.901 | STREAM: plc1_30023=20,661303
00:41:59.902 | STREAM: plc1_00011=False
00:41:59.902 | STREAM: plc1_00006=False
00:41:59.902 | STREAM: plc1_40033=0
00:41:59.902 | STREAM: plc1_40025=0
00:41:59.903 | STREAM: plc1_00007=False
00:41:59.903 | STREAM: plc1_40027=0
00:41:59.903 | STREAM: plc1_00005=True
00:41:59.903 | STREAM: plc1_40029=0
00:41:59.904 | STREAM: plc1_40021=0
00:41:59.904 | STREAM: plc1_30027=0
00:42:00.159 | SIM: mqtt1_gMqt/ZAS/ZAS_Actual_Power=200,24559
00:42:00.159 | SIM: mqtt1_gMqt/GPA1/PPU_Gen_active_power=1184,9846
00:42:00.160 | SIM: mqtt1_gMqt/GPA1/PPU_Gen_counter_active_power=18012,3
00:42:00.160 | SIM: mqtt1_gMqt/GPA1/T404=44,19239
00:42:00.160 | SIM: mqtt1_gMqt/GPA1/Hours=90000
00:42:00.160 | SIM: mqtt1_gMqt/GPA2/PPU_Gen_active_power=1186,1223
00:42:00.160 | SIM: mqtt1_gMqt/GPA2/PPU_Gen_counter_active_power=18012,229
00:42:00.160 | SIM: mqtt1_gMqt/GPA2/T404=45,744366
00:42:00.160 | SIM: mqtt1_gMqt/GPA2/Hours=90000
00:42:00.161 | SIM: mqtt1_gMqt/GPA3/PPU_Gen_active_power=1239,6349
00:42:00.161 | SIM: mqtt1_gMqt/GPA3/PPU_Gen_counter_active_power=18012,494
00:42:00.161 | SIM: mqtt1_gMqt/GPA3/T404=44,117085
00:42:00.161 | SIM: mqtt1_gMqt/GPA3/Hours=90000
00:42:00.161 | SIM: mqtt1_gMqt/GPA4/PPU_Gen_active_power=1233,453
00:42:00.162 | SIM: mqtt1_gMqt/GPA4/PPU_Gen_counter_active_power=18012,467
00:42:00.162 | SIM: mqtt1_gMqt/GPA4/T404=44,347485
00:42:00.162 | SIM: mqtt1_gMqt/GPA4/Hours=90000
00:42:00.162 | SIM: mqtt1_gMqt/GPA5/PPU_Gen_active_power=1135,2924
00:42:00.162 | SIM: mqtt1_gMqt/GPA5/PPU_Gen_counter_active_power=18012,027
00:42:00.162 | SIM: mqtt1_gMqt/GPA5/T404=45,08639
00:42:00.162 | SIM: mqtt1_gMqt/GPA5/Hours=90000
00:42:00.163 | SIM: mqtt1_gMqt/GPA6/PPU_Gen_active_power=1208,2845
00:42:00.163 | SIM: mqtt1_gMqt/GPA6/PPU_Gen_counter_active_power=18012,473
00:42:00.163 | SIM: mqtt1_gMqt/GPA6/T404=45,01358
00:42:00.163 | SIM: mqtt1_gMqt/GPA6/Hours=90000
00:42:00.402 | STREAM: plc1_00001=True
00:42:00.402 | STREAM: plc1_00002=True
00:42:00.403 | STREAM: plc1_30035=0
00:42:00.403 | STREAM: plc1_40005=50
00:42:00.403 | STREAM: plc1_00010=False
00:42:00.404 | STREAM: plc1_00003=False
00:42:00.404 | STREAM: plc1_30031=0
00:42:00.404 | STREAM: plc1_40006=0
00:42:00.404 | STREAM: plc1_00004=False
00:42:00.405 | STREAM: plc1_30033=0
00:42:00.405 | STREAM: plc1_40007=0
00:42:00.406 | STREAM: plc1_30029=0
00:42:00.406 | STREAM: plc1_30025=1,0014137
00:42:00.406 | STREAM: plc1_30023=20,668484
00:42:00.406 | STREAM: plc1_00011=False
00:42:00.407 | STREAM: plc1_00006=False
00:42:00.407 | STREAM: plc1_40033=0
00:42:00.407 | STREAM: plc1_40025=0
00:42:00.407 | STREAM: plc1_00007=False
00:42:00.408 | STREAM: plc1_40027=0
00:42:00.408 | STREAM: plc1_00005=True
00:42:00.408 | STREAM: plc1_40029=0
00:42:00.409 | STREAM: plc1_40021=0
00:42:00.409 | STREAM: plc1_30027=0
00:42:00.910 | STREAM: plc1_00001=True
00:42:00.911 | STREAM: plc1_00002=True
00:42:00.911 | STREAM: plc1_30035=0
00:42:00.911 | STREAM: plc1_40005=50
00:42:00.912 | STREAM: plc1_00010=False
00:42:00.912 | STREAM: plc1_00003=False
00:42:00.912 | STREAM: plc1_30031=0
00:42:00.912 | STREAM: plc1_40006=0
00:42:00.913 | STREAM: plc1_00004=False
00:42:00.913 | STREAM: plc1_30033=0
00:42:00.913 | STREAM: plc1_40007=0
00:42:00.913 | STREAM: plc1_30029=0
00:42:00.914 | STREAM: plc1_30025=1,000916
00:42:00.914 | STREAM: plc1_30023=20,675642
00:42:00.914 | STREAM: plc1_00011=False
00:42:00.914 | STREAM: plc1_00006=False
00:42:00.915 | STREAM: plc1_40033=0
00:42:00.915 | STREAM: plc1_40025=0
00:42:00.915 | STREAM: plc1_00007=False
00:42:00.915 | STREAM: plc1_40027=0
00:42:00.916 | STREAM: plc1_00005=True
00:42:00.916 | STREAM: plc1_40029=0
00:42:00.916 | STREAM: plc1_40021=0
00:42:00.917 | STREAM: plc1_30027=0
00:42:01.237 | SIM: mqtt1_gMqt/ZAS/ZAS_Actual_Power=199,88007
00:42:01.237 | SIM: mqtt1_gMqt/GPA1/PPU_Gen_active_power=1184,8337
00:42:01.237 | SIM: mqtt1_gMqt/GPA1/PPU_Gen_counter_active_power=18012,63
00:42:01.238 | SIM: mqtt1_gMqt/GPA1/T404=44,070286
00:42:01.238 | SIM: mqtt1_gMqt/GPA1/Hours=90000
00:42:01.238 | SIM: mqtt1_gMqt/GPA2/PPU_Gen_active_power=1178,6168
00:42:01.238 | SIM: mqtt1_gMqt/GPA2/PPU_Gen_counter_active_power=18012,557
00:42:01.238 | SIM: mqtt1_gMqt/GPA2/T404=45,937008
00:42:01.239 | SIM: mqtt1_gMqt/GPA2/Hours=90000
00:42:01.239 | SIM: mqtt1_gMqt/GPA3/PPU_Gen_active_power=1232,1976
00:42:01.239 | SIM: mqtt1_gMqt/GPA3/PPU_Gen_counter_active_power=18012,836
00:42:01.239 | SIM: mqtt1_gMqt/GPA3/T404=44,038345
00:42:01.239 | SIM: mqtt1_gMqt/GPA3/Hours=90000
00:42:01.239 | SIM: mqtt1_gMqt/GPA4/PPU_Gen_active_power=1223,9155
00:42:01.240 | SIM: mqtt1_gMqt/GPA4/PPU_Gen_counter_active_power=18012,807
00:42:01.240 | SIM: mqtt1_gMqt/GPA4/T404=44,564636
00:42:01.240 | SIM: mqtt1_gMqt/GPA4/Hours=90000
00:42:01.240 | SIM: mqtt1_gMqt/GPA5/PPU_Gen_active_power=1136,6263
00:42:01.240 | SIM: mqtt1_gMqt/GPA5/PPU_Gen_counter_active_power=18012,344
00:42:01.240 | SIM: mqtt1_gMqt/GPA5/T404=44,95746
00:42:01.240 | SIM: mqtt1_gMqt/GPA5/Hours=90000
00:42:01.241 | SIM: mqtt1_gMqt/GPA5/HAS_IN_Word55_0=True
00:42:01.241 | SIM: mqtt1_gMqt/GPA6/PPU_Gen_active_power=1211,6136
00:42:01.241 | SIM: mqtt1_gMqt/GPA6/PPU_Gen_counter_active_power=18012,809
00:42:01.241 | SIM: mqtt1_gMqt/GPA6/T404=45,08805
00:42:01.241 | SIM: mqtt1_gMqt/GPA6/Hours=90000
00:42:01.424 | STREAM: plc1_00001=True
00:42:01.424 | STREAM: plc1_00002=True
00:42:01.425 | STREAM: plc1_30035=0
00:42:01.425 | STREAM: plc1_40005=50
00:42:01.425 | STREAM: plc1_00010=False
00:42:01.425 | STREAM: plc1_00003=False
00:42:01.426 | STREAM: plc1_30031=0
00:42:01.426 | STREAM: plc1_40006=0
00:42:01.426 | STREAM: plc1_00004=False
00:42:01.427 | STREAM: plc1_30033=0
00:42:01.427 | STREAM: plc1_40007=0
00:42:01.427 | STREAM: plc1_30029=0
00:42:01.427 | STREAM: plc1_30025=1,0005956
00:42:01.428 | STREAM: plc1_30023=20,681421
00:42:01.428 | STREAM: plc1_00011=False
00:42:01.428 | STREAM: plc1_00006=False
00:42:01.428 | STREAM: plc1_40033=0
00:42:01.429 | STREAM: plc1_40025=0
00:42:01.429 | STREAM: plc1_00007=False
00:42:01.429 | STREAM: plc1_40027=0
00:42:01.430 | STREAM: plc1_00005=True
00:42:01.430 | STREAM: plc1_40029=0
00:42:01.430 | STREAM: plc1_40021=0
00:42:01.430 | STREAM: plc1_30027=0
00:42:01.926 | STREAM: plc1_00001=True
00:42:01.927 | STREAM: plc1_00002=True
00:42:01.927 | STREAM: plc1_30035=0
00:42:01.927 | STREAM: plc1_40005=50
00:42:01.927 | STREAM: plc1_00010=False
00:42:01.928 | STREAM: plc1_00003=False
00:42:01.928 | STREAM: plc1_30031=0
00:42:01.928 | STREAM: plc1_40006=0
00:42:01.928 | STREAM: plc1_00004=False
00:42:01.929 | STREAM: plc1_30033=0
00:42:01.929 | STREAM: plc1_40007=0
00:42:01.929 | STREAM: plc1_30029=0
00:42:01.929 | STREAM: plc1_30025=1,0003211
00:42:01.929 | STREAM: plc1_30023=20,688633
00:42:01.930 | STREAM: plc1_00011=False
00:42:01.930 | STREAM: plc1_00006=False
00:42:01.930 | STREAM: plc1_40033=0
00:42:01.930 | STREAM: plc1_40025=0
00:42:01.931 | STREAM: plc1_00007=False
00:42:01.931 | STREAM: plc1_40027=0
00:42:01.931 | STREAM: plc1_00005=True
00:42:01.931 | STREAM: plc1_40029=0
00:42:01.932 | STREAM: plc1_40021=0
00:42:01.932 | STREAM: plc1_30027=0
00:42:02.331 | SIM: mqtt1_gMqt/ZAS/ZAS_Actual_Power=199,3756
00:42:02.332 | SIM: mqtt1_gMqt/GPA1/PPU_Gen_active_power=1177,4158
00:42:02.332 | SIM: mqtt1_gMqt/GPA1/PPU_Gen_counter_active_power=18012,957
00:42:02.332 | SIM: mqtt1_gMqt/GPA1/T404=44,076225
00:42:02.332 | SIM: mqtt1_gMqt/GPA1/Hours=90000
00:42:02.333 | SIM: mqtt1_gMqt/GPA2/PPU_Gen_active_power=1181,3463
00:42:02.333 | SIM: mqtt1_gMqt/GPA2/PPU_Gen_counter_active_power=18012,885
00:42:02.333 | SIM: mqtt1_gMqt/GPA2/T404=45,982445
00:42:02.333 | SIM: mqtt1_gMqt/GPA2/Hours=90000
00:42:02.333 | SIM: mqtt1_gMqt/GPA3/PPU_Gen_active_power=1224,8662
00:42:02.333 | SIM: mqtt1_gMqt/GPA3/PPU_Gen_counter_active_power=18013,176
00:42:02.334 | SIM: mqtt1_gMqt/GPA3/T404=44,193005
00:42:02.334 | SIM: mqtt1_gMqt/GPA3/Hours=90000
00:42:02.334 | SIM: mqtt1_gMqt/GPA4/PPU_Gen_active_power=1225,9185
00:42:02.334 | SIM: mqtt1_gMqt/GPA4/PPU_Gen_counter_active_power=18013,146
00:42:02.334 | SIM: mqtt1_gMqt/GPA4/T404=44,75597
00:42:02.334 | SIM: mqtt1_gMqt/GPA4/Hours=90000
00:42:02.335 | SIM: mqtt1_gMqt/GPA5/PPU_Gen_active_power=1143,193
00:42:02.335 | SIM: mqtt1_gMqt/GPA5/PPU_Gen_counter_active_power=18012,662
00:42:02.335 | SIM: mqtt1_gMqt/GPA5/T404=44,95589
00:42:02.335 | SIM: mqtt1_gMqt/GPA5/Hours=90000
00:42:02.335 | SIM: mqtt1_gMqt/GPA6/PPU_Gen_active_power=1208,2429
00:42:02.335 | SIM: mqtt1_gMqt/GPA6/PPU_Gen_counter_active_power=18013,145
00:42:02.336 | SIM: mqtt1_gMqt/GPA6/T404=44,976204
00:42:02.336 | SIM: mqtt1_gMqt/GPA6/Hours=90000
00:42:02.441 | STREAM: plc1_00001=True
00:42:02.441 | STREAM: plc1_00002=True
00:42:02.442 | STREAM: plc1_30035=0
00:42:02.442 | STREAM: plc1_40005=50
00:42:02.442 | STREAM: plc1_00010=False
00:42:02.442 | STREAM: plc1_00003=False
00:42:02.442 | STREAM: plc1_30031=0
00:42:02.443 | STREAM: plc1_40006=0
00:42:02.443 | STREAM: plc1_00004=False
00:42:02.443 | STREAM: plc1_30033=0
00:42:02.443 | STREAM: plc1_40007=0
00:42:02.444 | STREAM: plc1_30029=0
00:42:02.444 | STREAM: plc1_30025=1,0001625
00:42:02.444 | STREAM: plc1_30023=20,695768
00:42:02.444 | STREAM: plc1_00011=False
00:42:02.444 | STREAM: plc1_00006=False
00:42:02.445 | STREAM: plc1_40033=0
00:42:02.445 | STREAM: plc1_40025=0
00:42:02.445 | STREAM: plc1_00007=False
00:42:02.446 | STREAM: plc1_40027=0
00:42:02.446 | STREAM: plc1_00005=True
00:42:02.446 | STREAM: plc1_40029=0
00:42:02.446 | STREAM: plc1_40021=0
00:42:02.447 | STREAM: plc1_30027=0
00:42:02.943 | STREAM: plc1_00001=True
00:42:02.944 | STREAM: plc1_00002=True
00:42:02.944 | STREAM: plc1_30035=0
00:42:02.944 | STREAM: plc1_40005=50
00:42:02.945 | STREAM: plc1_00010=False
00:42:02.945 | STREAM: plc1_00003=False
00:42:02.945 | STREAM: plc1_30031=0
00:42:02.945 | STREAM: plc1_40006=0
00:42:02.945 | STREAM: plc1_00004=False
00:42:02.946 | STREAM: plc1_30033=0
00:42:02.946 | STREAM: plc1_40007=0
00:42:02.946 | STREAM: plc1_30029=0
00:42:02.946 | STREAM: plc1_30025=1,0000904
00:42:02.947 | STREAM: plc1_30023=20,701487
00:42:02.947 | STREAM: plc1_00011=False
00:42:02.947 | STREAM: plc1_00006=False
00:42:02.947 | STREAM: plc1_40033=0
00:42:02.947 | STREAM: plc1_40025=0
00:42:02.948 | STREAM: plc1_00007=False
00:42:02.948 | STREAM: plc1_40027=0
00:42:02.948 | STREAM: plc1_00005=True
00:42:02.948 | STREAM: plc1_40029=0
00:42:02.949 | STREAM: plc1_40021=0
00:42:02.949 | STREAM: plc1_30027=0
00:42:03.431 | SIM: mqtt1_gMqt/ZAS/ZAS_Actual_Power=199,70894
00:42:03.431 | SIM: mqtt1_gMqt/GPA1/PPU_Gen_active_power=1170,3169
00:42:03.432 | SIM: mqtt1_gMqt/GPA1/PPU_Gen_counter_active_power=18013,281
00:42:03.432 | SIM: mqtt1_gMqt/GPA1/T404=44,207684
00:42:03.432 | SIM: mqtt1_gMqt/GPA1/Hours=90000
00:42:03.433 | SIM: mqtt1_gMqt/GPA2/PPU_Gen_active_power=1184,6841
00:42:03.433 | SIM: mqtt1_gMqt/GPA2/PPU_Gen_counter_active_power=18013,213
00:42:03.433 | SIM: mqtt1_gMqt/GPA2/T404=46,202435
00:42:03.433 | SIM: mqtt1_gMqt/GPA2/Hours=90000
00:42:03.433 | SIM: mqtt1_gMqt/GPA3/PPU_Gen_active_power=1222,6093
00:42:03.433 | SIM: mqtt1_gMqt/GPA3/PPU_Gen_counter_active_power=18013,516
00:42:03.434 | SIM: mqtt1_gMqt/GPA3/T404=44,351128
00:42:03.434 | SIM: mqtt1_gMqt/GPA3/Hours=90000
00:42:03.434 | SIM: mqtt1_gMqt/GPA4/PPU_Gen_active_power=1221,9496
00:42:03.434 | SIM: mqtt1_gMqt/GPA4/PPU_Gen_counter_active_power=18013,486
00:42:03.434 | SIM: mqtt1_gMqt/GPA4/T404=44,642048
00:42:03.434 | SIM: mqtt1_gMqt/GPA4/Hours=90000
00:42:03.435 | SIM: mqtt1_gMqt/GPA5/PPU_Gen_active_power=1142,7104
00:42:03.435 | SIM: mqtt1_gMqt/GPA5/PPU_Gen_counter_active_power=18012,98
00:42:03.435 | SIM: mqtt1_gMqt/GPA5/T404=44,848705
00:42:03.435 | SIM: mqtt1_gMqt/GPA5/Hours=90000
00:42:03.435 | SIM: mqtt1_gMqt/GPA6/PPU_Gen_active_power=1207,895
00:42:03.436 | SIM: mqtt1_gMqt/GPA6/PPU_Gen_counter_active_power=18013,48
00:42:03.436 | SIM: mqtt1_gMqt/GPA6/T404=45,030396
00:42:03.436 | SIM: mqtt1_gMqt/GPA6/Hours=90000
00:42:03.446 | STREAM: plc1_00001=True
00:42:03.447 | STREAM: plc1_00002=True
00:42:03.447 | STREAM: plc1_30035=0
00:42:03.447 | STREAM: plc1_40005=50
00:42:03.448 | STREAM: plc1_00010=False
00:42:03.448 | STREAM: plc1_00003=False
00:42:03.448 | STREAM: plc1_30031=0
00:42:03.448 | STREAM: plc1_40006=0
00:42:03.448 | STREAM: plc1_00004=False
00:42:03.449 | STREAM: plc1_30033=0
00:42:03.449 | STREAM: plc1_40007=0
00:42:03.449 | STREAM: plc1_30029=0
00:42:03.449 | STREAM: plc1_30025=1,0000417
00:42:03.450 | STREAM: plc1_30023=20,708622
00:42:03.450 | STREAM: plc1_00011=False
00:42:03.450 | STREAM: plc1_00006=False
00:42:03.450 | STREAM: plc1_40033=0
00:42:03.451 | STREAM: plc1_40025=0
00:42:03.451 | STREAM: plc1_00007=False
00:42:03.451 | STREAM: plc1_40027=0
00:42:03.451 | STREAM: plc1_00005=True
00:42:03.452 | STREAM: plc1_40029=0
00:42:03.452 | STREAM: plc1_40021=0
00:42:03.452 | STREAM: plc1_30027=0
00:42:03.948 | STREAM: plc1_00001=True
00:42:03.948 | STREAM: plc1_00002=True
00:42:03.948 | STREAM: plc1_30035=0
00:42:03.949 | STREAM: plc1_40005=50
00:42:03.949 | STREAM: plc1_00010=False
00:42:03.949 | STREAM: plc1_00003=False
00:42:03.950 | STREAM: plc1_30031=0
00:42:03.950 | STREAM: plc1_40006=0
00:42:03.950 | STREAM: plc1_00004=False
00:42:03.950 | STREAM: plc1_30033=0
00:42:03.951 | STREAM: plc1_40007=0
00:42:03.951 | STREAM: plc1_30029=0
00:42:03.951 | STREAM: plc1_30025=1,0000219
00:42:03.952 | STREAM: plc1_30023=20,714296
00:42:03.952 | STREAM: plc1_00011=False
00:42:03.952 | STREAM: plc1_00006=False
00:42:03.952 | STREAM: plc1_40033=0
00:42:03.953 | STREAM: plc1_40025=0
00:42:03.953 | STREAM: plc1_00007=False
00:42:03.953 | STREAM: plc1_40027=0
00:42:03.954 | STREAM: plc1_00005=True
00:42:03.954 | STREAM: plc1_40029=0
00:42:03.954 | STREAM: plc1_40021=0
00:42:03.954 | STREAM: plc1_30027=0
00:42:04.461 | STREAM: plc1_00001=True
00:42:04.461 | STREAM: plc1_00002=True
00:42:04.461 | STREAM: plc1_30035=0
00:42:04.462 | STREAM: plc1_40005=50
00:42:04.462 | STREAM: plc1_00010=False
00:42:04.463 | STREAM: plc1_00003=False
00:42:04.463 | STREAM: plc1_30031=0
00:42:04.463 | STREAM: plc1_40006=0
00:42:04.463 | STREAM: plc1_00004=False
00:42:04.464 | STREAM: plc1_30033=0
00:42:04.464 | STREAM: plc1_40007=0
00:42:04.464 | STREAM: plc1_30029=0
00:42:04.464 | STREAM: plc1_30025=1,0000107
00:42:04.465 | STREAM: plc1_30023=20,721254
00:42:04.465 | STREAM: plc1_00011=False
00:42:04.465 | STREAM: plc1_00006=False
00:42:04.465 | STREAM: plc1_40033=0
00:42:04.466 | STREAM: plc1_40025=0
00:42:04.466 | STREAM: plc1_00007=False
00:42:04.466 | STREAM: plc1_40027=0
00:42:04.466 | STREAM: plc1_00005=False
00:42:04.467 | STREAM: plc1_40029=0
00:42:04.467 | STREAM: plc1_40021=0
00:42:04.468 | STREAM: plc1_30027=0
00:42:04.523 | SIM: mqtt1_gMqt/ZAS/ZAS_Actual_Power=198,0049
00:42:04.523 | SIM: mqtt1_gMqt/GPA1/PPU_Gen_active_power=1178,4706
00:42:04.523 | SIM: mqtt1_gMqt/GPA1/PPU_Gen_counter_active_power=18013,61
00:42:04.523 | SIM: mqtt1_gMqt/GPA1/T404=44,398994
00:42:04.523 | SIM: mqtt1_gMqt/GPA1/Hours=90000
00:42:04.524 | SIM: mqtt1_gMqt/GPA2/PPU_Gen_active_power=1184,1497
00:42:04.524 | SIM: mqtt1_gMqt/GPA2/PPU_Gen_counter_active_power=18013,541
00:42:04.524 | SIM: mqtt1_gMqt/GPA2/T404=46,368065
00:42:04.524 | SIM: mqtt1_gMqt/GPA2/Hours=90000
00:42:04.524 | SIM: mqtt1_gMqt/GPA3/PPU_Gen_active_power=1217,3856
00:42:04.524 | SIM: mqtt1_gMqt/GPA3/PPU_Gen_counter_active_power=18013,854
00:42:04.525 | SIM: mqtt1_gMqt/GPA3/T404=44,140194
00:42:04.525 | SIM: mqtt1_gMqt/GPA3/Hours=90000
00:42:04.526 | SIM: mqtt1_gMqt/GPA4/PPU_Gen_active_power=1220,7976
00:42:04.526 | SIM: mqtt1_gMqt/GPA4/PPU_Gen_counter_active_power=18013,826
00:42:04.526 | SIM: mqtt1_gMqt/GPA4/T404=44,834316
00:42:04.526 | SIM: mqtt1_gMqt/GPA4/Hours=90000
00:42:04.526 | SIM: mqtt1_gMqt/GPA5/PPU_Gen_active_power=1143,7281
00:42:04.526 | SIM: mqtt1_gMqt/GPA5/PPU_Gen_counter_active_power=18013,299
00:42:04.526 | SIM: mqtt1_gMqt/GPA5/T404=44,8238
00:42:04.527 | SIM: mqtt1_gMqt/GPA5/Hours=90000
00:42:04.527 | SIM: mqtt1_gMqt/GPA6/PPU_Gen_active_power=1208,3916
00:42:04.527 | SIM: mqtt1_gMqt/GPA6/PPU_Gen_counter_active_power=18013,816
00:42:04.527 | SIM: mqtt1_gMqt/GPA6/T404=44,919
00:42:04.527 | SIM: mqtt1_gMqt/GPA6/Hours=90000
00:42:04.962 | STREAM: plc1_00001=True
00:42:04.963 | STREAM: plc1_00002=True
00:42:04.963 | STREAM: plc1_30035=0
00:42:04.963 | STREAM: plc1_40005=50
00:42:04.964 | STREAM: plc1_00010=False
00:42:04.964 | STREAM: plc1_00003=False
00:42:04.964 | STREAM: plc1_30031=0
00:42:04.965 | STREAM: plc1_40006=0
00:42:04.965 | STREAM: plc1_00004=False
00:42:04.965 | STREAM: plc1_30033=0
00:42:04.965 | STREAM: plc1_40007=0
00:42:04.966 | STREAM: plc1_30029=0
00:42:04.966 | STREAM: plc1_30025=1,0000063
00:42:04.966 | STREAM: plc1_30023=20,728256
00:42:04.966 | STREAM: plc1_00011=False
00:42:04.967 | STREAM: plc1_00006=False
00:42:04.967 | STREAM: plc1_40033=0
00:42:04.967 | STREAM: plc1_40025=0
00:42:04.968 | STREAM: plc1_00007=False
00:42:04.968 | STREAM: plc1_40027=0
00:42:04.968 | STREAM: plc1_00005=False
00:42:04.968 | STREAM: plc1_40029=0
00:42:04.968 | STREAM: plc1_40021=0
00:42:04.969 | STREAM: plc1_30027=0
00:42:05.464 | STREAM: plc1_00001=True
00:42:05.465 | STREAM: plc1_00002=True
00:42:05.465 | STREAM: plc1_30035=0
00:42:05.465 | STREAM: plc1_40005=50
00:42:05.466 | STREAM: plc1_00010=False
00:42:05.466 | STREAM: plc1_00003=False
00:42:05.466 | STREAM: plc1_30031=0
00:42:05.467 | STREAM: plc1_40006=0
00:42:05.467 | STREAM: plc1_00004=False
00:42:05.467 | STREAM: plc1_30033=0
00:42:05.467 | STREAM: plc1_40007=0
00:42:05.467 | STREAM: plc1_30029=0
00:42:05.468 | STREAM: plc1_30025=1,0000045
00:42:05.468 | STREAM: plc1_30023=20,73381
00:42:05.468 | STREAM: plc1_00011=False
00:42:05.468 | STREAM: plc1_00006=False
00:42:05.469 | STREAM: plc1_40033=0
00:42:05.469 | STREAM: plc1_40025=0
00:42:05.469 | STREAM: plc1_00007=False
00:42:05.469 | STREAM: plc1_40027=0
00:42:05.470 | STREAM: plc1_00005=False
00:42:05.470 | STREAM: plc1_40029=0
00:42:05.470 | STREAM: plc1_40021=0
00:42:05.470 | STREAM: plc1_30027=0
00:42:05.617 | SIM: mqtt1_gMqt/ZAS/ZAS_Actual_Power=197,35698
00:42:05.617 | SIM: mqtt1_gMqt/GPA1/PPU_Gen_active_power=1168,4901
00:42:05.618 | SIM: mqtt1_gMqt/GPA1/PPU_Gen_counter_active_power=18013,934
00:42:05.618 | SIM: mqtt1_gMqt/GPA1/T404=44,45706
00:42:05.618 | SIM: mqtt1_gMqt/GPA1/Hours=90000
00:42:05.618 | SIM: mqtt1_gMqt/GPA2/PPU_Gen_active_power=1179,8613
00:42:05.618 | SIM: mqtt1_gMqt/GPA2/PPU_Gen_counter_active_power=18013,87
00:42:05.619 | SIM: mqtt1_gMqt/GPA2/T404=46,425095
00:42:05.619 | SIM: mqtt1_gMqt/GPA2/Hours=90000
00:42:05.619 | SIM: mqtt1_gMqt/GPA3/PPU_Gen_active_power=1207,7532
00:42:05.620 | SIM: mqtt1_gMqt/GPA3/PPU_Gen_counter_active_power=18014,19
00:42:05.620 | SIM: mqtt1_gMqt/GPA3/T404=44,23683
00:42:05.620 | SIM: mqtt1_gMqt/GPA3/Hours=90000
00:42:05.620 | SIM: mqtt1_gMqt/GPA4/PPU_Gen_active_power=1229,348
00:42:05.620 | SIM: mqtt1_gMqt/GPA4/PPU_Gen_counter_active_power=18014,168
00:42:05.620 | SIM: mqtt1_gMqt/GPA4/T404=44,92869
00:42:05.620 | SIM: mqtt1_gMqt/GPA4/Hours=90000
00:42:05.621 | SIM: mqtt1_gMqt/GPA5/PPU_Gen_active_power=1151,8718
00:42:05.621 | SIM: mqtt1_gMqt/GPA5/PPU_Gen_counter_active_power=18013,62
00:42:05.621 | SIM: mqtt1_gMqt/GPA5/T404=44,84279
00:42:05.621 | SIM: mqtt1_gMqt/GPA5/Hours=90000
00:42:05.621 | SIM: mqtt1_gMqt/GPA6/PPU_Gen_active_power=1213,0471
00:42:05.621 | SIM: mqtt1_gMqt/GPA6/PPU_Gen_counter_active_power=18014,154
00:42:05.621 | SIM: mqtt1_gMqt/GPA6/T404=45,057896
00:42:05.621 | SIM: mqtt1_gMqt/GPA6/Hours=90000
00:42:05.963 | STREAM: plc1_00001=True
00:42:05.963 | STREAM: plc1_00002=True
00:42:05.963 | STREAM: plc1_30035=0
00:42:05.964 | STREAM: plc1_40005=50
00:42:05.964 | STREAM: plc1_00010=False
00:42:05.964 | STREAM: plc1_00003=False
00:42:05.965 | STREAM: plc1_30031=0
00:42:05.965 | STREAM: plc1_40006=0
00:42:05.965 | STREAM: plc1_00004=False
00:42:05.965 | STREAM: plc1_30033=0
00:42:05.966 | STREAM: plc1_40007=0
00:42:05.966 | STREAM: plc1_30029=0
00:42:05.966 | STREAM: plc1_30025=1,000003
00:42:05.966 | STREAM: plc1_30023=20,740732
00:42:05.967 | STREAM: plc1_00011=False
00:42:05.967 | STREAM: plc1_00006=False
00:42:05.967 | STREAM: plc1_40033=0
00:42:05.967 | STREAM: plc1_40025=0
00:42:05.968 | STREAM: plc1_00007=False
00:42:05.968 | STREAM: plc1_40027=0
00:42:05.968 | STREAM: plc1_00005=True
00:42:05.968 | STREAM: plc1_40029=0
00:42:05.968 | STREAM: plc1_40021=0
00:42:05.969 | STREAM: plc1_30027=0
00:42:06.476 | STREAM: plc1_00001=True
00:42:06.477 | STREAM: plc1_00002=True
00:42:06.477 | STREAM: plc1_30035=0
00:42:06.478 | STREAM: plc1_40005=50
00:42:06.478 | STREAM: plc1_00010=False
00:42:06.478 | STREAM: plc1_00003=False
00:42:06.478 | STREAM: plc1_30031=0
00:42:06.479 | STREAM: plc1_40006=0
00:42:06.479 | STREAM: plc1_00004=False
00:42:06.479 | STREAM: plc1_30033=0
00:42:06.479 | STREAM: plc1_40007=0
00:42:06.480 | STREAM: plc1_30029=0
00:42:06.480 | STREAM: plc1_30025=1,000002
00:42:06.480 | STREAM: plc1_30023=20,746216
00:42:06.480 | STREAM: plc1_00011=False
00:42:06.481 | STREAM: plc1_00006=False
00:42:06.481 | STREAM: plc1_40033=0
00:42:06.481 | STREAM: plc1_40025=0
00:42:06.481 | STREAM: plc1_00007=False
00:42:06.482 | STREAM: plc1_40027=0
00:42:06.482 | STREAM: plc1_00005=True
00:42:06.482 | STREAM: plc1_40029=0
00:42:06.482 | STREAM: plc1_40021=0
00:42:06.482 | STREAM: plc1_30027=0
00:42:06.695 | SIM: mqtt1_gMqt/ZAS/ZAS_Actual_Power=196,26309
00:42:06.695 | SIM: mqtt1_gMqt/GPA1/PPU_Gen_active_power=1173,0917
00:42:06.695 | SIM: mqtt1_gMqt/GPA1/PPU_Gen_counter_active_power=18014,26
00:42:06.695 | SIM: mqtt1_gMqt/GPA1/T404=44,426006
00:42:06.696 | SIM: mqtt1_gMqt/GPA1/Hours=90000
00:42:06.696 | SIM: mqtt1_gMqt/GPA2/PPU_Gen_active_power=1171,4469
00:42:06.696 | SIM: mqtt1_gMqt/GPA2/PPU_Gen_counter_active_power=18014,195
00:42:06.696 | SIM: mqtt1_gMqt/GPA2/T404=46,251583
00:42:06.696 | SIM: mqtt1_gMqt/GPA2/Hours=90000
00:42:06.696 | SIM: mqtt1_gMqt/GPA3/PPU_Gen_active_power=1198,8131
00:42:06.697 | SIM: mqtt1_gMqt/GPA3/PPU_Gen_counter_active_power=18014,521
00:42:06.697 | SIM: mqtt1_gMqt/GPA3/T404=44,46642
00:42:06.697 | SIM: mqtt1_gMqt/GPA3/Hours=90000
00:42:06.697 | SIM: mqtt1_gMqt/GPA4/PPU_Gen_active_power=1228,2152
00:42:06.697 | SIM: mqtt1_gMqt/GPA4/PPU_Gen_counter_active_power=18014,51
00:42:06.697 | SIM: mqtt1_gMqt/GPA4/T404=45,064915
00:42:06.697 | SIM: mqtt1_gMqt/GPA4/Hours=90000
00:42:06.698 | SIM: mqtt1_gMqt/GPA5/PPU_Gen_active_power=1152,3539
00:42:06.698 | SIM: mqtt1_gMqt/GPA5/PPU_Gen_counter_active_power=18013,94
00:42:06.698 | SIM: mqtt1_gMqt/GPA5/T404=44,777073
00:42:06.698 | SIM: mqtt1_gMqt/GPA5/Hours=90000
00:42:06.698 | SIM: mqtt1_gMqt/GPA6/PPU_Gen_active_power=1204,6058
00:42:06.698 | SIM: mqtt1_gMqt/GPA6/PPU_Gen_counter_active_power=18014,488
00:42:06.699 | SIM: mqtt1_gMqt/GPA6/T404=45,051453
00:42:06.699 | SIM: mqtt1_gMqt/GPA6/Hours=90000
00:42:06.977 | STREAM: plc1_00001=True
00:42:06.977 | STREAM: plc1_00002=True
00:42:06.977 | STREAM: plc1_30035=0
00:42:06.978 | STREAM: plc1_40005=50
00:42:06.978 | STREAM: plc1_00010=False
00:42:06.978 | STREAM: plc1_00003=False
00:42:06.978 | STREAM: plc1_30031=0
00:42:06.979 | STREAM: plc1_40006=0
00:42:06.979 | STREAM: plc1_00004=False
00:42:06.979 | STREAM: plc1_30033=0
00:42:06.979 | STREAM: plc1_40007=0
00:42:06.980 | STREAM: plc1_30029=0
00:42:06.980 | STREAM: plc1_30025=1,0000012
00:42:06.980 | STREAM: plc1_30023=20,752853
00:42:06.981 | STREAM: plc1_00011=False
00:42:06.981 | STREAM: plc1_00006=False
00:42:06.981 | STREAM: plc1_40033=0
00:42:06.981 | STREAM: plc1_40025=0
00:42:06.982 | STREAM: plc1_00007=False
00:42:06.982 | STREAM: plc1_40027=0
00:42:06.982 | STREAM: plc1_00005=True
00:42:06.982 | STREAM: plc1_40029=0
00:42:06.983 | STREAM: plc1_40021=0
00:42:06.983 | STREAM: plc1_30027=0
00:42:07.480 | STREAM: plc1_00001=True
00:42:07.481 | STREAM: plc1_00002=True
00:42:07.481 | STREAM: plc1_30035=0
00:42:07.481 | STREAM: plc1_40005=50
00:42:07.481 | STREAM: plc1_00010=False
00:42:07.482 | STREAM: plc1_00003=False
00:42:07.482 | STREAM: plc1_30031=0
00:42:07.482 | STREAM: plc1_40006=0
00:42:07.482 | STREAM: plc1_00004=False
00:42:07.483 | STREAM: plc1_30033=0
00:42:07.483 | STREAM: plc1_40007=0
00:42:07.483 | STREAM: plc1_30029=0
00:42:07.483 | STREAM: plc1_30025=1,0000006
00:42:07.483 | STREAM: plc1_30023=20,759726
00:42:07.484 | STREAM: plc1_00011=False
00:42:07.484 | STREAM: plc1_00006=False
00:42:07.484 | STREAM: plc1_40033=0
00:42:07.485 | STREAM: plc1_40025=0
00:42:07.485 | STREAM: plc1_00007=False
00:42:07.485 | STREAM: plc1_40027=0
00:42:07.485 | STREAM: plc1_00005=True
00:42:07.485 | STREAM: plc1_40029=0
00:42:07.486 | STREAM: plc1_40021=0
00:42:07.486 | STREAM: plc1_30027=0
00:42:07.794 | SIM: mqtt1_gMqt/ZAS/ZAS_Actual_Power=198,27856
00:42:07.794 | SIM: mqtt1_gMqt/GPA1/PPU_Gen_active_power=1168,9525
00:42:07.794 | SIM: mqtt1_gMqt/GPA1/PPU_Gen_counter_active_power=18014,584
00:42:07.794 | SIM: mqtt1_gMqt/GPA1/T404=44,281338
00:42:07.794 | SIM: mqtt1_gMqt/GPA1/Hours=90000
00:42:07.794 | SIM: mqtt1_gMqt/GPA2/PPU_Gen_active_power=1179,921
00:42:07.795 | SIM: mqtt1_gMqt/GPA2/PPU_Gen_counter_active_power=18014,523
00:42:07.795 | SIM: mqtt1_gMqt/GPA2/T404=46,02867
00:42:07.795 | SIM: mqtt1_gMqt/GPA2/Hours=90000
00:42:07.795 | SIM: mqtt1_gMqt/GPA3/PPU_Gen_active_power=1205,7997
00:42:07.795 | SIM: mqtt1_gMqt/GPA3/PPU_Gen_counter_active_power=18014,855
00:42:07.796 | SIM: mqtt1_gMqt/GPA3/T404=44,331665
00:42:07.796 | SIM: mqtt1_gMqt/GPA3/Hours=90000
00:42:07.796 | SIM: mqtt1_gMqt/GPA4/PPU_Gen_active_power=1224,9382
00:42:07.796 | SIM: mqtt1_gMqt/GPA4/PPU_Gen_counter_active_power=18014,85
00:42:07.796 | SIM: mqtt1_gMqt/GPA4/T404=44,878727
00:42:07.797 | SIM: mqtt1_gMqt/GPA4/Hours=90000
00:42:07.797 | SIM: mqtt1_gMqt/GPA5/PPU_Gen_active_power=1157,7684
00:42:07.797 | SIM: mqtt1_gMqt/GPA5/PPU_Gen_counter_active_power=18014,262
00:42:07.797 | SIM: mqtt1_gMqt/GPA5/T404=44,95454
00:42:07.797 | SIM: mqtt1_gMqt/GPA5/Hours=90000
00:42:07.797 | SIM: mqtt1_gMqt/GPA6/PPU_Gen_active_power=1195,5671
00:42:07.798 | SIM: mqtt1_gMqt/GPA6/PPU_Gen_counter_active_power=18014,82
00:42:07.798 | SIM: mqtt1_gMqt/GPA6/T404=45,278694
00:42:07.798 | SIM: mqtt1_gMqt/GPA6/Hours=90000
00:42:07.985 | STREAM: plc1_00001=True
00:42:07.985 | STREAM: plc1_00002=True
00:42:07.985 | STREAM: plc1_30035=0
00:42:07.986 | STREAM: plc1_40005=50
00:42:07.986 | STREAM: plc1_00010=False
00:42:07.986 | STREAM: plc1_00003=False
00:42:07.986 | STREAM: plc1_30031=0
00:42:07.987 | STREAM: plc1_40006=0
00:42:07.987 | STREAM: plc1_00004=False
00:42:07.987 | STREAM: plc1_30033=0
00:42:07.988 | STREAM: plc1_40007=0
00:42:07.988 | STREAM: plc1_30029=0
00:42:07.988 | STREAM: plc1_30025=1,0000004
00:42:07.988 | STREAM: plc1_30023=20,765165
00:42:07.988 | STREAM: plc1_00011=False
00:42:07.989 | STREAM: plc1_00006=False
00:42:07.989 | STREAM: plc1_40033=0
00:42:07.989 | STREAM: plc1_40025=0
00:42:07.989 | STREAM: plc1_00007=False
00:42:07.990 | STREAM: plc1_40027=0
00:42:07.990 | STREAM: plc1_00005=True
00:42:07.990 | STREAM: plc1_40029=0
00:42:07.990 | STREAM: plc1_40021=0
00:42:07.991 | STREAM: plc1_30027=0
00:42:08.486 | STREAM: plc1_00001=True
00:42:08.487 | STREAM: plc1_00002=True
00:42:08.487 | STREAM: plc1_30035=0
00:42:08.487 | STREAM: plc1_40005=50
00:42:08.488 | STREAM: plc1_00010=False
00:42:08.488 | STREAM: plc1_00003=False
00:42:08.488 | STREAM: plc1_30031=0
00:42:08.488 | STREAM: plc1_40006=0
00:42:08.489 | STREAM: plc1_00004=False
00:42:08.489 | STREAM: plc1_30033=0
00:42:08.489 | STREAM: plc1_40007=0
00:42:08.489 | STREAM: plc1_30029=0
00:42:08.489 | STREAM: plc1_30025=1,0000001
00:42:08.490 | STREAM: plc1_30023=20,771933
00:42:08.490 | STREAM: plc1_00011=False
00:42:08.490 | STREAM: plc1_00006=False
00:42:08.490 | STREAM: plc1_40033=0
00:42:08.491 | STREAM: plc1_40025=0
00:42:08.491 | STREAM: plc1_00007=False
00:42:08.491 | STREAM: plc1_40027=0
00:42:08.492 | STREAM: plc1_00005=True
00:42:08.492 | STREAM: plc1_40029=0
00:42:08.492 | STREAM: plc1_40021=0
00:42:08.493 | STREAM: plc1_30027=0
00:42:08.893 | SIM: mqtt1_gMqt/ZAS/ZAS_Actual_Power=199,42609
00:42:08.893 | SIM: mqtt1_gMqt/GPA1/PPU_Gen_active_power=1168,3635
00:42:08.893 | SIM: mqtt1_gMqt/GPA1/PPU_Gen_counter_active_power=18014,908
00:42:08.893 | SIM: mqtt1_gMqt/GPA1/T404=44,1331
00:42:08.893 | SIM: mqtt1_gMqt/GPA1/Hours=90000
00:42:08.893 | SIM: mqtt1_gMqt/GPA2/PPU_Gen_active_power=1184,8396
00:42:08.894 | SIM: mqtt1_gMqt/GPA2/PPU_Gen_counter_active_power=18014,854
00:42:08.894 | SIM: mqtt1_gMqt/GPA2/T404=46,013874
00:42:08.894 | SIM: mqtt1_gMqt/GPA2/Hours=90000
00:42:08.894 | SIM: mqtt1_gMqt/GPA3/PPU_Gen_active_power=1201,4255
00:42:08.894 | SIM: mqtt1_gMqt/GPA3/PPU_Gen_counter_active_power=18015,19
00:42:08.895 | SIM: mqtt1_gMqt/GPA3/T404=44,140423
00:42:08.895 | SIM: mqtt1_gMqt/GPA3/Hours=90000
00:42:08.895 | SIM: mqtt1_gMqt/GPA4/PPU_Gen_active_power=1226,9268
00:42:08.895 | SIM: mqtt1_gMqt/GPA4/PPU_Gen_counter_active_power=18015,19
00:42:08.895 | SIM: mqtt1_gMqt/GPA4/T404=44,641678
00:42:08.895 | SIM: mqtt1_gMqt/GPA4/Hours=90000
00:42:08.895 | SIM: mqtt1_gMqt/GPA5/PPU_Gen_active_power=1150,7985
00:42:08.896 | SIM: mqtt1_gMqt/GPA5/PPU_Gen_counter_active_power=18014,582
00:42:08.896 | SIM: mqtt1_gMqt/GPA5/T404=45,203754
00:42:08.896 | SIM: mqtt1_gMqt/GPA5/Hours=90000
00:42:08.896 | SIM: mqtt1_gMqt/GPA6/PPU_Gen_active_power=1201,4108
00:42:08.896 | SIM: mqtt1_gMqt/GPA6/PPU_Gen_counter_active_power=18015,154
00:42:08.896 | SIM: mqtt1_gMqt/GPA6/T404=45,320026
00:42:08.896 | SIM: mqtt1_gMqt/GPA6/Hours=90000
00:42:08.987 | STREAM: plc1_00001=True
00:42:08.988 | STREAM: plc1_00002=True
00:42:08.988 | STREAM: plc1_30035=0
00:42:08.989 | STREAM: plc1_40005=50
00:42:08.989 | STREAM: plc1_00010=False
00:42:08.989 | STREAM: plc1_00003=False
00:42:08.990 | STREAM: plc1_30031=0
00:42:08.990 | STREAM: plc1_40006=0
00:42:08.990 | STREAM: plc1_00004=False
00:42:08.990 | STREAM: plc1_30033=0
00:42:08.991 | STREAM: plc1_40007=0
00:42:08.991 | STREAM: plc1_30029=0
00:42:08.991 | STREAM: plc1_30025=1,0000001
00:42:08.991 | STREAM: plc1_30023=20,777302
00:42:08.992 | STREAM: plc1_00011=False
00:42:08.992 | STREAM: plc1_00006=False
00:42:08.992 | STREAM: plc1_40033=0
00:42:08.992 | STREAM: plc1_40025=0
00:42:08.993 | STREAM: plc1_00007=False
00:42:08.993 | STREAM: plc1_40027=0
00:42:08.993 | STREAM: plc1_00005=True
00:42:08.993 | STREAM: plc1_40029=0
00:42:08.994 | STREAM: plc1_40021=0
00:42:08.994 | STREAM: plc1_30027=0
00:42:09.495 | STREAM: plc1_00001=True
00:42:09.495 | STREAM: plc1_00002=True
00:42:09.496 | STREAM: plc1_30035=0
00:42:09.496 | STREAM: plc1_40005=50
00:42:09.496 | STREAM: plc1_00010=False
00:42:09.496 | STREAM: plc1_00003=False
00:42:09.497 | STREAM: plc1_30031=0
00:42:09.497 | STREAM: plc1_40006=0
00:42:09.497 | STREAM: plc1_00004=False
00:42:09.497 | STREAM: plc1_30033=0
00:42:09.498 | STREAM: plc1_40007=0
00:42:09.498 | STREAM: plc1_30029=0
00:42:09.498 | STREAM: plc1_30025=1
00:42:09.499 | STREAM: plc1_30023=20,783884
00:42:09.499 | STREAM: plc1_00011=False
00:42:09.499 | STREAM: plc1_00006=False
00:42:09.499 | STREAM: plc1_40033=0
00:42:09.500 | STREAM: plc1_40025=0
00:42:09.500 | STREAM: plc1_00007=False
00:42:09.500 | STREAM: plc1_40027=0
00:42:09.500 | STREAM: plc1_00005=True
00:42:09.501 | STREAM: plc1_40029=0
00:42:09.501 | STREAM: plc1_40021=0
00:42:09.501 | STREAM: plc1_30027=0
00:42:09.978 | SIM: mqtt1_gMqt/ZAS/ZAS_Actual_Power=199,48126
00:42:09.978 | SIM: mqtt1_gMqt/GPA1/PPU_Gen_active_power=1168,0807
00:42:09.979 | SIM: mqtt1_gMqt/GPA1/PPU_Gen_counter_active_power=18015,232
00:42:09.979 | SIM: mqtt1_gMqt/GPA1/T404=44,02105
00:42:09.979 | SIM: mqtt1_gMqt/GPA1/Hours=90000
00:42:09.979 | SIM: mqtt1_gMqt/GPA2/PPU_Gen_active_power=1176,8982
00:42:09.979 | SIM: mqtt1_gMqt/GPA2/PPU_Gen_counter_active_power=18015,18
00:42:09.980 | SIM: mqtt1_gMqt/GPA2/T404=46,20889
00:42:09.980 | SIM: mqtt1_gMqt/GPA2/Hours=90000
00:42:09.980 | SIM: mqtt1_gMqt/GPA3/PPU_Gen_active_power=1195,9818
00:42:09.980 | SIM: mqtt1_gMqt/GPA3/PPU_Gen_counter_active_power=18015,521
00:42:09.980 | SIM: mqtt1_gMqt/GPA3/T404=44,242104
00:42:09.981 | SIM: mqtt1_gMqt/GPA3/Hours=90000
00:42:09.981 | SIM: mqtt1_gMqt/GPA4/PPU_Gen_active_power=1227,2832
00:42:09.981 | SIM: mqtt1_gMqt/GPA4/PPU_Gen_counter_active_power=18015,531
00:42:09.981 | SIM: mqtt1_gMqt/GPA4/T404=44,599693
00:42:09.981 | SIM: mqtt1_gMqt/GPA4/Hours=90000
00:42:09.981 | SIM: mqtt1_gMqt/GPA5/PPU_Gen_active_power=1153,5125
00:42:09.982 | SIM: mqtt1_gMqt/GPA5/PPU_Gen_counter_active_power=18014,902
00:42:09.982 | SIM: mqtt1_gMqt/GPA5/T404=45,214233
00:42:09.982 | SIM: mqtt1_gMqt/GPA5/Hours=90000
00:42:09.982 | SIM: mqtt1_gMqt/GPA6/PPU_Gen_active_power=1196,2966
00:42:09.982 | SIM: mqtt1_gMqt/GPA6/PPU_Gen_counter_active_power=18015,486
00:42:09.983 | SIM: mqtt1_gMqt/GPA6/T404=45,097973
00:42:09.983 | SIM: mqtt1_gMqt/GPA6/Hours=90000
00:42:10.009 | STREAM: plc1_00001=True
00:42:10.009 | STREAM: plc1_00002=True
00:42:10.010 | STREAM: plc1_30035=0
00:42:10.010 | STREAM: plc1_40005=50
00:42:10.010 | STREAM: plc1_00010=False
00:42:10.010 | STREAM: plc1_00003=False
00:42:10.010 | STREAM: plc1_30031=0
00:42:10.011 | STREAM: plc1_40006=0
00:42:10.011 | STREAM: plc1_00004=False
00:42:10.011 | STREAM: plc1_30033=0
00:42:10.012 | STREAM: plc1_40007=0
00:42:10.012 | STREAM: plc1_30029=0
00:42:10.012 | STREAM: plc1_30025=1
00:42:10.012 | STREAM: plc1_30023=20,79051
00:42:10.012 | STREAM: plc1_00011=False
00:42:10.013 | STREAM: plc1_00006=False
00:42:10.013 | STREAM: plc1_40033=0
00:42:10.013 | STREAM: plc1_40025=0
00:42:10.013 | STREAM: plc1_00007=False
00:42:10.014 | STREAM: plc1_40027=0
00:42:10.014 | STREAM: plc1_00005=True
00:42:10.014 | STREAM: plc1_40029=0
00:42:10.014 | STREAM: plc1_40021=0
00:42:10.015 | STREAM: plc1_30027=0
00:42:10.513 | STREAM: plc1_00001=True
00:42:10.513 | STREAM: plc1_00002=True
00:42:10.513 | STREAM: plc1_30035=0
00:42:10.514 | STREAM: plc1_40005=50
00:42:10.514 | STREAM: plc1_00010=False
00:42:10.514 | STREAM: plc1_00003=False
00:42:10.515 | STREAM: plc1_30031=0
00:42:10.515 | STREAM: plc1_40006=0
00:42:10.515 | STREAM: plc1_00004=False
00:42:10.515 | STREAM: plc1_30033=0
00:42:10.516 | STREAM: plc1_40007=0
00:42:10.516 | STREAM: plc1_30029=0
00:42:10.516 | STREAM: plc1_30025=1
00:42:10.517 | STREAM: plc1_30023=20,795824
00:42:10.517 | STREAM: plc1_00011=False
00:42:10.517 | STREAM: plc1_00006=False
00:42:10.517 | STREAM: plc1_40033=0
00:42:10.518 | STREAM: plc1_40025=0
00:42:10.518 | STREAM: plc1_00007=False
00:42:10.518 | STREAM: plc1_40027=0
00:42:10.519 | STREAM: plc1_00005=True
00:42:10.519 | STREAM: plc1_40029=0
00:42:10.519 | STREAM: plc1_40021=0
00:42:10.521 | STREAM: plc1_30027=0
00:42:11.023 | STREAM: plc1_00001=True
00:42:11.024 | STREAM: plc1_00002=True
00:42:11.024 | STREAM: plc1_30035=0
00:42:11.024 | STREAM: plc1_40005=50
00:42:11.025 | STREAM: plc1_00010=False
00:42:11.025 | STREAM: plc1_00003=False
00:42:11.025 | STREAM: plc1_30031=0
00:42:11.025 | STREAM: plc1_40006=0
00:42:11.026 | STREAM: plc1_00004=False
00:42:11.026 | STREAM: plc1_30033=0
00:42:11.026 | STREAM: plc1_40007=0
00:42:11.027 | STREAM: plc1_30029=0
00:42:11.027 | STREAM: plc1_30025=1
00:42:11.027 | STREAM: plc1_30023=20,802164
00:42:11.027 | STREAM: plc1_00011=False
00:42:11.028 | STREAM: plc1_00006=False
00:42:11.028 | STREAM: plc1_40033=0
00:42:11.028 | STREAM: plc1_40025=0
00:42:11.028 | STREAM: plc1_00007=False
00:42:11.029 | STREAM: plc1_40027=0
00:42:11.029 | STREAM: plc1_00005=True
00:42:11.029 | STREAM: plc1_40029=0
00:42:11.029 | STREAM: plc1_40021=0
00:42:11.029 | STREAM: plc1_30027=0
00:42:11.054 | SIM: mqtt1_gMqt/ZAS/ZAS_Actual_Power=198,01357
00:42:11.054 | SIM: mqtt1_gMqt/GPA1/PPU_Gen_active_power=1158,8281
00:42:11.054 | SIM: mqtt1_gMqt/GPA1/PPU_Gen_counter_active_power=18015,555
00:42:11.055 | SIM: mqtt1_gMqt/GPA1/T404=44,189255
00:42:11.055 | SIM: mqtt1_gMqt/GPA1/Hours=90000
00:42:11.055 | SIM: mqtt1_gMqt/GPA2/PPU_Gen_active_power=1180,3483
00:42:11.055 | SIM: mqtt1_gMqt/GPA2/PPU_Gen_counter_active_power=18015,508
00:42:11.055 | SIM: mqtt1_gMqt/GPA2/T404=46,379837
00:42:11.055 | SIM: mqtt1_gMqt/GPA2/Hours=90000
00:42:11.056 | SIM: mqtt1_gMqt/GPA3/PPU_Gen_active_power=1188,7482
00:42:11.056 | SIM: mqtt1_gMqt/GPA3/PPU_Gen_counter_active_power=18015,852
00:42:11.056 | SIM: mqtt1_gMqt/GPA3/T404=44,39113
00:42:11.056 | SIM: mqtt1_gMqt/GPA3/Hours=90000
00:42:11.056 | SIM: mqtt1_gMqt/GPA4/PPU_Gen_active_power=1236,127
00:42:11.057 | SIM: mqtt1_gMqt/GPA4/PPU_Gen_counter_active_power=18015,875
00:42:11.057 | SIM: mqtt1_gMqt/GPA4/T404=44,56133
00:42:11.057 | SIM: mqtt1_gMqt/GPA4/Hours=90000
00:42:11.057 | SIM: mqtt1_gMqt/GPA5/PPU_Gen_active_power=1161,2449
00:42:11.057 | SIM: mqtt1_gMqt/GPA5/PPU_Gen_counter_active_power=18015,225
00:42:11.058 | SIM: mqtt1_gMqt/GPA5/T404=45,21511
00:42:11.058 | SIM: mqtt1_gMqt/GPA5/Hours=90000
00:42:11.058 | SIM: mqtt1_gMqt/GPA6/PPU_Gen_active_power=1187,0028
00:42:11.058 | SIM: mqtt1_gMqt/GPA6/PPU_Gen_counter_active_power=18015,816
00:42:11.058 | SIM: mqtt1_gMqt/GPA6/T404=45,287014
00:42:11.058 | SIM: mqtt1_gMqt/GPA6/Hours=90000
00:42:11.527 | STREAM: plc1_00001=True
00:42:11.527 | STREAM: plc1_00002=True
00:42:11.528 | STREAM: plc1_30035=0
00:42:11.528 | STREAM: plc1_40005=50
00:42:11.528 | STREAM: plc1_00010=False
00:42:11.529 | STREAM: plc1_00003=False
00:42:11.529 | STREAM: plc1_30031=0
00:42:11.529 | STREAM: plc1_40006=0
00:42:11.529 | STREAM: plc1_00004=False
00:42:11.530 | STREAM: plc1_30033=0
00:42:11.530 | STREAM: plc1_40007=0
00:42:11.530 | STREAM: plc1_30029=0
00:42:11.530 | STREAM: plc1_30025=1
00:42:11.531 | STREAM: plc1_30023=20,808718
00:42:11.531 | STREAM: plc1_00011=False
00:42:11.531 | STREAM: plc1_00006=False
00:42:11.531 | STREAM: plc1_40033=0
00:42:11.532 | STREAM: plc1_40025=0
00:42:11.532 | STREAM: plc1_00007=False
00:42:11.532 | STREAM: plc1_40027=0
00:42:11.533 | STREAM: plc1_00005=True
00:42:11.533 | STREAM: plc1_40029=0
00:42:11.533 | STREAM: plc1_40021=0
00:42:11.533 | STREAM: plc1_30027=0
00:42:12.027 | STREAM: plc1_00001=True
00:42:12.027 | STREAM: plc1_00002=True
00:42:12.027 | STREAM: plc1_30035=0
00:42:12.028 | STREAM: plc1_40005=50
00:42:12.028 | STREAM: plc1_00010=False
00:42:12.028 | STREAM: plc1_00003=False
00:42:12.028 | STREAM: plc1_30031=0
00:42:12.029 | STREAM: plc1_40006=0
00:42:12.029 | STREAM: plc1_00004=False
00:42:12.029 | STREAM: plc1_30033=0
00:42:12.029 | STREAM: plc1_40007=0
00:42:12.030 | STREAM: plc1_30029=0
00:42:12.030 | STREAM: plc1_30025=1
00:42:12.030 | STREAM: plc1_30023=20,813927
00:42:12.030 | STREAM: plc1_00011=False
00:42:12.030 | STREAM: plc1_00006=False
00:42:12.031 | STREAM: plc1_40033=0
00:42:12.031 | STREAM: plc1_40025=0
00:42:12.031 | STREAM: plc1_00007=False
00:42:12.031 | STREAM: plc1_40027=0
00:42:12.032 | STREAM: plc1_00005=True
00:42:12.032 | STREAM: plc1_40029=0
00:42:12.032 | STREAM: plc1_40021=0
00:42:12.032 | STREAM: plc1_30027=0
00:42:12.150 | SIM: mqtt1_gMqt/ZAS/ZAS_Actual_Power=198,36745
00:42:12.151 | SIM: mqtt1_gMqt/GPA1/PPU_Gen_active_power=1159,1355
00:42:12.151 | SIM: mqtt1_gMqt/GPA1/PPU_Gen_counter_active_power=18015,877
00:42:12.151 | SIM: mqtt1_gMqt/GPA1/T404=44,099518
00:42:12.151 | SIM: mqtt1_gMqt/GPA1/Hours=90000
00:42:12.151 | SIM: mqtt1_gMqt/GPA2/PPU_Gen_active_power=1179,2561
00:42:12.152 | SIM: mqtt1_gMqt/GPA2/PPU_Gen_counter_active_power=18015,836
00:42:12.152 | SIM: mqtt1_gMqt/GPA2/T404=46,397648
00:42:12.152 | SIM: mqtt1_gMqt/GPA2/Hours=90000
00:42:12.152 | SIM: mqtt1_gMqt/GPA3/PPU_Gen_active_power=1197,4583
00:42:12.152 | SIM: mqtt1_gMqt/GPA3/PPU_Gen_counter_active_power=18016,184
00:42:12.152 | SIM: mqtt1_gMqt/GPA3/T404=44,42686
00:42:12.153 | SIM: mqtt1_gMqt/GPA3/Hours=90000
00:42:12.153 | SIM: mqtt1_gMqt/GPA4/PPU_Gen_active_power=1231,4196
00:42:12.153 | SIM: mqtt1_gMqt/GPA4/PPU_Gen_counter_active_power=18016,217
00:42:12.153 | SIM: mqtt1_gMqt/GPA4/T404=44,687313
00:42:12.153 | SIM: mqtt1_gMqt/GPA4/Hours=90000
00:42:12.153 | SIM: mqtt1_gMqt/GPA5/PPU_Gen_active_power=1168,0238
00:42:12.154 | SIM: mqtt1_gMqt/GPA5/PPU_Gen_counter_active_power=18015,549
00:42:12.154 | SIM: mqtt1_gMqt/GPA5/T404=45,178772
00:42:12.154 | SIM: mqtt1_gMqt/GPA5/Hours=90000
00:42:12.154 | SIM: mqtt1_gMqt/GPA6/PPU_Gen_active_power=1186,1534
00:42:12.154 | SIM: mqtt1_gMqt/GPA6/PPU_Gen_counter_active_power=18016,146
00:42:12.155 | SIM: mqtt1_gMqt/GPA6/T404=45,257767
00:42:12.155 | SIM: mqtt1_gMqt/GPA6/Hours=90000
00:42:12.541 | STREAM: plc1_00001=True
00:42:12.542 | STREAM: plc1_00002=True
00:42:12.542 | STREAM: plc1_30035=0
00:42:12.542 | STREAM: plc1_40005=50
00:42:12.542 | STREAM: plc1_00010=False
00:42:12.543 | STREAM: plc1_00003=False
00:42:12.543 | STREAM: plc1_30031=0
00:42:12.543 | STREAM: plc1_40006=0
00:42:12.544 | STREAM: plc1_00004=False
00:42:12.544 | STREAM: plc1_30033=0
00:42:12.544 | STREAM: plc1_40007=0
00:42:12.545 | STREAM: plc1_30029=0
00:42:12.545 | STREAM: plc1_30025=1
00:42:12.545 | STREAM: plc1_30023=20,820395
00:42:12.545 | STREAM: plc1_00011=False
00:42:12.546 | STREAM: plc1_00006=False
00:42:12.546 | STREAM: plc1_40033=0
00:42:12.546 | STREAM: plc1_40025=0
00:42:12.547 | STREAM: plc1_00007=False
00:42:12.547 | STREAM: plc1_40027=0
00:42:12.547 | STREAM: plc1_00005=True
00:42:12.547 | STREAM: plc1_40029=0
00:42:12.548 | STREAM: plc1_40021=0
00:42:12.548 | STREAM: plc1_30027=0
00:42:13.057 | STREAM: plc1_00001=True
00:42:13.058 | STREAM: plc1_00002=True
00:42:13.059 | STREAM: plc1_30035=0
00:42:13.059 | STREAM: plc1_40005=50
00:42:13.059 | STREAM: plc1_00010=False
00:42:13.060 | STREAM: plc1_00003=False
00:42:13.060 | STREAM: plc1_30031=0
00:42:13.060 | STREAM: plc1_40006=0
00:42:13.061 | STREAM: plc1_00004=False
00:42:13.061 | STREAM: plc1_30033=0
00:42:13.061 | STREAM: plc1_40007=0
00:42:13.061 | STREAM: plc1_30029=0
00:42:13.062 | STREAM: plc1_30025=1
00:42:13.062 | STREAM: plc1_30023=20,826836
00:42:13.062 | STREAM: plc1_00011=False
00:42:13.062 | STREAM: plc1_00006=False
00:42:13.063 | STREAM: plc1_40033=0
00:42:13.063 | STREAM: plc1_40025=0
00:42:13.063 | STREAM: plc1_00007=False
00:42:13.064 | STREAM: plc1_40027=0
00:42:13.064 | STREAM: plc1_00005=True
00:42:13.064 | STREAM: plc1_40029=0
00:42:13.064 | STREAM: plc1_40021=0
00:42:13.065 | STREAM: plc1_30027=0
00:42:13.245 | SIM: mqtt1_gMqt/ZAS/ZAS_Actual_Power=198,22226
00:42:13.245 | SIM: mqtt1_gMqt/GPA1/PPU_Gen_active_power=1151,3866
00:42:13.245 | SIM: mqtt1_gMqt/GPA1/PPU_Gen_counter_active_power=18016,197
00:42:13.246 | SIM: mqtt1_gMqt/GPA1/T404=43,91861
00:42:13.246 | SIM: mqtt1_gMqt/GPA1/Hours=90000
00:42:13.246 | SIM: mqtt1_gMqt/GPA2/PPU_Gen_active_power=1171,3909
00:42:13.246 | SIM: mqtt1_gMqt/GPA2/PPU_Gen_counter_active_power=18016,162
00:42:13.246 | SIM: mqtt1_gMqt/GPA2/T404=46,556858
00:42:13.246 | SIM: mqtt1_gMqt/GPA2/Hours=90000
00:42:13.247 | SIM: mqtt1_gMqt/GPA3/PPU_Gen_active_power=1201,2874
00:42:13.247 | SIM: mqtt1_gMqt/GPA3/PPU_Gen_counter_active_power=18016,518
00:42:13.247 | SIM: mqtt1_gMqt/GPA3/T404=44,541595
00:42:13.247 | SIM: mqtt1_gMqt/GPA3/Hours=90000
00:42:13.247 | SIM: mqtt1_gMqt/GPA4/PPU_Gen_active_power=1229,3698
00:42:13.247 | SIM: mqtt1_gMqt/GPA4/PPU_Gen_counter_active_power=18016,559
00:42:13.248 | SIM: mqtt1_gMqt/GPA4/T404=44,64223
00:42:13.248 | SIM: mqtt1_gMqt/GPA4/Hours=90000
00:42:13.248 | SIM: mqtt1_gMqt/GPA5/PPU_Gen_active_power=1159,2354
00:42:13.248 | SIM: mqtt1_gMqt/GPA5/PPU_Gen_counter_active_power=18015,871
00:42:13.248 | SIM: mqtt1_gMqt/GPA5/T404=45,057137
00:42:13.248 | SIM: mqtt1_gMqt/GPA5/Hours=90000
00:42:13.248 | SIM: mqtt1_gMqt/GPA6/PPU_Gen_active_power=1188,4247
00:42:13.249 | SIM: mqtt1_gMqt/GPA6/PPU_Gen_counter_active_power=18016,477
00:42:13.249 | SIM: mqtt1_gMqt/GPA6/T404=45,12771
00:42:13.249 | SIM: mqtt1_gMqt/GPA6/Hours=90000
00:42:13.571 | STREAM: plc1_00001=True
00:42:13.572 | STREAM: plc1_00002=True
00:42:13.572 | STREAM: plc1_30035=0
00:42:13.573 | STREAM: plc1_40005=50
00:42:13.573 | STREAM: plc1_00010=False
00:42:13.573 | STREAM: plc1_00003=False
00:42:13.574 | STREAM: plc1_30031=0
00:42:13.574 | STREAM: plc1_40006=0
00:42:13.574 | STREAM: plc1_00004=False
00:42:13.575 | STREAM: plc1_30033=0
00:42:13.575 | STREAM: plc1_40007=0
00:42:13.575 | STREAM: plc1_30029=0
00:42:13.576 | STREAM: plc1_30025=1
00:42:13.576 | STREAM: plc1_30023=20,83322
00:42:13.576 | STREAM: plc1_00011=False
00:42:13.577 | STREAM: plc1_00006=False
00:42:13.577 | STREAM: plc1_40033=0
00:42:13.577 | STREAM: plc1_40025=0
00:42:13.577 | STREAM: plc1_00007=False
00:42:13.578 | STREAM: plc1_40027=0
00:42:13.578 | STREAM: plc1_00005=True
00:42:13.578 | STREAM: plc1_40029=0
00:42:13.579 | STREAM: plc1_40021=0
00:42:13.579 | STREAM: plc1_30027=0
00:42:14.072 | STREAM: plc1_00001=True
00:42:14.072 | STREAM: plc1_00002=True
00:42:14.072 | STREAM: plc1_30035=0
00:42:14.073 | STREAM: plc1_40005=50
00:42:14.073 | STREAM: plc1_00010=False
00:42:14.073 | STREAM: plc1_00003=False
00:42:14.074 | STREAM: plc1_30031=0
00:42:14.074 | STREAM: plc1_40006=0
00:42:14.074 | STREAM: plc1_00004=False
00:42:14.074 | STREAM: plc1_30033=0
00:42:14.075 | STREAM: plc1_40007=0
00:42:14.075 | STREAM: plc1_30029=0
00:42:14.075 | STREAM: plc1_30025=1
00:42:14.075 | STREAM: plc1_30023=20,838314
00:42:14.076 | STREAM: plc1_00011=False
00:42:14.076 | STREAM: plc1_00006=False
00:42:14.076 | STREAM: plc1_40033=0
00:42:14.076 | STREAM: plc1_40025=0
00:42:14.076 | STREAM: plc1_00007=False
00:42:14.077 | STREAM: plc1_40027=0
00:42:14.077 | STREAM: plc1_00005=True
00:42:14.077 | STREAM: plc1_40029=0
00:42:14.077 | STREAM: plc1_40021=0
00:42:14.078 | STREAM: plc1_30027=0
00:42:14.336 | SIM: mqtt1_gMqt/ZAS/ZAS_Actual_Power=197,03241
00:42:14.336 | SIM: mqtt1_gMqt/GPA1/PPU_Gen_active_power=1161,1652
00:42:14.336 | SIM: mqtt1_gMqt/GPA1/PPU_Gen_counter_active_power=18016,52
00:42:14.336 | SIM: mqtt1_gMqt/GPA1/T404=44,023052
00:42:14.337 | SIM: mqtt1_gMqt/GPA1/Hours=90000
00:42:14.337 | SIM: mqtt1_gMqt/GPA2/PPU_Gen_active_power=1164,8546
00:42:14.337 | SIM: mqtt1_gMqt/GPA2/PPU_Gen_counter_active_power=18016,486
00:42:14.337 | SIM: mqtt1_gMqt/GPA2/T404=46,31047
00:42:14.337 | SIM: mqtt1_gMqt/GPA2/Hours=90000
00:42:14.337 | SIM: mqtt1_gMqt/GPA3/PPU_Gen_active_power=1203,2986
00:42:14.338 | SIM: mqtt1_gMqt/GPA3/PPU_Gen_counter_active_power=18016,852
00:42:14.338 | SIM: mqtt1_gMqt/GPA3/T404=44,628445
00:42:14.338 | SIM: mqtt1_gMqt/GPA3/Hours=90000
00:42:14.338 | SIM: mqtt1_gMqt/GPA4/PPU_Gen_active_power=1221,4486
00:42:14.338 | SIM: mqtt1_gMqt/GPA4/PPU_Gen_counter_active_power=18016,898
00:42:14.338 | SIM: mqtt1_gMqt/GPA4/T404=44,703373
00:42:14.338 | SIM: mqtt1_gMqt/GPA4/Hours=90000
00:42:14.339 | SIM: mqtt1_gMqt/GPA5/PPU_Gen_active_power=1155,6119
00:42:14.339 | SIM: mqtt1_gMqt/GPA5/PPU_Gen_counter_active_power=18016,191
00:42:14.339 | SIM: mqtt1_gMqt/GPA5/T404=44,86889
00:42:14.339 | SIM: mqtt1_gMqt/GPA5/Hours=90000
00:42:14.339 | SIM: mqtt1_gMqt/GPA6/PPU_Gen_active_power=1194,5082
00:42:14.340 | SIM: mqtt1_gMqt/GPA6/PPU_Gen_counter_active_power=18016,809
00:42:14.340 | SIM: mqtt1_gMqt/GPA6/T404=44,99276
00:42:14.340 | SIM: mqtt1_gMqt/GPA6/Hours=90000
00:42:14.572 | STREAM: plc1_00001=True
00:42:14.572 | STREAM: plc1_00002=True
00:42:14.573 | STREAM: plc1_30035=0
00:42:14.573 | STREAM: plc1_40005=50
00:42:14.573 | STREAM: plc1_00010=False
00:42:14.573 | STREAM: plc1_00003=False
00:42:14.574 | STREAM: plc1_30031=0
00:42:14.574 | STREAM: plc1_40006=0
00:42:14.574 | STREAM: plc1_00004=False
00:42:14.574 | STREAM: plc1_30033=0
00:42:14.575 | STREAM: plc1_40007=0
00:42:14.575 | STREAM: plc1_30029=0
00:42:14.575 | STREAM: plc1_30025=1
00:42:14.576 | STREAM: plc1_30023=20,84466
00:42:14.576 | STREAM: plc1_00011=False
00:42:14.576 | STREAM: plc1_00006=False
00:42:14.577 | STREAM: plc1_40033=0
00:42:14.577 | STREAM: plc1_40025=0
00:42:14.577 | STREAM: plc1_00007=False
00:42:14.577 | STREAM: plc1_40027=0
00:42:14.577 | STREAM: plc1_00005=True
00:42:14.578 | STREAM: plc1_40029=0
00:42:14.578 | STREAM: plc1_40021=0
00:42:14.578 | STREAM: plc1_30027=0
00:42:15.088 | STREAM: plc1_00001=True
00:42:15.088 | STREAM: plc1_00002=True
00:42:15.089 | STREAM: plc1_30035=0
00:42:15.089 | STREAM: plc1_40005=50
00:42:15.089 | STREAM: plc1_00010=False
00:42:15.090 | STREAM: plc1_00003=False
00:42:15.090 | STREAM: plc1_30031=0
00:42:15.090 | STREAM: plc1_40006=0
00:42:15.090 | STREAM: plc1_00004=False
00:42:15.091 | STREAM: plc1_30033=0
00:42:15.091 | STREAM: plc1_40007=0
00:42:15.091 | STREAM: plc1_30029=0
00:42:15.092 | STREAM: plc1_30025=1
00:42:15.092 | STREAM: plc1_30023=20,849716
00:42:15.092 | STREAM: plc1_00011=False
00:42:15.092 | STREAM: plc1_00006=False
00:42:15.093 | STREAM: plc1_40033=0
00:42:15.093 | STREAM: plc1_40025=0
00:42:15.093 | STREAM: plc1_00007=False
00:42:15.094 | STREAM: plc1_40027=0
00:42:15.094 | STREAM: plc1_00005=True
00:42:15.094 | STREAM: plc1_40029=0
00:42:15.094 | STREAM: plc1_40021=0
00:42:15.095 | STREAM: plc1_30027=0
00:42:15.430 | SIM: mqtt1_gMqt/ZAS/ZAS_Actual_Power=196,41072
00:42:15.431 | SIM: mqtt1_gMqt/GPA1/PPU_Gen_active_power=1166,077
00:42:15.431 | SIM: mqtt1_gMqt/GPA1/PPU_Gen_counter_active_power=18016,844
00:42:15.431 | SIM: mqtt1_gMqt/GPA1/T404=44,105713
00:42:15.432 | SIM: mqtt1_gMqt/GPA1/Hours=90000
00:42:15.432 | SIM: mqtt1_gMqt/GPA2/PPU_Gen_active_power=1159,9767
00:42:15.432 | SIM: mqtt1_gMqt/GPA2/PPU_Gen_counter_active_power=18016,809
00:42:15.432 | SIM: mqtt1_gMqt/GPA2/T404=46,29467
00:42:15.432 | SIM: mqtt1_gMqt/GPA2/Hours=90000
00:42:15.432 | SIM: mqtt1_gMqt/GPA3/PPU_Gen_active_power=1209,7104
00:42:15.432 | SIM: mqtt1_gMqt/GPA3/PPU_Gen_counter_active_power=18017,188
00:42:15.433 | SIM: mqtt1_gMqt/GPA3/T404=44,476776
00:42:15.433 | SIM: mqtt1_gMqt/GPA3/Hours=90000
00:42:15.433 | SIM: mqtt1_gMqt/GPA4/PPU_Gen_active_power=1226,5237
00:42:15.433 | SIM: mqtt1_gMqt/GPA4/PPU_Gen_counter_active_power=18017,238
00:42:15.433 | SIM: mqtt1_gMqt/GPA4/T404=44,848583
00:42:15.434 | SIM: mqtt1_gMqt/GPA4/Hours=90000
00:42:15.434 | SIM: mqtt1_gMqt/GPA5/PPU_Gen_active_power=1154,0806
00:42:15.434 | SIM: mqtt1_gMqt/GPA5/PPU_Gen_counter_active_power=18016,512
00:42:15.434 | SIM: mqtt1_gMqt/GPA5/T404=44,745457
00:42:15.434 | SIM: mqtt1_gMqt/GPA5/Hours=90000
00:42:15.435 | SIM: mqtt1_gMqt/GPA6/PPU_Gen_active_power=1200,3052
00:42:15.435 | SIM: mqtt1_gMqt/GPA6/PPU_Gen_counter_active_power=18017,143
00:42:15.435 | SIM: mqtt1_gMqt/GPA6/T404=45,092236
00:42:15.435 | SIM: mqtt1_gMqt/GPA6/Hours=90000
00:42:15.602 | STREAM: plc1_00001=True
00:42:15.603 | STREAM: plc1_00002=True
00:42:15.603 | STREAM: plc1_30035=0
00:42:15.604 | STREAM: plc1_40005=50
00:42:15.604 | STREAM: plc1_00010=False
00:42:15.604 | STREAM: plc1_00003=False
00:42:15.604 | STREAM: plc1_30031=0
00:42:15.605 | STREAM: plc1_40006=0
00:42:15.605 | STREAM: plc1_00004=False
00:42:15.605 | STREAM: plc1_30033=0
00:42:15.605 | STREAM: plc1_40007=0
00:42:15.606 | STREAM: plc1_30029=0
00:42:15.606 | STREAM: plc1_30025=1
00:42:15.606 | STREAM: plc1_30023=20,85598
00:42:15.606 | STREAM: plc1_00011=False
00:42:15.607 | STREAM: plc1_00006=False
00:42:15.607 | STREAM: plc1_40033=0
00:42:15.607 | STREAM: plc1_40025=0
00:42:15.607 | STREAM: plc1_00007=False
00:42:15.608 | STREAM: plc1_40027=0
00:42:15.608 | STREAM: plc1_00005=True
00:42:15.608 | STREAM: plc1_40029=0
00:42:15.608 | STREAM: plc1_40021=0
00:42:15.609 | STREAM: plc1_30027=0
00:42:16.102 | STREAM: plc1_00001=True
00:42:16.103 | STREAM: plc1_00002=True
00:42:16.103 | STREAM: plc1_30035=0
00:42:16.104 | STREAM: plc1_40005=50
00:42:16.104 | STREAM: plc1_00010=False
00:42:16.104 | STREAM: plc1_00003=False
00:42:16.104 | STREAM: plc1_30031=0
00:42:16.105 | STREAM: plc1_40006=0
00:42:16.105 | STREAM: plc1_00004=False
00:42:16.105 | STREAM: plc1_30033=0
00:42:16.105 | STREAM: plc1_40007=0
00:42:16.105 | STREAM: plc1_30029=0
00:42:16.106 | STREAM: plc1_30025=1
00:42:16.106 | STREAM: plc1_30023=20,86222
00:42:16.106 | STREAM: plc1_00011=False
00:42:16.106 | STREAM: plc1_00006=False
00:42:16.107 | STREAM: plc1_40033=0
00:42:16.107 | STREAM: plc1_40025=0
00:42:16.107 | STREAM: plc1_00007=False
00:42:16.107 | STREAM: plc1_40027=0
00:42:16.108 | STREAM: plc1_00005=True
00:42:16.108 | STREAM: plc1_40029=0
00:42:16.108 | STREAM: plc1_40021=0
00:42:16.108 | STREAM: plc1_30027=0
00:42:16.524 | SIM: mqtt1_gMqt/ZAS/ZAS_Actual_Power=198,61601
00:42:16.525 | SIM: mqtt1_gMqt/GPA1/PPU_Gen_active_power=1173,125
00:42:16.525 | SIM: mqtt1_gMqt/GPA1/PPU_Gen_counter_active_power=18017,17
00:42:16.525 | SIM: mqtt1_gMqt/GPA1/T404=44,332584
00:42:16.526 | SIM: mqtt1_gMqt/GPA1/Hours=90000
00:42:16.526 | SIM: mqtt1_gMqt/GPA2/PPU_Gen_active_power=1152,7181
00:42:16.526 | SIM: mqtt1_gMqt/GPA2/PPU_Gen_counter_active_power=18017,129
00:42:16.526 | SIM: mqtt1_gMqt/GPA2/T404=46,0937
00:42:16.526 | SIM: mqtt1_gMqt/GPA2/Hours=90000
00:42:16.527 | SIM: mqtt1_gMqt/GPA3/PPU_Gen_active_power=1216,5447
00:42:16.527 | SIM: mqtt1_gMqt/GPA3/PPU_Gen_counter_active_power=18017,525
00:42:16.527 | SIM: mqtt1_gMqt/GPA3/T404=44,577587
00:42:16.527 | SIM: mqtt1_gMqt/GPA3/Hours=90000
00:42:16.527 | SIM: mqtt1_gMqt/GPA4/PPU_Gen_active_power=1217,1555
00:42:16.527 | SIM: mqtt1_gMqt/GPA4/PPU_Gen_counter_active_power=18017,576
00:42:16.527 | SIM: mqtt1_gMqt/GPA4/T404=45,0848
00:42:16.528 | SIM: mqtt1_gMqt/GPA4/Hours=90000
00:42:16.528 | SIM: mqtt1_gMqt/GPA5/PPU_Gen_active_power=1157,2758
00:42:16.528 | SIM: mqtt1_gMqt/GPA5/PPU_Gen_counter_active_power=18016,834
00:42:16.528 | SIM: mqtt1_gMqt/GPA5/T404=44,98882
00:42:16.528 | SIM: mqtt1_gMqt/GPA5/Hours=90000
00:42:16.528 | SIM: mqtt1_gMqt/GPA6/PPU_Gen_active_power=1209,3112
00:42:16.528 | SIM: mqtt1_gMqt/GPA6/PPU_Gen_counter_active_power=18017,479
00:42:16.528 | SIM: mqtt1_gMqt/GPA6/T404=45,249447
00:42:16.528 | SIM: mqtt1_gMqt/GPA6/Hours=90000
00:42:16.603 | STREAM: plc1_00001=True
00:42:16.604 | STREAM: plc1_00002=False
00:42:16.604 | STREAM: plc1_30035=0
00:42:16.604 | STREAM: plc1_40005=50
00:42:16.604 | STREAM: plc1_00010=False
00:42:16.605 | STREAM: plc1_00003=False
00:42:16.605 | STREAM: plc1_30031=0
00:42:16.605 | STREAM: plc1_40006=0
00:42:16.605 | STREAM: plc1_00004=False
00:42:16.605 | STREAM: plc1_30033=0
00:42:16.606 | STREAM: plc1_40007=0
00:42:16.606 | STREAM: plc1_30029=0
00:42:16.606 | STREAM: plc1_30025=1
00:42:16.606 | STREAM: plc1_30023=20,867193
00:42:16.607 | STREAM: plc1_00011=False
00:42:16.607 | STREAM: plc1_00006=False
00:42:16.607 | STREAM: plc1_40033=0
00:42:16.607 | STREAM: plc1_40025=0
00:42:16.608 | STREAM: plc1_00007=False
00:42:16.608 | STREAM: plc1_40027=0
00:42:16.608 | STREAM: plc1_00005=True
00:42:16.608 | STREAM: plc1_40029=0
00:42:16.609 | STREAM: plc1_40021=0
00:42:16.609 | STREAM: plc1_30027=0
00:42:17.104 | STREAM: plc1_00001=True
00:42:17.104 | STREAM: plc1_00002=False
00:42:17.105 | STREAM: plc1_30035=0
00:42:17.105 | STREAM: plc1_40005=50
00:42:17.105 | STREAM: plc1_00010=False
00:42:17.105 | STREAM: plc1_00003=False
00:42:17.106 | STREAM: plc1_30031=0
00:42:17.106 | STREAM: plc1_40006=0
00:42:17.106 | STREAM: plc1_00004=False
00:42:17.107 | STREAM: plc1_30033=0
00:42:17.107 | STREAM: plc1_40007=0
00:42:17.107 | STREAM: plc1_30029=0
00:42:17.107 | STREAM: plc1_30025=1
00:42:17.108 | STREAM: plc1_30023=20,873384
00:42:17.108 | STREAM: plc1_00011=False
00:42:17.108 | STREAM: plc1_00006=False
00:42:17.108 | STREAM: plc1_40033=0
00:42:17.108 | STREAM: plc1_40025=0
00:42:17.109 | STREAM: plc1_00007=False
00:42:17.109 | STREAM: plc1_40027=0
00:42:17.109 | STREAM: plc1_00005=True
00:42:17.109 | STREAM: plc1_40029=0
00:42:17.110 | STREAM: plc1_40021=0
00:42:17.110 | STREAM: plc1_30027=0
00:42:17.608 | STREAM: plc1_00001=True
00:42:17.608 | STREAM: plc1_00002=False
00:42:17.609 | STREAM: plc1_30035=0
00:42:17.609 | STREAM: plc1_40005=50
00:42:17.609 | STREAM: plc1_00010=False
00:42:17.609 | STREAM: plc1_00003=False
00:42:17.609 | STREAM: plc1_30031=0
00:42:17.610 | STREAM: plc1_40006=0
00:42:17.610 | STREAM: plc1_00004=False
00:42:17.610 | STREAM: plc1_30033=0
00:42:17.610 | STREAM: plc1_40007=0
00:42:17.611 | STREAM: plc1_30029=0
00:42:17.611 | STREAM: plc1_30025=1
00:42:17.611 | STREAM: plc1_30023=20,878345
00:42:17.611 | STREAM: plc1_00011=False
00:42:17.612 | STREAM: plc1_00006=False
00:42:17.612 | STREAM: plc1_40033=0
00:42:17.612 | STREAM: plc1_40025=0
00:42:17.612 | STREAM: plc1_00007=False
00:42:17.613 | STREAM: plc1_40027=0
00:42:17.613 | STREAM: plc1_00005=True
00:42:17.613 | STREAM: plc1_40029=0
00:42:17.613 | STREAM: plc1_40021=0
00:42:17.613 | STREAM: plc1_30027=0
00:42:17.623 | SIM: mqtt1_gMqt/ZAS/ZAS_Actual_Power=200,07138
00:42:17.623 | SIM: mqtt1_gMqt/GPA1/PPU_Gen_active_power=1163,2999
00:42:17.623 | SIM: mqtt1_gMqt/GPA1/PPU_Gen_counter_active_power=18017,492
00:42:17.624 | SIM: mqtt1_gMqt/GPA1/T404=44,243496
00:42:17.624 | SIM: mqtt1_gMqt/GPA1/Hours=90000
00:42:17.624 | SIM: mqtt1_gMqt/GPA2/PPU_Gen_active_power=1145,0486
00:42:17.624 | SIM: mqtt1_gMqt/GPA2/PPU_Gen_counter_active_power=18017,447
00:42:17.624 | SIM: mqtt1_gMqt/GPA2/T404=46,14133
00:42:17.625 | SIM: mqtt1_gMqt/GPA2/Hours=90000
00:42:17.625 | SIM: mqtt1_gMqt/GPA3/PPU_Gen_active_power=1214,133
00:42:17.625 | SIM: mqtt1_gMqt/GPA3/PPU_Gen_counter_active_power=18017,863
00:42:17.625 | SIM: mqtt1_gMqt/GPA3/T404=44,59258
00:42:17.625 | SIM: mqtt1_gMqt/GPA3/Hours=90000
00:42:17.625 | SIM: mqtt1_gMqt/GPA4/PPU_Gen_active_power=1207,1586
00:42:17.626 | SIM: mqtt1_gMqt/GPA4/PPU_Gen_counter_active_power=18017,912
00:42:17.626 | SIM: mqtt1_gMqt/GPA4/T404=45,121128
00:42:17.626 | SIM: mqtt1_gMqt/GPA4/Hours=90000
00:42:17.626 | SIM: mqtt1_gMqt/GPA5/PPU_Gen_active_power=1167,0963
00:42:17.626 | SIM: mqtt1_gMqt/GPA5/PPU_Gen_counter_active_power=18017,158
00:42:17.626 | SIM: mqtt1_gMqt/GPA5/T404=45,03771
00:42:17.627 | SIM: mqtt1_gMqt/GPA5/Hours=90000
00:42:17.627 | SIM: mqtt1_gMqt/GPA6/PPU_Gen_active_power=1219,2332
00:42:17.627 | SIM: mqtt1_gMqt/GPA6/PPU_Gen_counter_active_power=18017,816
00:42:17.627 | SIM: mqtt1_gMqt/GPA6/T404=45,049
00:42:17.627 | SIM: mqtt1_gMqt/GPA6/Hours=90000
00:42:18.110 | STREAM: plc1_00001=True
00:42:18.111 | STREAM: plc1_00002=False
00:42:18.111 | STREAM: plc1_30035=0
00:42:18.111 | STREAM: plc1_40005=50
00:42:18.112 | STREAM: plc1_00010=False
00:42:18.112 | STREAM: plc1_00003=False
00:42:18.112 | STREAM: plc1_30031=0
00:42:18.112 | STREAM: plc1_40006=0
00:42:18.113 | STREAM: plc1_00004=False
00:42:18.113 | STREAM: plc1_30033=0
00:42:18.113 | STREAM: plc1_40007=0
00:42:18.114 | STREAM: plc1_30029=0
00:42:18.114 | STREAM: plc1_30025=1
00:42:18.114 | STREAM: plc1_30023=20,884487
00:42:18.114 | STREAM: plc1_00011=False
00:42:18.115 | STREAM: plc1_00006=False
00:42:18.115 | STREAM: plc1_40033=0
00:42:18.115 | STREAM: plc1_40025=0
00:42:18.116 | STREAM: plc1_00007=False
00:42:18.116 | STREAM: plc1_40027=0
00:42:18.116 | STREAM: plc1_00005=True
00:42:18.117 | STREAM: plc1_40029=0
00:42:18.117 | STREAM: plc1_40021=0
00:42:18.117 | STREAM: plc1_30027=0
00:42:18.612 | STREAM: plc1_00001=True
00:42:18.612 | STREAM: plc1_00002=False
00:42:18.613 | STREAM: plc1_30035=0
00:42:18.613 | STREAM: plc1_40005=50
00:42:18.613 | STREAM: plc1_00010=False
00:42:18.614 | STREAM: plc1_00003=False
00:42:18.614 | STREAM: plc1_30031=0
00:42:18.614 | STREAM: plc1_40006=0
00:42:18.615 | STREAM: plc1_00004=False
00:42:18.615 | STREAM: plc1_30033=0
00:42:18.615 | STREAM: plc1_40007=0
00:42:18.615 | STREAM: plc1_30029=0
00:42:18.616 | STREAM: plc1_30025=1
00:42:18.616 | STREAM: plc1_30023=20,890604
00:42:18.616 | STREAM: plc1_00011=False
00:42:18.616 | STREAM: plc1_00006=False
00:42:18.617 | STREAM: plc1_40033=0
00:42:18.617 | STREAM: plc1_40025=0
00:42:18.617 | STREAM: plc1_00007=False
00:42:18.618 | STREAM: plc1_40027=0
00:42:18.618 | STREAM: plc1_00005=True
00:42:18.618 | STREAM: plc1_40029=0
00:42:18.618 | STREAM: plc1_40021=0
00:42:18.619 | STREAM: plc1_30027=0
00:42:18.724 | SIM: mqtt1_gMqt/ZAS/ZAS_Actual_Power=198,99432
00:42:18.724 | SIM: mqtt1_gMqt/GPA1/PPU_Gen_active_power=1163,2941
00:42:18.724 | SIM: mqtt1_gMqt/GPA1/PPU_Gen_counter_active_power=18017,814
00:42:18.725 | SIM: mqtt1_gMqt/GPA1/T404=44,430225
00:42:18.725 | SIM: mqtt1_gMqt/GPA1/Hours=90000
00:42:18.725 | SIM: mqtt1_gMqt/GPA2/PPU_Gen_active_power=1135,9164
00:42:18.725 | SIM: mqtt1_gMqt/GPA2/PPU_Gen_counter_active_power=18017,764
00:42:18.725 | SIM: mqtt1_gMqt/GPA2/T404=45,94241
00:42:18.726 | SIM: mqtt1_gMqt/GPA2/Hours=90000
00:42:18.726 | SIM: mqtt1_gMqt/GPA3/PPU_Gen_active_power=1211,4907
00:42:18.726 | SIM: mqtt1_gMqt/GPA3/PPU_Gen_counter_active_power=18018,2
00:42:18.726 | SIM: mqtt1_gMqt/GPA3/T404=44,677906
00:42:18.726 | SIM: mqtt1_gMqt/GPA3/Hours=90000
00:42:18.726 | SIM: mqtt1_gMqt/GPA4/PPU_Gen_active_power=1216,0476
00:42:18.726 | SIM: mqtt1_gMqt/GPA4/PPU_Gen_counter_active_power=18018,25
00:42:18.727 | SIM: mqtt1_gMqt/GPA4/T404=44,915398
00:42:18.727 | SIM: mqtt1_gMqt/GPA4/Hours=90000
00:42:18.727 | SIM: mqtt1_gMqt/GPA5/PPU_Gen_active_power=1171,0238
00:42:18.727 | SIM: mqtt1_gMqt/GPA5/PPU_Gen_counter_active_power=18017,484
00:42:18.727 | SIM: mqtt1_gMqt/GPA5/T404=44,995132
00:42:18.727 | SIM: mqtt1_gMqt/GPA5/Hours=90000
00:42:18.728 | SIM: mqtt1_gMqt/GPA6/PPU_Gen_active_power=1223,9231
00:42:18.728 | SIM: mqtt1_gMqt/GPA6/PPU_Gen_counter_active_power=18018,156
00:42:18.728 | SIM: mqtt1_gMqt/GPA6/T404=44,799915
00:42:18.728 | SIM: mqtt1_gMqt/GPA6/Hours=90000
00:42:19.114 | STREAM: plc1_00001=True
00:42:19.115 | STREAM: plc1_00002=False
00:42:19.115 | STREAM: plc1_30035=0
00:42:19.115 | STREAM: plc1_40005=50
00:42:19.116 | STREAM: plc1_00010=False
00:42:19.116 | STREAM: plc1_00003=False
00:42:19.116 | STREAM: plc1_30031=0
00:42:19.117 | STREAM: plc1_40006=0
00:42:19.117 | STREAM: plc1_00004=False
00:42:19.117 | STREAM: plc1_30033=0
00:42:19.117 | STREAM: plc1_40007=0
00:42:19.118 | STREAM: plc1_30029=0
00:42:19.118 | STREAM: plc1_30025=1
00:42:19.119 | STREAM: plc1_30023=20,895477
00:42:19.119 | STREAM: plc1_00011=False
00:42:19.119 | STREAM: plc1_00006=False
00:42:19.119 | STREAM: plc1_40033=0
00:42:19.120 | STREAM: plc1_40025=0
00:42:19.120 | STREAM: plc1_00007=False
00:42:19.120 | STREAM: plc1_40027=0
00:42:19.120 | STREAM: plc1_00005=True
00:42:19.121 | STREAM: plc1_40029=0
00:42:19.121 | STREAM: plc1_40021=0
00:42:19.121 | STREAM: plc1_30027=0
00:42:19.614 | STREAM: plc1_00001=True
00:42:19.615 | STREAM: plc1_00002=False
00:42:19.615 | STREAM: plc1_30035=0
00:42:19.615 | STREAM: plc1_40005=50
00:42:19.616 | STREAM: plc1_00010=False
00:42:19.616 | STREAM: plc1_00003=False
00:42:19.616 | STREAM: plc1_30031=0
00:42:19.616 | STREAM: plc1_40006=0
00:42:19.617 | STREAM: plc1_00004=False
00:42:19.617 | STREAM: plc1_30033=0
00:42:19.617 | STREAM: plc1_40007=0
00:42:19.623 | STREAM: plc1_30029=0
00:42:19.624 | STREAM: plc1_30025=1
00:42:19.625 | STREAM: plc1_30023=20,901506
00:42:19.625 | STREAM: plc1_00011=False
00:42:19.626 | STREAM: plc1_00006=False
00:42:19.626 | STREAM: plc1_40033=0
00:42:19.626 | STREAM: plc1_40025=0
00:42:19.626 | STREAM: plc1_00007=False
00:42:19.627 | STREAM: plc1_40027=0
00:42:19.627 | STREAM: plc1_00005=True
00:42:19.627 | STREAM: plc1_40029=0
00:42:19.628 | STREAM: plc1_40021=0
00:42:19.628 | STREAM: plc1_30027=0
00:42:19.823 | SIM: mqtt1_gMqt/ZAS/ZAS_Actual_Power=200,53636
00:42:19.823 | SIM: mqtt1_gMqt/GPA1/PPU_Gen_active_power=1155,2832
00:42:19.823 | SIM: mqtt1_gMqt/GPA1/PPU_Gen_counter_active_power=18018,135
00:42:19.824 | SIM: mqtt1_gMqt/GPA1/T404=44,294376
00:42:19.824 | SIM: mqtt1_gMqt/GPA1/Hours=90000
00:42:19.824 | SIM: mqtt1_gMqt/GPA2/PPU_Gen_active_power=1144,3055
00:42:19.824 | SIM: mqtt1_gMqt/GPA2/PPU_Gen_counter_active_power=18018,082
00:42:19.824 | SIM: mqtt1_gMqt/GPA2/T404=46,187496
00:42:19.824 | SIM: mqtt1_gMqt/GPA2/Hours=90000
00:42:19.825 | SIM: mqtt1_gMqt/GPA3/PPU_Gen_active_power=1209,6686
00:42:19.825 | SIM: mqtt1_gMqt/GPA3/PPU_Gen_counter_active_power=18018,535
00:42:19.825 | SIM: mqtt1_gMqt/GPA3/T404=44,827694
00:42:19.825 | SIM: mqtt1_gMqt/GPA3/Hours=90000
00:42:19.825 | SIM: mqtt1_gMqt/GPA4/PPU_Gen_active_power=1222,5596
00:42:19.825 | SIM: mqtt1_gMqt/GPA4/PPU_Gen_counter_active_power=18018,59
00:42:19.826 | SIM: mqtt1_gMqt/GPA4/T404=45,05346
00:42:19.826 | SIM: mqtt1_gMqt/GPA4/Hours=90000
00:42:19.826 | SIM: mqtt1_gMqt/GPA5/PPU_Gen_active_power=1169,146
00:42:19.826 | SIM: mqtt1_gMqt/GPA5/PPU_Gen_counter_active_power=18017,809
00:42:19.826 | SIM: mqtt1_gMqt/GPA5/T404=45,18317
00:42:19.826 | SIM: mqtt1_gMqt/GPA5/Hours=90000
00:42:19.827 | SIM: mqtt1_gMqt/GPA6/PPU_Gen_active_power=1229,9749
00:42:19.827 | SIM: mqtt1_gMqt/GPA6/PPU_Gen_counter_active_power=18018,498
00:42:19.827 | SIM: mqtt1_gMqt/GPA6/T404=44,90987
00:42:19.827 | SIM: mqtt1_gMqt/GPA6/Hours=90000
00:42:20.120 | STREAM: plc1_00001=True
00:42:20.120 | STREAM: plc1_00002=False
00:42:20.121 | STREAM: plc1_30035=0
00:42:20.121 | STREAM: plc1_40005=50
00:42:20.121 | STREAM: plc1_00010=False
00:42:20.122 | STREAM: plc1_00003=False
00:42:20.122 | STREAM: plc1_30031=0
00:42:20.123 | STREAM: plc1_40006=0
00:42:20.123 | STREAM: plc1_00004=False
00:42:20.123 | STREAM: plc1_30033=0
00:42:20.123 | STREAM: plc1_40007=0
00:42:20.124 | STREAM: plc1_30029=0
00:42:20.124 | STREAM: plc1_30025=1
00:42:20.124 | STREAM: plc1_30023=20,906363
00:42:20.125 | STREAM: plc1_00011=False
00:42:20.125 | STREAM: plc1_00006=False
00:42:20.125 | STREAM: plc1_40033=0
00:42:20.126 | STREAM: plc1_40025=0
00:42:20.126 | STREAM: plc1_00007=False
00:42:20.126 | STREAM: plc1_40027=0
00:42:20.126 | STREAM: plc1_00005=True
00:42:20.127 | STREAM: plc1_40029=0
00:42:20.127 | STREAM: plc1_40021=0
00:42:20.127 | STREAM: plc1_30027=0
00:42:20.633 | STREAM: plc1_00001=True
00:42:20.633 | STREAM: plc1_00002=False
00:42:20.634 | STREAM: plc1_30035=0
00:42:20.634 | STREAM: plc1_40005=50
00:42:20.634 | STREAM: plc1_00010=False
00:42:20.635 | STREAM: plc1_00003=False
00:42:20.635 | STREAM: plc1_30031=0
00:42:20.636 | STREAM: plc1_40006=0
00:42:20.636 | STREAM: plc1_00004=False
00:42:20.636 | STREAM: plc1_30033=0
00:42:20.637 | STREAM: plc1_40007=0
00:42:20.637 | STREAM: plc1_30029=0
00:42:20.637 | STREAM: plc1_30025=1
00:42:20.638 | STREAM: plc1_30023=20,912317
00:42:20.638 | STREAM: plc1_00011=False
00:42:20.638 | STREAM: plc1_00006=False
00:42:20.638 | STREAM: plc1_40033=0
00:42:20.639 | STREAM: plc1_40025=0
00:42:20.639 | STREAM: plc1_00007=False
00:42:20.639 | STREAM: plc1_40027=0
00:42:20.640 | STREAM: plc1_00005=True
00:42:20.640 | STREAM: plc1_40029=0
00:42:20.640 | STREAM: plc1_40021=0
00:42:20.641 | STREAM: plc1_30027=0
00:42:20.913 | SIM: mqtt1_gMqt/ZAS/ZAS_Actual_Power=198,87555
00:42:20.914 | SIM: mqtt1_gMqt/GPA1/PPU_Gen_active_power=1163,6656
00:42:20.914 | SIM: mqtt1_gMqt/GPA1/PPU_Gen_counter_active_power=18018,457
00:42:20.914 | SIM: mqtt1_gMqt/GPA1/T404=44,33391
00:42:20.914 | SIM: mqtt1_gMqt/GPA1/Hours=90000
00:42:20.914 | SIM: mqtt1_gMqt/GPA2/PPU_Gen_active_power=1144,7039
00:42:20.914 | SIM: mqtt1_gMqt/GPA2/PPU_Gen_counter_active_power=18018,4
00:42:20.915 | SIM: mqtt1_gMqt/GPA2/T404=46,14263
00:42:20.915 | SIM: mqtt1_gMqt/GPA2/Hours=90000
00:42:20.915 | SIM: mqtt1_gMqt/GPA3/PPU_Gen_active_power=1211,2941
00:42:20.915 | SIM: mqtt1_gMqt/GPA3/PPU_Gen_counter_active_power=18018,871
00:42:20.915 | SIM: mqtt1_gMqt/GPA3/T404=44,822475
00:42:20.915 | SIM: mqtt1_gMqt/GPA3/Hours=90000
00:42:20.915 | SIM: mqtt1_gMqt/GPA4/PPU_Gen_active_power=1223,2107
00:42:20.916 | SIM: mqtt1_gMqt/GPA4/PPU_Gen_counter_active_power=18018,93
00:42:20.916 | SIM: mqtt1_gMqt/GPA4/T404=44,9016
00:42:20.916 | SIM: mqtt1_gMqt/GPA4/Hours=90000
00:42:20.916 | SIM: mqtt1_gMqt/GPA5/PPU_Gen_active_power=1177,8967
00:42:20.916 | SIM: mqtt1_gMqt/GPA5/PPU_Gen_counter_active_power=18018,137
00:42:20.916 | SIM: mqtt1_gMqt/GPA5/T404=45,176353
00:42:20.917 | SIM: mqtt1_gMqt/GPA5/Hours=90000
00:42:20.917 | SIM: mqtt1_gMqt/GPA6/PPU_Gen_active_power=1226,909
00:42:20.917 | SIM: mqtt1_gMqt/GPA6/PPU_Gen_counter_active_power=18018,838
00:42:20.917 | SIM: mqtt1_gMqt/GPA6/T404=44,951813
00:42:20.917 | SIM: mqtt1_gMqt/GPA6/Hours=90000
00:42:21.134 | STREAM: plc1_00001=True
00:42:21.134 | STREAM: plc1_00002=False
00:42:21.134 | STREAM: plc1_30035=0
00:42:21.135 | STREAM: plc1_40005=50
00:42:21.135 | STREAM: plc1_00010=False
00:42:21.135 | STREAM: plc1_00003=False
00:42:21.135 | STREAM: plc1_30031=0
00:42:21.135 | STREAM: plc1_40006=0
00:42:21.136 | STREAM: plc1_00004=False
00:42:21.136 | STREAM: plc1_30033=0
00:42:21.136 | STREAM: plc1_40007=0
00:42:21.136 | STREAM: plc1_30029=0
00:42:21.137 | STREAM: plc1_30025=1
00:42:21.137 | STREAM: plc1_30023=20,918247
00:42:21.137 | STREAM: plc1_00011=False
00:42:21.137 | STREAM: plc1_00006=False
00:42:21.138 | STREAM: plc1_40033=0
00:42:21.138 | STREAM: plc1_40025=0
00:42:21.138 | STREAM: plc1_00007=False
00:42:21.138 | STREAM: plc1_40027=0
00:42:21.138 | STREAM: plc1_00005=True
00:42:21.139 | STREAM: plc1_40029=0
00:42:21.139 | STREAM: plc1_40021=0
00:42:21.139 | STREAM: plc1_30027=0
00:42:21.647 | STREAM: plc1_00001=True
00:42:21.647 | STREAM: plc1_00002=False
00:42:21.647 | STREAM: plc1_30035=0
00:42:21.648 | STREAM: plc1_40005=50
00:42:21.648 | STREAM: plc1_00010=False
00:42:21.648 | STREAM: plc1_00003=False
00:42:21.649 | STREAM: plc1_30031=0
00:42:21.649 | STREAM: plc1_40006=0
00:42:21.649 | STREAM: plc1_00004=False
00:42:21.649 | STREAM: plc1_30033=0
00:42:21.650 | STREAM: plc1_40007=0
00:42:21.650 | STREAM: plc1_30029=0
00:42:21.650 | STREAM: plc1_30025=1
00:42:21.650 | STREAM: plc1_30023=20,922953
00:42:21.650 | STREAM: plc1_00011=False
00:42:21.651 | STREAM: plc1_00006=False
00:42:21.651 | STREAM: plc1_40033=0
00:42:21.651 | STREAM: plc1_40025=0
00:42:21.652 | STREAM: plc1_00007=False
00:42:21.652 | STREAM: plc1_40027=0
00:42:21.652 | STREAM: plc1_00005=True
00:42:21.652 | STREAM: plc1_40029=0
00:42:21.653 | STREAM: plc1_40021=0
00:42:21.653 | STREAM: plc1_30027=0
00:42:22.003 | SIM: mqtt1_gMqt/ZAS/ZAS_Actual_Power=198,91707
00:42:22.003 | SIM: mqtt1_gMqt/GPA1/PPU_Gen_active_power=1170,4912
00:42:22.004 | SIM: mqtt1_gMqt/GPA1/PPU_Gen_counter_active_power=18018,781
00:42:22.004 | SIM: mqtt1_gMqt/GPA1/T404=44,28405
00:42:22.004 | SIM: mqtt1_gMqt/GPA1/Hours=90000
00:42:22.004 | SIM: mqtt1_gMqt/GPA2/PPU_Gen_active_power=1143,3943
00:42:22.004 | SIM: mqtt1_gMqt/GPA2/PPU_Gen_counter_active_power=18018,719
00:42:22.005 | SIM: mqtt1_gMqt/GPA2/T404=46,249893
00:42:22.005 | SIM: mqtt1_gMqt/GPA2/Hours=90000
00:42:22.005 | SIM: mqtt1_gMqt/GPA3/PPU_Gen_active_power=1213,2396
00:42:22.005 | SIM: mqtt1_gMqt/GPA3/PPU_Gen_counter_active_power=18019,209
00:42:22.005 | SIM: mqtt1_gMqt/GPA3/T404=44,860844
00:42:22.005 | SIM: mqtt1_gMqt/GPA3/Hours=90000
00:42:22.006 | SIM: mqtt1_gMqt/GPA4/PPU_Gen_active_power=1213,9264
00:42:22.006 | SIM: mqtt1_gMqt/GPA4/PPU_Gen_counter_active_power=18019,268
00:42:22.006 | SIM: mqtt1_gMqt/GPA4/T404=44,733047
00:42:22.006 | SIM: mqtt1_gMqt/GPA4/Hours=90000
00:42:22.006 | SIM: mqtt1_gMqt/GPA5/PPU_Gen_active_power=1177,9153
00:42:22.006 | SIM: mqtt1_gMqt/GPA5/PPU_Gen_counter_active_power=18018,465
00:42:22.007 | SIM: mqtt1_gMqt/GPA5/T404=45,281773
00:42:22.007 | SIM: mqtt1_gMqt/GPA5/Hours=90000
00:42:22.007 | SIM: mqtt1_gMqt/GPA6/PPU_Gen_active_power=1232,3866
00:42:22.007 | SIM: mqtt1_gMqt/GPA6/PPU_Gen_counter_active_power=18019,18
00:42:22.007 | SIM: mqtt1_gMqt/GPA6/T404=44,923946
00:42:22.007 | SIM: mqtt1_gMqt/GPA6/Hours=90000
00:42:22.160 | STREAM: plc1_00001=True
00:42:22.160 | STREAM: plc1_00002=False
00:42:22.160 | STREAM: plc1_30035=0
00:42:22.161 | STREAM: plc1_40005=50
00:42:22.161 | STREAM: plc1_00010=False
00:42:22.161 | STREAM: plc1_00003=False
00:42:22.161 | STREAM: plc1_30031=0
00:42:22.162 | STREAM: plc1_40006=0
00:42:22.162 | STREAM: plc1_00004=False
00:42:22.162 | STREAM: plc1_30033=0
00:42:22.162 | STREAM: plc1_40007=0
00:42:22.163 | STREAM: plc1_30029=0
00:42:22.163 | STREAM: plc1_30025=1
00:42:22.163 | STREAM: plc1_30023=20,928799
00:42:22.163 | STREAM: plc1_00011=False
00:42:22.164 | STREAM: plc1_00006=False
00:42:22.164 | STREAM: plc1_40033=0
00:42:22.164 | STREAM: plc1_40025=0
00:42:22.164 | STREAM: plc1_00007=False
00:42:22.164 | STREAM: plc1_40027=0
00:42:22.165 | STREAM: plc1_00005=True
00:42:22.165 | STREAM: plc1_40029=0
00:42:22.165 | STREAM: plc1_40021=0
00:42:22.166 | STREAM: plc1_30027=0
00:42:22.674 | STREAM: plc1_00001=True
00:42:22.674 | STREAM: plc1_00002=False
00:42:22.675 | STREAM: plc1_30035=0
00:42:22.675 | STREAM: plc1_40005=50
00:42:22.675 | STREAM: plc1_00010=False
00:42:22.676 | STREAM: plc1_00003=False
00:42:22.676 | STREAM: plc1_30031=0
00:42:22.676 | STREAM: plc1_40006=0
00:42:22.676 | STREAM: plc1_00004=False
00:42:22.677 | STREAM: plc1_30033=0
00:42:22.677 | STREAM: plc1_40007=0
00:42:22.677 | STREAM: plc1_30029=0
00:42:22.677 | STREAM: plc1_30025=1
00:42:22.677 | STREAM: plc1_30023=20,93462
00:42:22.678 | STREAM: plc1_00011=False
00:42:22.678 | STREAM: plc1_00006=False
00:42:22.678 | STREAM: plc1_40033=0
00:42:22.678 | STREAM: plc1_40025=0
00:42:22.679 | STREAM: plc1_00007=False
00:42:22.679 | STREAM: plc1_40027=0
00:42:22.679 | STREAM: plc1_00005=True
00:42:22.679 | STREAM: plc1_40029=0
00:42:22.680 | STREAM: plc1_40021=0
00:42:22.680 | STREAM: plc1_30027=0
00:42:23.096 | SIM: mqtt1_gMqt/ZAS/ZAS_Actual_Power=200,2197
00:42:23.096 | SIM: mqtt1_gMqt/GPA1/PPU_Gen_active_power=1168,0254
00:42:23.096 | SIM: mqtt1_gMqt/GPA1/PPU_Gen_counter_active_power=18019,105
00:42:23.096 | SIM: mqtt1_gMqt/GPA1/T404=44,388603
00:42:23.096 | SIM: mqtt1_gMqt/GPA1/Hours=90000
00:42:23.096 | SIM: mqtt1_gMqt/GPA2/PPU_Gen_active_power=1150,7261
00:42:23.097 | SIM: mqtt1_gMqt/GPA2/PPU_Gen_counter_active_power=18019,04
00:42:23.097 | SIM: mqtt1_gMqt/GPA2/T404=46,476696
00:42:23.097 | SIM: mqtt1_gMqt/GPA2/Hours=90000
00:42:23.097 | SIM: mqtt1_gMqt/GPA3/PPU_Gen_active_power=1217,0286
00:42:23.097 | SIM: mqtt1_gMqt/GPA3/PPU_Gen_counter_active_power=18019,547
00:42:23.098 | SIM: mqtt1_gMqt/GPA3/T404=44,950756
00:42:23.098 | SIM: mqtt1_gMqt/GPA3/Hours=90000
00:42:23.098 | SIM: mqtt1_gMqt/GPA4/PPU_Gen_active_power=1217,0814
00:42:23.098 | SIM: mqtt1_gMqt/GPA4/PPU_Gen_counter_active_power=18019,605
00:42:23.098 | SIM: mqtt1_gMqt/GPA4/T404=44,755665
00:42:23.098 | SIM: mqtt1_gMqt/GPA4/Hours=90000
00:42:23.099 | SIM: mqtt1_gMqt/GPA5/PPU_Gen_active_power=1176,7285
00:42:23.099 | SIM: mqtt1_gMqt/GPA5/PPU_Gen_counter_active_power=18018,791
00:42:23.099 | SIM: mqtt1_gMqt/GPA5/T404=45,21381
00:42:23.099 | SIM: mqtt1_gMqt/GPA5/Hours=90000
00:42:23.099 | SIM: mqtt1_gMqt/GPA6/PPU_Gen_active_power=1226,6893
00:42:23.099 | SIM: mqtt1_gMqt/GPA6/PPU_Gen_counter_active_power=18019,52
00:42:23.099 | SIM: mqtt1_gMqt/GPA6/T404=44,80508
00:42:23.100 | SIM: mqtt1_gMqt/GPA6/Hours=90000
00:42:23.175 | STREAM: plc1_00001=True
00:42:23.175 | STREAM: plc1_00002=False
00:42:23.175 | STREAM: plc1_30035=0
00:42:23.176 | STREAM: plc1_40005=50
00:42:23.176 | STREAM: plc1_00010=False
00:42:23.176 | STREAM: plc1_00003=False
00:42:23.177 | STREAM: plc1_30031=0
00:42:23.177 | STREAM: plc1_40006=0
00:42:23.177 | STREAM: plc1_00004=False
00:42:23.177 | STREAM: plc1_30033=0
00:42:23.178 | STREAM: plc1_40007=0
00:42:23.178 | STREAM: plc1_30029=0
00:42:23.178 | STREAM: plc1_30025=1
00:42:23.179 | STREAM: plc1_30023=20,939276
00:42:23.179 | STREAM: plc1_00011=False
00:42:23.179 | STREAM: plc1_00006=False
00:42:23.179 | STREAM: plc1_40033=0
00:42:23.180 | STREAM: plc1_40025=0
00:42:23.180 | STREAM: plc1_00007=False
00:42:23.180 | STREAM: plc1_40027=0
00:42:23.181 | STREAM: plc1_00005=True
00:42:23.181 | STREAM: plc1_40029=0
00:42:23.181 | STREAM: plc1_40021=0
00:42:23.182 | STREAM: plc1_30027=0
00:42:23.675 | STREAM: plc1_00001=True
00:42:23.677 | STREAM: plc1_00002=False
00:42:23.677 | STREAM: plc1_30035=0
00:42:23.678 | STREAM: plc1_40005=50
00:42:23.678 | STREAM: plc1_00010=False
00:42:23.678 | STREAM: plc1_00003=False
00:42:23.678 | STREAM: plc1_30031=0
00:42:23.678 | STREAM: plc1_40006=0
00:42:23.679 | STREAM: plc1_00004=False
00:42:23.679 | STREAM: plc1_30033=0
00:42:23.679 | STREAM: plc1_40007=0
00:42:23.679 | STREAM: plc1_30029=0
00:42:23.680 | STREAM: plc1_30025=1
00:42:23.680 | STREAM: plc1_30023=20,945074
00:42:23.680 | STREAM: plc1_00011=False
00:42:23.680 | STREAM: plc1_00006=False
00:42:23.681 | STREAM: plc1_40033=0
00:42:23.681 | STREAM: plc1_40025=0
00:42:23.682 | STREAM: plc1_00007=False
00:42:23.682 | STREAM: plc1_40027=0
00:42:23.682 | STREAM: plc1_00005=True
00:42:23.682 | STREAM: plc1_40029=0
00:42:23.683 | STREAM: plc1_40021=0
00:42:23.683 | STREAM: plc1_30027=0
00:42:24.181 | STREAM: plc1_00001=True
00:42:24.181 | STREAM: plc1_00002=False
00:42:24.182 | STREAM: plc1_30035=0
00:42:24.182 | STREAM: plc1_40005=50
00:42:24.183 | STREAM: plc1_00010=False
00:42:24.183 | STREAM: plc1_00003=False
00:42:24.183 | STREAM: plc1_30031=0
00:42:24.183 | STREAM: plc1_40006=0
00:42:24.184 | STREAM: plc1_00004=False
00:42:24.184 | STREAM: plc1_30033=0
00:42:24.184 | STREAM: plc1_40007=0
00:42:24.184 | STREAM: plc1_30029=0
00:42:24.185 | STREAM: plc1_30025=1
00:42:24.185 | STREAM: plc1_30023=20,949747
00:42:24.185 | STREAM: plc1_00011=False
00:42:24.185 | STREAM: plc1_00006=False
00:42:24.186 | STREAM: plc1_40033=0
00:42:24.186 | STREAM: plc1_40025=0
00:42:24.186 | STREAM: plc1_00007=False
00:42:24.186 | STREAM: plc1_40027=0
00:42:24.187 | STREAM: plc1_00005=True
00:42:24.187 | STREAM: plc1_40029=0
00:42:24.187 | STREAM: plc1_40021=0
00:42:24.187 | STREAM: plc1_30027=0
00:42:24.196 | SIM: mqtt1_gMqt/ZAS/ZAS_Actual_Power=199,42772
00:42:24.196 | SIM: mqtt1_gMqt/GPA1/PPU_Gen_active_power=1169,3636
00:42:24.196 | SIM: mqtt1_gMqt/GPA1/PPU_Gen_counter_active_power=18019,43
00:42:24.197 | SIM: mqtt1_gMqt/GPA1/T404=44,27116
00:42:24.197 | SIM: mqtt1_gMqt/GPA1/Hours=90000
00:42:24.197 | SIM: mqtt1_gMqt/GPA2/PPU_Gen_active_power=1144,6053
00:42:24.197 | SIM: mqtt1_gMqt/GPA2/PPU_Gen_counter_active_power=18019,357
00:42:24.197 | SIM: mqtt1_gMqt/GPA2/T404=46,71114
00:42:24.197 | SIM: mqtt1_gMqt/GPA2/Hours=90000
00:42:24.198 | SIM: mqtt1_gMqt/GPA3/PPU_Gen_active_power=1213,162
00:42:24.198 | SIM: mqtt1_gMqt/GPA3/PPU_Gen_counter_active_power=18019,885
00:42:24.198 | SIM: mqtt1_gMqt/GPA3/T404=45,01145
00:42:24.198 | SIM: mqtt1_gMqt/GPA3/Hours=90000
00:42:24.198 | SIM: mqtt1_gMqt/GPA4/PPU_Gen_active_power=1213,7909
00:42:24.198 | SIM: mqtt1_gMqt/GPA4/PPU_Gen_counter_active_power=18019,943
00:42:24.199 | SIM: mqtt1_gMqt/GPA4/T404=44,867195
00:42:24.199 | SIM: mqtt1_gMqt/GPA4/Hours=90000
00:42:24.199 | SIM: mqtt1_gMqt/GPA5/PPU_Gen_active_power=1182,2855
00:42:24.199 | SIM: mqtt1_gMqt/GPA5/PPU_Gen_counter_active_power=18019,12
00:42:24.199 | SIM: mqtt1_gMqt/GPA5/T404=45,173866
00:42:24.199 | SIM: mqtt1_gMqt/GPA5/Hours=90000
00:42:24.200 | SIM: mqtt1_gMqt/GPA6/PPU_Gen_active_power=1229,7913
00:42:24.200 | SIM: mqtt1_gMqt/GPA6/PPU_Gen_counter_active_power=18019,861
00:42:24.200 | SIM: mqtt1_gMqt/GPA6/T404=44,611923
00:42:24.200 | SIM: mqtt1_gMqt/GPA6/Hours=90000
00:42:24.681 | STREAM: plc1_00001=True
00:42:24.681 | STREAM: plc1_00002=False
00:42:24.682 | STREAM: plc1_30035=0
00:42:24.683 | STREAM: plc1_40005=50
00:42:24.683 | STREAM: plc1_00010=False
00:42:24.684 | STREAM: plc1_00003=False
00:42:24.684 | STREAM: plc1_30031=0
00:42:24.684 | STREAM: plc1_40006=0
00:42:24.685 | STREAM: plc1_00004=False
00:42:24.685 | STREAM: plc1_30033=0
00:42:24.685 | STREAM: plc1_40007=0
00:42:24.686 | STREAM: plc1_30029=0
00:42:24.687 | STREAM: plc1_30025=1
00:42:24.687 | STREAM: plc1_30023=20,955463
00:42:24.687 | STREAM: plc1_00011=False
00:42:24.688 | STREAM: plc1_00006=False
00:42:24.688 | STREAM: plc1_40033=0
00:42:24.688 | STREAM: plc1_40025=0
00:42:24.688 | STREAM: plc1_00007=False
00:42:24.688 | STREAM: plc1_40027=0
00:42:24.689 | STREAM: plc1_00005=True
00:42:24.689 | STREAM: plc1_40029=0
00:42:24.689 | STREAM: plc1_40021=0
00:42:24.689 | STREAM: plc1_30027=0
00:42:25.195 | STREAM: plc1_00001=True
00:42:25.195 | STREAM: plc1_00002=False
00:42:25.196 | STREAM: plc1_30035=0
00:42:25.196 | STREAM: plc1_40005=50
00:42:25.196 | STREAM: plc1_00010=False
00:42:25.196 | STREAM: plc1_00003=False
00:42:25.197 | STREAM: plc1_30031=0
00:42:25.197 | STREAM: plc1_40006=0
00:42:25.197 | STREAM: plc1_00004=False
00:42:25.197 | STREAM: plc1_30033=0
00:42:25.198 | STREAM: plc1_40007=0
00:42:25.198 | STREAM: plc1_30029=0
00:42:25.198 | STREAM: plc1_30025=1
00:42:25.198 | STREAM: plc1_30023=20,961163
00:42:25.199 | STREAM: plc1_00011=False
00:42:25.199 | STREAM: plc1_00006=False
00:42:25.199 | STREAM: plc1_40033=0
00:42:25.199 | STREAM: plc1_40025=0
00:42:25.199 | STREAM: plc1_00007=False
00:42:25.200 | STREAM: plc1_40027=0
00:42:25.200 | STREAM: plc1_00005=True
00:42:25.200 | STREAM: plc1_40029=0
00:42:25.200 | STREAM: plc1_40021=0
00:42:25.201 | STREAM: plc1_30027=0
00:42:25.290 | SIM: mqtt1_gMqt/ZAS/ZAS_Actual_Power=200,25964
00:42:25.290 | SIM: mqtt1_gMqt/GPA1/PPU_Gen_active_power=1169,8405
00:42:25.290 | SIM: mqtt1_gMqt/GPA1/PPU_Gen_counter_active_power=18019,754
00:42:25.291 | SIM: mqtt1_gMqt/GPA1/T404=44,421486
00:42:25.291 | SIM: mqtt1_gMqt/GPA1/Hours=90000
00:42:25.291 | SIM: mqtt1_gMqt/GPA2/PPU_Gen_active_power=1151,9409
00:42:25.291 | SIM: mqtt1_gMqt/GPA2/PPU_Gen_counter_active_power=18019,678
00:42:25.291 | SIM: mqtt1_gMqt/GPA2/T404=46,773388
00:42:25.291 | SIM: mqtt1_gMqt/GPA2/Hours=90000
00:42:25.291 | SIM: mqtt1_gMqt/GPA3/PPU_Gen_active_power=1220,4637
00:42:25.292 | SIM: mqtt1_gMqt/GPA3/PPU_Gen_counter_active_power=18020,225
00:42:25.292 | SIM: mqtt1_gMqt/GPA3/T404=44,843224
00:42:25.292 | SIM: mqtt1_gMqt/GPA3/Hours=90000
00:42:25.292 | SIM: mqtt1_gMqt/GPA4/PPU_Gen_active_power=1219,1665
00:42:25.292 | SIM: mqtt1_gMqt/GPA4/PPU_Gen_counter_active_power=18020,281
00:42:25.292 | SIM: mqtt1_gMqt/GPA4/T404=45,024
00:42:25.292 | SIM: mqtt1_gMqt/GPA4/Hours=90000
00:42:25.293 | SIM: mqtt1_gMqt/GPA5/PPU_Gen_active_power=1173,5668
00:42:25.293 | SIM: mqtt1_gMqt/GPA5/PPU_Gen_counter_active_power=18019,445
00:42:25.293 | SIM: mqtt1_gMqt/GPA5/T404=45,041
00:42:25.293 | SIM: mqtt1_gMqt/GPA5/Hours=90000
00:42:25.293 | SIM: mqtt1_gMqt/GPA6/PPU_Gen_active_power=1221,9098
00:42:25.293 | SIM: mqtt1_gMqt/GPA6/PPU_Gen_counter_active_power=18020,201
00:42:25.294 | SIM: mqtt1_gMqt/GPA6/T404=44,61163
00:42:25.294 | SIM: mqtt1_gMqt/GPA6/Hours=90000
00:42:25.696 | STREAM: plc1_00001=True
00:42:25.697 | STREAM: plc1_00002=False
00:42:25.697 | STREAM: plc1_30035=0
00:42:25.697 | STREAM: plc1_40005=50
00:42:25.697 | STREAM: plc1_00010=False
00:42:25.698 | STREAM: plc1_00003=False
00:42:25.698 | STREAM: plc1_30031=0
00:42:25.698 | STREAM: plc1_40006=0
00:42:25.698 | STREAM: plc1_00004=False
00:42:25.699 | STREAM: plc1_30033=0
00:42:25.699 | STREAM: plc1_40007=0
00:42:25.699 | STREAM: plc1_30029=0
00:42:25.699 | STREAM: plc1_30025=1
00:42:25.704 | STREAM: plc1_30023=20,965702
00:42:25.704 | STREAM: plc1_00011=False
00:42:25.704 | STREAM: plc1_00006=False
00:42:25.705 | STREAM: plc1_40033=0
00:42:25.705 | STREAM: plc1_40025=0
00:42:25.705 | STREAM: plc1_00007=False
00:42:25.705 | STREAM: plc1_40027=0
00:42:25.705 | STREAM: plc1_00005=True
00:42:25.706 | STREAM: plc1_40029=0
00:42:25.706 | STREAM: plc1_40021=0
00:42:25.706 | STREAM: plc1_30027=0
00:42:26.197 | STREAM: plc1_00001=True
00:42:26.198 | STREAM: plc1_00002=False
00:42:26.198 | STREAM: plc1_30035=0
00:42:26.198 | STREAM: plc1_40005=50
00:42:26.199 | STREAM: plc1_00010=False
00:42:26.199 | STREAM: plc1_00003=False
00:42:26.199 | STREAM: plc1_30031=0
00:42:26.199 | STREAM: plc1_40006=0
00:42:26.200 | STREAM: plc1_00004=False
00:42:26.200 | STREAM: plc1_30033=0
00:42:26.200 | STREAM: plc1_40007=0
00:42:26.200 | STREAM: plc1_30029=0
00:42:26.201 | STREAM: plc1_30025=1
00:42:26.201 | STREAM: plc1_30023=20,971361
00:42:26.201 | STREAM: plc1_00011=False
00:42:26.201 | STREAM: plc1_00006=False
00:42:26.201 | STREAM: plc1_40033=0
00:42:26.202 | STREAM: plc1_40025=0
00:42:26.202 | STREAM: plc1_00007=False
00:42:26.202 | STREAM: plc1_40027=0
00:42:26.202 | STREAM: plc1_00005=True
00:42:26.203 | STREAM: plc1_40029=0
00:42:26.203 | STREAM: plc1_40021=0
00:42:26.203 | STREAM: plc1_30027=0
00:42:26.384 | SIM: mqtt1_gMqt/ZAS/ZAS_Actual_Power=202,18576
00:42:26.384 | SIM: mqtt1_gMqt/GPA1/PPU_Gen_active_power=1174,6862
00:42:26.384 | SIM: mqtt1_gMqt/GPA1/PPU_Gen_counter_active_power=18020,08
00:42:26.384 | SIM: mqtt1_gMqt/GPA1/T404=44,262295
00:42:26.385 | SIM: mqtt1_gMqt/GPA1/Hours=90000
00:42:26.385 | SIM: mqtt1_gMqt/GPA2/PPU_Gen_active_power=1156,8257
00:42:26.385 | SIM: mqtt1_gMqt/GPA2/PPU_Gen_counter_active_power=18020
00:42:26.385 | SIM: mqtt1_gMqt/GPA2/T404=46,57717
00:42:26.385 | SIM: mqtt1_gMqt/GPA2/Hours=90000
00:42:26.385 | SIM: mqtt1_gMqt/GPA3/PPU_Gen_active_power=1224,0917
00:42:26.386 | SIM: mqtt1_gMqt/GPA3/PPU_Gen_counter_active_power=18020,564
00:42:26.386 | SIM: mqtt1_gMqt/GPA3/T404=44,84477
00:42:26.386 | SIM: mqtt1_gMqt/GPA3/Hours=90000
00:42:26.386 | SIM: mqtt1_gMqt/GPA4/PPU_Gen_active_power=1212,1697
00:42:26.386 | SIM: mqtt1_gMqt/GPA4/PPU_Gen_counter_active_power=18020,617
00:42:26.386 | SIM: mqtt1_gMqt/GPA4/T404=45,032295
00:42:26.387 | SIM: mqtt1_gMqt/GPA4/Hours=90000
00:42:26.387 | SIM: mqtt1_gMqt/GPA5/PPU_Gen_active_power=1166,0781
00:42:26.387 | SIM: mqtt1_gMqt/GPA5/PPU_Gen_counter_active_power=18019,77
00:42:26.387 | SIM: mqtt1_gMqt/GPA5/T404=45,06437
00:42:26.387 | SIM: mqtt1_gMqt/GPA5/Hours=90000
00:42:26.387 | SIM: mqtt1_gMqt/GPA6/PPU_Gen_active_power=1215,7778
00:42:26.388 | SIM: mqtt1_gMqt/GPA6/PPU_Gen_counter_active_power=18020,54
00:42:26.388 | SIM: mqtt1_gMqt/GPA6/T404=44,7407
00:42:26.388 | SIM: mqtt1_gMqt/GPA6/Hours=90000
00:42:26.712 | STREAM: plc1_00001=True
00:42:26.714 | STREAM: plc1_00002=False
00:42:26.714 | STREAM: plc1_30035=0
00:42:26.714 | STREAM: plc1_40005=50
00:42:26.715 | STREAM: plc1_00010=False
00:42:26.715 | STREAM: plc1_00003=False
00:42:26.718 | STREAM: plc1_30031=0
00:42:26.718 | STREAM: plc1_40006=0
00:42:26.718 | STREAM: plc1_00004=False
00:42:26.718 | STREAM: plc1_30033=0
00:42:26.719 | STREAM: plc1_40007=0
00:42:26.719 | STREAM: plc1_30029=0
00:42:26.719 | STREAM: plc1_30025=1
00:42:26.719 | STREAM: plc1_30023=20,976969
00:42:26.720 | STREAM: plc1_00011=False
00:42:26.720 | STREAM: plc1_00006=False
00:42:26.720 | STREAM: plc1_40033=0
00:42:26.720 | STREAM: plc1_40025=0
00:42:26.721 | STREAM: plc1_00007=False
00:42:26.721 | STREAM: plc1_40027=0
00:42:26.721 | STREAM: plc1_00005=True
00:42:26.721 | STREAM: plc1_40029=0
00:42:26.722 | STREAM: plc1_40021=0
00:42:26.722 | STREAM: plc1_30027=0
00:42:27.214 | STREAM: plc1_00001=True
00:42:27.215 | STREAM: plc1_00002=False
00:42:27.215 | STREAM: plc1_30035=0
00:42:27.215 | STREAM: plc1_40005=50
00:42:27.216 | STREAM: plc1_00010=False
00:42:27.216 | STREAM: plc1_00003=False
00:42:27.216 | STREAM: plc1_30031=0
00:42:27.217 | STREAM: plc1_40006=0
00:42:27.217 | STREAM: plc1_00004=False
00:42:27.217 | STREAM: plc1_30033=0
00:42:27.218 | STREAM: plc1_40007=0
00:42:27.218 | STREAM: plc1_30029=0
00:42:27.218 | STREAM: plc1_30025=1
00:42:27.218 | STREAM: plc1_30023=20,981459
00:42:27.219 | STREAM: plc1_00011=False
00:42:27.219 | STREAM: plc1_00006=False
00:42:27.219 | STREAM: plc1_40033=0
00:42:27.220 | STREAM: plc1_40025=0
00:42:27.220 | STREAM: plc1_00007=False
00:42:27.220 | STREAM: plc1_40027=0
00:42:27.221 | STREAM: plc1_00005=True
00:42:27.221 | STREAM: plc1_40029=0
00:42:27.221 | STREAM: plc1_40021=0
00:42:27.221 | STREAM: plc1_30027=0
00:42:27.477 | SIM: mqtt1_gMqt/ZAS/ZAS_Actual_Power=202,34724
00:42:27.477 | SIM: mqtt1_gMqt/GPA1/PPU_Gen_active_power=1173,199
00:42:27.478 | SIM: mqtt1_gMqt/GPA1/PPU_Gen_counter_active_power=18020,406
00:42:27.478 | SIM: mqtt1_gMqt/GPA1/T404=44,029224
00:42:27.478 | SIM: mqtt1_gMqt/GPA1/Hours=90000
00:42:27.478 | SIM: mqtt1_gMqt/GPA2/PPU_Gen_active_power=1165,5499
00:42:27.478 | SIM: mqtt1_gMqt/GPA2/PPU_Gen_counter_active_power=18020,324
00:42:27.478 | SIM: mqtt1_gMqt/GPA2/T404=46,546803
00:42:27.479 | SIM: mqtt1_gMqt/GPA2/Hours=90000
00:42:27.479 | SIM: mqtt1_gMqt/GPA3/PPU_Gen_active_power=1219,508
00:42:27.479 | SIM: mqtt1_gMqt/GPA3/PPU_Gen_counter_active_power=18020,902
00:42:27.479 | SIM: mqtt1_gMqt/GPA3/T404=44,719242
00:42:27.479 | SIM: mqtt1_gMqt/GPA3/Hours=90000
00:42:27.479 | SIM: mqtt1_gMqt/GPA4/PPU_Gen_active_power=1205,0717
00:42:27.479 | SIM: mqtt1_gMqt/GPA4/PPU_Gen_counter_active_power=18020,951
00:42:27.479 | SIM: mqtt1_gMqt/GPA4/T404=45,163864
00:42:27.480 | SIM: mqtt1_gMqt/GPA4/Hours=90000
00:42:27.480 | SIM: mqtt1_gMqt/GPA5/PPU_Gen_active_power=1165,5392
00:42:27.480 | SIM: mqtt1_gMqt/GPA5/PPU_Gen_counter_active_power=18020,094
00:42:27.480 | SIM: mqtt1_gMqt/GPA5/T404=45,14377
00:42:27.480 | SIM: mqtt1_gMqt/GPA5/Hours=90000
00:42:27.480 | SIM: mqtt1_gMqt/GPA6/PPU_Gen_active_power=1216,7458
00:42:27.481 | SIM: mqtt1_gMqt/GPA6/PPU_Gen_counter_active_power=18020,877
00:42:27.481 | SIM: mqtt1_gMqt/GPA6/T404=44,515896
00:42:27.481 | SIM: mqtt1_gMqt/GPA6/Hours=90000
00:42:27.727 | STREAM: plc1_00001=True
00:42:27.728 | STREAM: plc1_00002=False
00:42:27.728 | STREAM: plc1_30035=0
00:42:27.728 | STREAM: plc1_40005=50
00:42:27.729 | STREAM: plc1_00010=False
00:42:27.729 | STREAM: plc1_00003=False
00:42:27.729 | STREAM: plc1_30031=0
00:42:27.729 | STREAM: plc1_40006=0
00:42:27.730 | STREAM: plc1_00004=False
00:42:27.730 | STREAM: plc1_30033=0
00:42:27.730 | STREAM: plc1_40007=0
00:42:27.730 | STREAM: plc1_30029=0
00:42:27.731 | STREAM: plc1_30025=1
00:42:27.731 | STREAM: plc1_30023=20,986996
00:42:27.731 | STREAM: plc1_00011=False
00:42:27.731 | STREAM: plc1_00006=False
00:42:27.732 | STREAM: plc1_40033=0
00:42:27.732 | STREAM: plc1_40025=0
00:42:27.732 | STREAM: plc1_00007=False
00:42:27.732 | STREAM: plc1_40027=0
00:42:27.732 | STREAM: plc1_00005=True
00:42:27.733 | STREAM: plc1_40029=0
00:42:27.733 | STREAM: plc1_40021=0
00:42:27.733 | STREAM: plc1_30027=0
00:42:28.229 | STREAM: plc1_00001=True
00:42:28.230 | STREAM: plc1_00002=False
00:42:28.230 | STREAM: plc1_30035=0
00:42:28.230 | STREAM: plc1_40005=50
00:42:28.230 | STREAM: plc1_00010=False
00:42:28.231 | STREAM: plc1_00003=False
00:42:28.231 | STREAM: plc1_30031=0
00:42:28.231 | STREAM: plc1_40006=0
00:42:28.232 | STREAM: plc1_00004=False
00:42:28.232 | STREAM: plc1_30033=0
00:42:28.232 | STREAM: plc1_40007=0
00:42:28.232 | STREAM: plc1_30029=0
00:42:28.233 | STREAM: plc1_30025=1
00:42:28.233 | STREAM: plc1_30023=20,99143
00:42:28.233 | STREAM: plc1_00011=False
00:42:28.233 | STREAM: plc1_00006=False
00:42:28.234 | STREAM: plc1_40033=0
00:42:28.234 | STREAM: plc1_40025=0
00:42:28.234 | STREAM: plc1_00007=False
00:42:28.234 | STREAM: plc1_40027=0
00:42:28.234 | STREAM: plc1_00005=True
00:42:28.235 | STREAM: plc1_40029=0
00:42:28.235 | STREAM: plc1_40021=0
00:42:28.235 | STREAM: plc1_30027=0
00:42:28.577 | SIM: mqtt1_gMqt/ZAS/ZAS_Actual_Power=202,25342
00:42:28.577 | SIM: mqtt1_gMqt/GPA1/PPU_Gen_active_power=1179,6853
00:42:28.577 | SIM: mqtt1_gMqt/GPA1/PPU_Gen_counter_active_power=18020,734
00:42:28.577 | SIM: mqtt1_gMqt/GPA1/T404=44,015434
00:42:28.578 | SIM: mqtt1_gMqt/GPA1/Hours=90000
00:42:28.578 | SIM: mqtt1_gMqt/GPA2/PPU_Gen_active_power=1170,0616
00:42:28.578 | SIM: mqtt1_gMqt/GPA2/PPU_Gen_counter_active_power=18020,648
00:42:28.578 | SIM: mqtt1_gMqt/GPA2/T404=46,309578
00:42:28.578 | SIM: mqtt1_gMqt/GPA2/Hours=90000
00:42:28.578 | SIM: mqtt1_gMqt/GPA3/PPU_Gen_active_power=1215,1731
00:42:28.579 | SIM: mqtt1_gMqt/GPA3/PPU_Gen_counter_active_power=18021,24
00:42:28.579 | SIM: mqtt1_gMqt/GPA3/T404=44,61502
00:42:28.579 | SIM: mqtt1_gMqt/GPA3/Hours=90000
00:42:28.579 | SIM: mqtt1_gMqt/GPA4/PPU_Gen_active_power=1196,0708
00:42:28.579 | SIM: mqtt1_gMqt/GPA4/PPU_Gen_counter_active_power=18021,283
00:42:28.579 | SIM: mqtt1_gMqt/GPA4/T404=44,929966
00:42:28.579 | SIM: mqtt1_gMqt/GPA4/Hours=90000
00:42:28.580 | SIM: mqtt1_gMqt/GPA5/PPU_Gen_active_power=1161,4315
00:42:28.580 | SIM: mqtt1_gMqt/GPA5/PPU_Gen_counter_active_power=18020,416
00:42:28.580 | SIM: mqtt1_gMqt/GPA5/T404=45,138763
00:42:28.580 | SIM: mqtt1_gMqt/GPA5/Hours=90000
00:42:28.580 | SIM: mqtt1_gMqt/GPA6/PPU_Gen_active_power=1225,8713
00:42:28.580 | SIM: mqtt1_gMqt/GPA6/PPU_Gen_counter_active_power=18021,217
00:42:28.581 | SIM: mqtt1_gMqt/GPA6/T404=44,41762
00:42:28.581 | SIM: mqtt1_gMqt/GPA6/Hours=90000
00:42:28.735 | STREAM: plc1_00001=True
00:42:28.735 | STREAM: plc1_00002=False
00:42:28.735 | STREAM: plc1_30035=0
00:42:28.736 | STREAM: plc1_40005=50
00:42:28.736 | STREAM: plc1_00010=False
00:42:28.736 | STREAM: plc1_00003=False
00:42:28.737 | STREAM: plc1_30031=0
00:42:28.737 | STREAM: plc1_40006=0
00:42:28.737 | STREAM: plc1_00004=False
00:42:28.737 | STREAM: plc1_30033=0
00:42:28.738 | STREAM: plc1_40007=0
00:42:28.738 | STREAM: plc1_30029=0
00:42:28.738 | STREAM: plc1_30025=1
00:42:28.738 | STREAM: plc1_30023=20,996994
00:42:28.739 | STREAM: plc1_00011=False
00:42:28.739 | STREAM: plc1_00006=False
00:42:28.739 | STREAM: plc1_40033=0
00:42:28.740 | STREAM: plc1_40025=0
00:42:28.740 | STREAM: plc1_00007=False
00:42:28.740 | STREAM: plc1_40027=0
00:42:28.740 | STREAM: plc1_00005=True
00:42:28.741 | STREAM: plc1_40029=0
00:42:28.741 | STREAM: plc1_40021=0
00:42:28.741 | STREAM: plc1_30027=0
00:42:29.237 | STREAM: plc1_00001=True
00:42:29.237 | STREAM: plc1_00002=False
00:42:29.237 | STREAM: plc1_30035=0
00:42:29.238 | STREAM: plc1_40005=50
00:42:29.238 | STREAM: plc1_00010=False
00:42:29.238 | STREAM: plc1_00003=False
00:42:29.238 | STREAM: plc1_30031=0
00:42:29.239 | STREAM: plc1_40006=0
00:42:29.239 | STREAM: plc1_00004=False
00:42:29.239 | STREAM: plc1_30033=0
00:42:29.240 | STREAM: plc1_40007=0
00:42:29.240 | STREAM: plc1_30029=0
00:42:29.240 | STREAM: plc1_30025=1
00:42:29.240 | STREAM: plc1_30023=21,002487
00:42:29.241 | STREAM: plc1_00011=False
00:42:29.241 | STREAM: plc1_00006=False
00:42:29.241 | STREAM: plc1_40033=0
00:42:29.241 | STREAM: plc1_40025=0
00:42:29.242 | STREAM: plc1_00007=False
00:42:29.242 | STREAM: plc1_40027=0
00:42:29.242 | STREAM: plc1_00005=True
00:42:29.242 | STREAM: plc1_40029=0
00:42:29.242 | STREAM: plc1_40021=0
00:42:29.243 | STREAM: plc1_30027=0
00:42:29.673 | SIM: mqtt1_gMqt/ZAS/ZAS_Actual_Power=202,17209
00:42:29.674 | SIM: mqtt1_gMqt/GPA1/PPU_Gen_active_power=1177,182
00:42:29.674 | SIM: mqtt1_gMqt/GPA1/PPU_Gen_counter_active_power=18021,06
00:42:29.674 | SIM: mqtt1_gMqt/GPA1/T404=43,96982
00:42:29.674 | SIM: mqtt1_gMqt/GPA1/Hours=90000
00:42:29.674 | SIM: mqtt1_gMqt/GPA2/PPU_Gen_active_power=1174,5687
00:42:29.675 | SIM: mqtt1_gMqt/GPA2/PPU_Gen_counter_active_power=18020,975
00:42:29.675 | SIM: mqtt1_gMqt/GPA2/T404=46,114132
00:42:29.675 | SIM: mqtt1_gMqt/GPA2/Hours=90000
00:42:29.675 | SIM: mqtt1_gMqt/GPA3/PPU_Gen_active_power=1219,1809
00:42:29.675 | SIM: mqtt1_gMqt/GPA3/PPU_Gen_counter_active_power=18021,578
00:42:29.675 | SIM: mqtt1_gMqt/GPA3/T404=44,50024
00:42:29.675 | SIM: mqtt1_gMqt/GPA3/Hours=90000
00:42:29.676 | SIM: mqtt1_gMqt/GPA4/PPU_Gen_active_power=1203,3049
00:42:29.676 | SIM: mqtt1_gMqt/GPA4/PPU_Gen_counter_active_power=18021,617
00:42:29.676 | SIM: mqtt1_gMqt/GPA4/T404=44,916546
00:42:29.676 | SIM: mqtt1_gMqt/GPA4/Hours=90000
00:42:29.676 | SIM: mqtt1_gMqt/GPA5/PPU_Gen_active_power=1159,9281
00:42:29.676 | SIM: mqtt1_gMqt/GPA5/PPU_Gen_counter_active_power=18020,738
00:42:29.677 | SIM: mqtt1_gMqt/GPA5/T404=45,098312
00:42:29.677 | SIM: mqtt1_gMqt/GPA5/Hours=90000
00:42:29.677 | SIM: mqtt1_gMqt/GPA6/PPU_Gen_active_power=1230,196
00:42:29.677 | SIM: mqtt1_gMqt/GPA6/PPU_Gen_counter_active_power=18021,559
00:42:29.677 | SIM: mqtt1_gMqt/GPA6/T404=44,531494
00:42:29.677 | SIM: mqtt1_gMqt/GPA6/Hours=90000
00:42:29.752 | STREAM: plc1_00001=True
00:42:29.753 | STREAM: plc1_00002=False
00:42:29.753 | STREAM: plc1_30035=0
00:42:29.753 | STREAM: plc1_40005=50
00:42:29.754 | STREAM: plc1_00010=False
00:42:29.754 | STREAM: plc1_00003=False
00:42:29.754 | STREAM: plc1_30031=0
00:42:29.755 | STREAM: plc1_40006=0
00:42:29.755 | STREAM: plc1_00004=False
00:42:29.755 | STREAM: plc1_30033=0
00:42:29.755 | STREAM: plc1_40007=0
00:42:29.756 | STREAM: plc1_30029=0
00:42:29.756 | STREAM: plc1_30025=1
00:42:29.756 | STREAM: plc1_30023=21,00684
00:42:29.756 | STREAM: plc1_00011=False
00:42:29.756 | STREAM: plc1_00006=False
00:42:29.757 | STREAM: plc1_40033=0
00:42:29.757 | STREAM: plc1_40025=0
00:42:29.757 | STREAM: plc1_00007=False
00:42:29.757 | STREAM: plc1_40027=0
00:42:29.758 | STREAM: plc1_00005=True
00:42:29.758 | STREAM: plc1_40029=0
00:42:29.758 | STREAM: plc1_40021=0
00:42:29.758 | STREAM: plc1_30027=0
00:42:30.252 | STREAM: plc1_00001=True
00:42:30.252 | STREAM: plc1_00002=False
00:42:30.253 | STREAM: plc1_30035=0
00:42:30.253 | STREAM: plc1_40005=50
00:42:30.253 | STREAM: plc1_00010=False
00:42:30.254 | STREAM: plc1_00003=False
00:42:30.254 | STREAM: plc1_30031=0
00:42:30.254 | STREAM: plc1_40006=0
00:42:30.254 | STREAM: plc1_00004=False
00:42:30.254 | STREAM: plc1_30033=0
00:42:30.255 | STREAM: plc1_40007=0
00:42:30.255 | STREAM: plc1_30029=0
00:42:30.255 | STREAM: plc1_30025=1
00:42:30.255 | STREAM: plc1_30023=21,012262
00:42:30.256 | STREAM: plc1_00011=False
00:42:30.256 | STREAM: plc1_00006=False
00:42:30.256 | STREAM: plc1_40033=0
00:42:30.256 | STREAM: plc1_40025=0
00:42:30.256 | STREAM: plc1_00007=False
00:42:30.257 | STREAM: plc1_40027=0
00:42:30.257 | STREAM: plc1_00005=True
00:42:30.257 | STREAM: plc1_40029=0
00:42:30.257 | STREAM: plc1_40021=0
00:42:30.258 | STREAM: plc1_30027=0
00:42:30.753 | STREAM: plc1_00001=True
00:42:30.753 | STREAM: plc1_00002=False
00:42:30.753 | STREAM: plc1_30035=0
00:42:30.753 | STREAM: plc1_40005=50
00:42:30.754 | STREAM: plc1_00010=False
00:42:30.754 | STREAM: plc1_00003=False
00:42:30.754 | STREAM: plc1_30031=0
00:42:30.754 | STREAM: plc1_40006=0
00:42:30.755 | STREAM: plc1_00004=False
00:42:30.755 | STREAM: plc1_30033=0
00:42:30.755 | STREAM: plc1_40007=0
00:42:30.755 | STREAM: plc1_30029=0
00:42:30.756 | STREAM: plc1_30025=1
00:42:30.756 | STREAM: plc1_30023=21,016575
00:42:30.756 | STREAM: plc1_00011=False
00:42:30.756 | STREAM: plc1_00006=False
00:42:30.757 | STREAM: plc1_40033=0
00:42:30.757 | STREAM: plc1_40025=0
00:42:30.757 | STREAM: plc1_00007=False
00:42:30.757 | STREAM: plc1_40027=0
00:42:30.758 | STREAM: plc1_00005=True
00:42:30.758 | STREAM: plc1_40029=0
00:42:30.758 | STREAM: plc1_40021=0
00:42:30.758 | STREAM: plc1_30027=0
00:42:30.769 | SIM: mqtt1_gMqt/ZAS/ZAS_Actual_Power=202,4837
00:42:30.769 | SIM: mqtt1_gMqt/GPA1/PPU_Gen_active_power=1174,0538
00:42:30.769 | SIM: mqtt1_gMqt/GPA1/PPU_Gen_counter_active_power=18021,387
00:42:30.769 | SIM: mqtt1_gMqt/GPA1/T404=44,052063
00:42:30.769 | SIM: mqtt1_gMqt/GPA1/Hours=90000
00:42:30.769 | SIM: mqtt1_gMqt/GPA2/PPU_Gen_active_power=1164,9474
00:42:30.769 | SIM: mqtt1_gMqt/GPA2/PPU_Gen_counter_active_power=18021,299
00:42:30.770 | SIM: mqtt1_gMqt/GPA2/T404=46,07159
00:42:30.770 | SIM: mqtt1_gMqt/GPA2/Hours=90000
00:42:30.770 | SIM: mqtt1_gMqt/GPA3/PPU_Gen_active_power=1213,647
00:42:30.770 | SIM: mqtt1_gMqt/GPA3/PPU_Gen_counter_active_power=18021,916
00:42:30.770 | SIM: mqtt1_gMqt/GPA3/T404=44,6874
00:42:30.770 | SIM: mqtt1_gMqt/GPA3/Hours=90000
00:42:30.771 | SIM: mqtt1_gMqt/GPA4/PPU_Gen_active_power=1208,6898
00:42:30.771 | SIM: mqtt1_gMqt/GPA4/PPU_Gen_counter_active_power=18021,953
00:42:30.771 | SIM: mqtt1_gMqt/GPA4/T404=44,949883
00:42:30.771 | SIM: mqtt1_gMqt/GPA4/Hours=90000
00:42:30.771 | SIM: mqtt1_gMqt/GPA5/PPU_Gen_active_power=1159,3329
00:42:30.771 | SIM: mqtt1_gMqt/GPA5/PPU_Gen_counter_active_power=18021,06
00:42:30.771 | SIM: mqtt1_gMqt/GPA5/T404=45,326103
00:42:30.772 | SIM: mqtt1_gMqt/GPA5/Hours=90000
00:42:30.772 | SIM: mqtt1_gMqt/GPA6/PPU_Gen_active_power=1239,1809
00:42:30.772 | SIM: mqtt1_gMqt/GPA6/PPU_Gen_counter_active_power=18021,902
00:42:30.772 | SIM: mqtt1_gMqt/GPA6/T404=44,5382
00:42:30.772 | SIM: mqtt1_gMqt/GPA6/Hours=90000
00:42:31.265 | STREAM: plc1_00001=True
00:42:31.266 | STREAM: plc1_00002=False
00:42:31.266 | STREAM: plc1_30035=0
00:42:31.266 | STREAM: plc1_40005=50
00:42:31.267 | STREAM: plc1_00010=False
00:42:31.267 | STREAM: plc1_00003=False
00:42:31.267 | STREAM: plc1_30031=0
00:42:31.267 | STREAM: plc1_40006=0
00:42:31.268 | STREAM: plc1_00004=False
00:42:31.268 | STREAM: plc1_30033=0
00:42:31.268 | STREAM: plc1_40007=0
00:42:31.269 | STREAM: plc1_30029=0
00:42:31.269 | STREAM: plc1_30025=1
00:42:31.269 | STREAM: plc1_30023=21,021927
00:42:31.269 | STREAM: plc1_00011=False
00:42:31.270 | STREAM: plc1_00006=False
00:42:31.270 | STREAM: plc1_40033=0
00:42:31.270 | STREAM: plc1_40025=0
00:42:31.270 | STREAM: plc1_00007=False
00:42:31.271 | STREAM: plc1_40027=0
00:42:31.271 | STREAM: plc1_00005=True
00:42:31.271 | STREAM: plc1_40029=0
00:42:31.272 | STREAM: plc1_40021=0
00:42:31.272 | STREAM: plc1_30027=0
00:42:31.771 | STREAM: plc1_00001=True
00:42:31.771 | STREAM: plc1_00002=False
00:42:31.771 | STREAM: plc1_30035=0
00:42:31.772 | STREAM: plc1_40005=50
00:42:31.772 | STREAM: plc1_00010=False
00:42:31.772 | STREAM: plc1_00003=False
00:42:31.773 | STREAM: plc1_30031=0
00:42:31.773 | STREAM: plc1_40006=0
00:42:31.773 | STREAM: plc1_00004=False
00:42:31.774 | STREAM: plc1_30033=0
00:42:31.774 | STREAM: plc1_40007=0
00:42:31.774 | STREAM: plc1_30029=0
00:42:31.775 | STREAM: plc1_30025=1
00:42:31.775 | STREAM: plc1_30023=21,027311
00:42:31.775 | STREAM: plc1_00011=False
00:42:31.775 | STREAM: plc1_00006=False
00:42:31.776 | STREAM: plc1_40033=0
00:42:31.776 | STREAM: plc1_40025=0
00:42:31.776 | STREAM: plc1_00007=False
00:42:31.777 | STREAM: plc1_40027=0
00:42:31.777 | STREAM: plc1_00005=True
00:42:31.777 | STREAM: plc1_40029=0
00:42:31.777 | STREAM: plc1_40021=0
00:42:31.778 | STREAM: plc1_30027=0
00:42:31.865 | SIM: mqtt1_gMqt/ZAS/ZAS_Actual_Power=200,50877
00:42:31.866 | SIM: mqtt1_gMqt/GPA1/PPU_Gen_active_power=1177,1226
00:42:31.866 | SIM: mqtt1_gMqt/GPA1/PPU_Gen_counter_active_power=18021,713
00:42:31.866 | SIM: mqtt1_gMqt/GPA1/T404=44,076412
00:42:31.866 | SIM: mqtt1_gMqt/GPA1/Hours=90000
00:42:31.866 | SIM: mqtt1_gMqt/GPA2/PPU_Gen_active_power=1170,3193
00:42:31.867 | SIM: mqtt1_gMqt/GPA2/PPU_Gen_counter_active_power=18021,623
00:42:31.867 | SIM: mqtt1_gMqt/GPA2/T404=45,904964
00:42:31.867 | SIM: mqtt1_gMqt/GPA2/Hours=90000
00:42:31.867 | SIM: mqtt1_gMqt/GPA3/PPU_Gen_active_power=1218,0254
00:42:31.867 | SIM: mqtt1_gMqt/GPA3/PPU_Gen_counter_active_power=18022,254
00:42:31.867 | SIM: mqtt1_gMqt/GPA3/T404=44,50343
00:42:31.867 | SIM: mqtt1_gMqt/GPA3/Hours=90000
00:42:31.868 | SIM: mqtt1_gMqt/GPA4/PPU_Gen_active_power=1206,1542
00:42:31.868 | SIM: mqtt1_gMqt/GPA4/PPU_Gen_counter_active_power=18022,29
00:42:31.868 | SIM: mqtt1_gMqt/GPA4/T404=45,08853
00:42:31.868 | SIM: mqtt1_gMqt/GPA4/Hours=90000
00:42:31.868 | SIM: mqtt1_gMqt/GPA5/PPU_Gen_active_power=1157,9806
00:42:31.868 | SIM: mqtt1_gMqt/GPA5/PPU_Gen_counter_active_power=18021,383
00:42:31.869 | SIM: mqtt1_gMqt/GPA5/T404=45,471447
00:42:31.869 | SIM: mqtt1_gMqt/GPA5/Hours=90000
00:42:31.869 | SIM: mqtt1_gMqt/GPA6/PPU_Gen_active_power=1241,8065
00:42:31.869 | SIM: mqtt1_gMqt/GPA6/PPU_Gen_counter_active_power=18022,248
00:42:31.869 | SIM: mqtt1_gMqt/GPA6/T404=44,746365
00:42:31.869 | SIM: mqtt1_gMqt/GPA6/Hours=90000
00:42:32.271 | STREAM: plc1_00001=True
00:42:32.271 | STREAM: plc1_00002=False
00:42:32.272 | STREAM: plc1_30035=0
00:42:32.272 | STREAM: plc1_40005=50
00:42:32.272 | STREAM: plc1_00010=False
00:42:32.273 | STREAM: plc1_00003=False
00:42:32.273 | STREAM: plc1_30031=0
00:42:32.273 | STREAM: plc1_40006=0
00:42:32.273 | STREAM: plc1_00004=False
00:42:32.273 | STREAM: plc1_30033=0
00:42:32.274 | STREAM: plc1_40007=0
00:42:32.274 | STREAM: plc1_30029=0
00:42:32.274 | STREAM: plc1_30025=1
00:42:32.274 | STREAM: plc1_30023=21,031569
00:42:32.275 | STREAM: plc1_00011=False
00:42:32.275 | STREAM: plc1_00006=False
00:42:32.275 | STREAM: plc1_40033=0
00:42:32.276 | STREAM: plc1_40025=0
00:42:32.276 | STREAM: plc1_00007=False
00:42:32.276 | STREAM: plc1_40027=0
00:42:32.276 | STREAM: plc1_00005=True
00:42:32.277 | STREAM: plc1_40029=0
00:42:32.277 | STREAM: plc1_40021=0
00:42:32.277 | STREAM: plc1_30027=0
00:42:32.772 | STREAM: plc1_00001=True
00:42:32.772 | STREAM: plc1_00002=False
00:42:32.772 | STREAM: plc1_30035=0
00:42:32.773 | STREAM: plc1_40005=50
00:42:32.773 | STREAM: plc1_00010=False
00:42:32.773 | STREAM: plc1_00003=False
00:42:32.774 | STREAM: plc1_30031=0
00:42:32.774 | STREAM: plc1_40006=0
00:42:32.774 | STREAM: plc1_00004=False
00:42:32.775 | STREAM: plc1_30033=0
00:42:32.775 | STREAM: plc1_40007=0
00:42:32.775 | STREAM: plc1_30029=0
00:42:32.776 | STREAM: plc1_30025=1
00:42:32.776 | STREAM: plc1_30023=21,036858
00:42:32.776 | STREAM: plc1_00011=False
00:42:32.777 | STREAM: plc1_00006=False
00:42:32.777 | STREAM: plc1_40033=0
00:42:32.777 | STREAM: plc1_40025=0
00:42:32.777 | STREAM: plc1_00007=False
00:42:32.778 | STREAM: plc1_40027=0
00:42:32.778 | STREAM: plc1_00005=True
00:42:32.778 | STREAM: plc1_40029=0
00:42:32.778 | STREAM: plc1_40021=0
00:42:32.779 | STREAM: plc1_30027=0
00:42:32.961 | SIM: mqtt1_gMqt/ZAS/ZAS_Actual_Power=201,86313
00:42:32.961 | SIM: mqtt1_gMqt/GPA1/PPU_Gen_active_power=1174,5077
00:42:32.961 | SIM: mqtt1_gMqt/GPA1/PPU_Gen_counter_active_power=18022,04
00:42:32.961 | SIM: mqtt1_gMqt/GPA1/T404=43,90986
00:42:32.962 | SIM: mqtt1_gMqt/GPA1/Hours=90000
00:42:32.962 | SIM: mqtt1_gMqt/GPA2/PPU_Gen_active_power=1176,8002
00:42:32.962 | SIM: mqtt1_gMqt/GPA2/PPU_Gen_counter_active_power=18021,95
00:42:32.963 | SIM: mqtt1_gMqt/GPA2/T404=45,73621
00:42:32.963 | SIM: mqtt1_gMqt/GPA2/Hours=90000
00:42:32.963 | SIM: mqtt1_gMqt/GPA3/PPU_Gen_active_power=1219,9261
00:42:32.963 | SIM: mqtt1_gMqt/GPA3/PPU_Gen_counter_active_power=18022,594
00:42:32.963 | SIM: mqtt1_gMqt/GPA3/T404=44,34802
00:42:32.963 | SIM: mqtt1_gMqt/GPA3/Hours=90000
00:42:32.964 | SIM: mqtt1_gMqt/GPA4/PPU_Gen_active_power=1201,6548
00:42:32.964 | SIM: mqtt1_gMqt/GPA4/PPU_Gen_counter_active_power=18022,623
00:42:32.964 | SIM: mqtt1_gMqt/GPA4/T404=45,284527
00:42:32.964 | SIM: mqtt1_gMqt/GPA4/Hours=90000
00:42:32.964 | SIM: mqtt1_gMqt/GPA5/PPU_Gen_active_power=1165,1787
00:42:32.964 | SIM: mqtt1_gMqt/GPA5/PPU_Gen_counter_active_power=18021,707
00:42:32.964 | SIM: mqtt1_gMqt/GPA5/T404=45,29185
00:42:32.965 | SIM: mqtt1_gMqt/GPA5/Hours=90000
00:42:32.965 | SIM: mqtt1_gMqt/GPA6/PPU_Gen_active_power=1249,9719
00:42:32.965 | SIM: mqtt1_gMqt/GPA6/PPU_Gen_counter_active_power=18022,596
00:42:32.965 | SIM: mqtt1_gMqt/GPA6/T404=44,80519
00:42:32.965 | SIM: mqtt1_gMqt/GPA6/Hours=90000
00:42:33.274 | STREAM: plc1_00001=True
00:42:33.275 | STREAM: plc1_00002=False
00:42:33.276 | STREAM: plc1_30035=0
00:42:33.276 | STREAM: plc1_40005=50
00:42:33.276 | STREAM: plc1_00010=False
00:42:33.276 | STREAM: plc1_00003=False
00:42:33.276 | STREAM: plc1_30031=0
00:42:33.277 | STREAM: plc1_40006=0
00:42:33.277 | STREAM: plc1_00004=False
00:42:33.277 | STREAM: plc1_30033=0
00:42:33.278 | STREAM: plc1_40007=0
00:42:33.278 | STREAM: plc1_30029=0
00:42:33.278 | STREAM: plc1_30025=1
00:42:33.279 | STREAM: plc1_30023=21,041082
00:42:33.279 | STREAM: plc1_00011=False
00:42:33.279 | STREAM: plc1_00006=False
00:42:33.279 | STREAM: plc1_40033=0
00:42:33.280 | STREAM: plc1_40025=0
00:42:33.280 | STREAM: plc1_00007=False
00:42:33.280 | STREAM: plc1_40027=0
00:42:33.281 | STREAM: plc1_00005=True
00:42:33.281 | STREAM: plc1_40029=0
00:42:33.281 | STREAM: plc1_40021=0
00:42:33.281 | STREAM: plc1_30027=0
00:42:33.779 | STREAM: plc1_00001=True
00:42:33.779 | STREAM: plc1_00002=False
00:42:33.779 | STREAM: plc1_30035=0
00:42:33.780 | STREAM: plc1_40005=50
00:42:33.780 | STREAM: plc1_00010=False
00:42:33.780 | STREAM: plc1_00003=False
00:42:33.780 | STREAM: plc1_30031=0
00:42:33.781 | STREAM: plc1_40006=0
00:42:33.781 | STREAM: plc1_00004=False
00:42:33.781 | STREAM: plc1_30033=0
00:42:33.781 | STREAM: plc1_40007=0
00:42:33.782 | STREAM: plc1_30029=0
00:42:33.782 | STREAM: plc1_30025=1
00:42:33.782 | STREAM: plc1_30023=21,04634
00:42:33.782 | STREAM: plc1_00011=False
00:42:33.783 | STREAM: plc1_00006=False
00:42:33.783 | STREAM: plc1_40033=0
00:42:33.783 | STREAM: plc1_40025=0
00:42:33.784 | STREAM: plc1_00007=False
00:42:33.784 | STREAM: plc1_40027=0
00:42:33.784 | STREAM: plc1_00005=True
00:42:33.784 | STREAM: plc1_40029=0
00:42:33.785 | STREAM: plc1_40021=0
00:42:33.785 | STREAM: plc1_30027=0
00:42:34.062 | SIM: mqtt1_gMqt/ZAS/ZAS_Actual_Power=200,26472
00:42:34.062 | SIM: mqtt1_gMqt/GPA1/PPU_Gen_active_power=1167,9159
00:42:34.062 | SIM: mqtt1_gMqt/GPA1/PPU_Gen_counter_active_power=18022,363
00:42:34.062 | SIM: mqtt1_gMqt/GPA1/T404=43,737263
00:42:34.063 | SIM: mqtt1_gMqt/GPA1/Hours=90000
00:42:34.063 | SIM: mqtt1_gMqt/GPA2/PPU_Gen_active_power=1169,6376
00:42:34.063 | SIM: mqtt1_gMqt/GPA2/PPU_Gen_counter_active_power=18022,273
00:42:34.063 | SIM: mqtt1_gMqt/GPA2/T404=45,841087
00:42:34.063 | SIM: mqtt1_gMqt/GPA2/Hours=90000
00:42:34.064 | SIM: mqtt1_gMqt/GPA3/PPU_Gen_active_power=1229,5568
00:42:34.064 | SIM: mqtt1_gMqt/GPA3/PPU_Gen_counter_active_power=18022,936
00:42:34.064 | SIM: mqtt1_gMqt/GPA3/T404=44,368103
00:42:34.064 | SIM: mqtt1_gMqt/GPA3/Hours=90000
00:42:34.064 | SIM: mqtt1_gMqt/GPA4/PPU_Gen_active_power=1210,3448
00:42:34.064 | SIM: mqtt1_gMqt/GPA4/PPU_Gen_counter_active_power=18022,959
00:42:34.064 | SIM: mqtt1_gMqt/GPA4/T404=45,0762
00:42:34.065 | SIM: mqtt1_gMqt/GPA4/Hours=90000
00:42:34.065 | SIM: mqtt1_gMqt/GPA5/PPU_Gen_active_power=1164,0487
00:42:34.065 | SIM: mqtt1_gMqt/GPA5/PPU_Gen_counter_active_power=18022,031
00:42:34.065 | SIM: mqtt1_gMqt/GPA5/T404=45,298557
00:42:34.065 | SIM: mqtt1_gMqt/GPA5/Hours=90000
00:42:34.065 | SIM: mqtt1_gMqt/GPA6/PPU_Gen_active_power=1245,3224
00:42:34.066 | SIM: mqtt1_gMqt/GPA6/PPU_Gen_counter_active_power=18022,941
00:42:34.066 | SIM: mqtt1_gMqt/GPA6/T404=44,991302
00:42:34.066 | SIM: mqtt1_gMqt/GPA6/Hours=90000
00:42:34.279 | STREAM: plc1_00001=True
00:42:34.280 | STREAM: plc1_00002=False
00:42:34.280 | STREAM: plc1_30035=0
00:42:34.280 | STREAM: plc1_40005=50
00:42:34.281 | STREAM: plc1_00010=False
00:42:34.281 | STREAM: plc1_00003=False
00:42:34.281 | STREAM: plc1_30031=0
00:42:34.281 | STREAM: plc1_40006=0
00:42:34.282 | STREAM: plc1_00004=False
00:42:34.282 | STREAM: plc1_30033=0
00:42:34.282 | STREAM: plc1_40007=0
00:42:34.282 | STREAM: plc1_30029=0
00:42:34.283 | STREAM: plc1_30025=1
00:42:34.283 | STREAM: plc1_30023=21,051567
00:42:34.283 | STREAM: plc1_00011=False
00:42:34.284 | STREAM: plc1_00006=False
00:42:34.284 | STREAM: plc1_40033=0
00:42:34.284 | STREAM: plc1_40025=0
00:42:34.284 | STREAM: plc1_00007=False
00:42:34.285 | STREAM: plc1_40027=0
00:42:34.285 | STREAM: plc1_00005=True
00:42:34.285 | STREAM: plc1_40029=0
00:42:34.285 | STREAM: plc1_40021=0
00:42:34.286 | STREAM: plc1_30027=0
00:42:34.784 | STREAM: plc1_00001=True
00:42:34.785 | STREAM: plc1_00002=False
00:42:34.785 | STREAM: plc1_30035=0
00:42:34.785 | STREAM: plc1_40005=50
00:42:34.785 | STREAM: plc1_00010=False
00:42:34.786 | STREAM: plc1_00003=False
00:42:34.786 | STREAM: plc1_30031=0
00:42:34.786 | STREAM: plc1_40006=0
00:42:34.786 | STREAM: plc1_00004=False
00:42:34.787 | STREAM: plc1_30033=0
00:42:34.787 | STREAM: plc1_40007=0
00:42:34.787 | STREAM: plc1_30029=0
00:42:34.787 | STREAM: plc1_30025=1
00:42:34.788 | STREAM: plc1_30023=21,055748
00:42:34.788 | STREAM: plc1_00011=False
00:42:34.788 | STREAM: plc1_00006=False
00:42:34.791 | STREAM: plc1_40033=0
00:42:34.792 | STREAM: plc1_40025=0
00:42:34.792 | STREAM: plc1_00007=False
00:42:34.792 | STREAM: plc1_40027=0
00:42:34.792 | STREAM: plc1_00005=True
00:42:34.793 | STREAM: plc1_40029=0
00:42:34.793 | STREAM: plc1_40021=0
00:42:34.793 | STREAM: plc1_30027=0
00:42:35.160 | SIM: mqtt1_gMqt/ZAS/ZAS_Actual_Power=198,47134
00:42:35.160 | SIM: mqtt1_gMqt/GPA1/PPU_Gen_active_power=1165,9917
00:42:35.161 | SIM: mqtt1_gMqt/GPA1/PPU_Gen_counter_active_power=18022,688
00:42:35.161 | SIM: mqtt1_gMqt/GPA1/T404=43,574913
00:42:35.161 | SIM: mqtt1_gMqt/GPA1/Hours=90000
00:42:35.161 | SIM: mqtt1_gMqt/GPA2/PPU_Gen_active_power=1178,0896
00:42:35.161 | SIM: mqtt1_gMqt/GPA2/PPU_Gen_counter_active_power=18022,602
00:42:35.161 | SIM: mqtt1_gMqt/GPA2/T404=45,885868
00:42:35.162 | SIM: mqtt1_gMqt/GPA2/Hours=90000
00:42:35.162 | SIM: mqtt1_gMqt/GPA3/PPU_Gen_active_power=1234,1854
00:42:35.162 | SIM: mqtt1_gMqt/GPA3/PPU_Gen_counter_active_power=18023,28
00:42:35.162 | SIM: mqtt1_gMqt/GPA3/T404=44,242737
00:42:35.162 | SIM: mqtt1_gMqt/GPA3/Hours=90000
00:42:35.162 | SIM: mqtt1_gMqt/GPA4/PPU_Gen_active_power=1200,8401
00:42:35.163 | SIM: mqtt1_gMqt/GPA4/PPU_Gen_counter_active_power=18023,293
00:42:35.163 | SIM: mqtt1_gMqt/GPA4/T404=45,24367
00:42:35.163 | SIM: mqtt1_gMqt/GPA4/Hours=90000
00:42:35.163 | SIM: mqtt1_gMqt/GPA5/PPU_Gen_active_power=1171,522
00:42:35.163 | SIM: mqtt1_gMqt/GPA5/PPU_Gen_counter_active_power=18022,357
00:42:35.163 | SIM: mqtt1_gMqt/GPA5/T404=45,34879
00:42:35.163 | SIM: mqtt1_gMqt/GPA5/Hours=90000
00:42:35.164 | SIM: mqtt1_gMqt/GPA6/PPU_Gen_active_power=1252,0308
00:42:35.164 | SIM: mqtt1_gMqt/GPA6/PPU_Gen_counter_active_power=18023,29
00:42:35.164 | SIM: mqtt1_gMqt/GPA6/T404=44,929726
00:42:35.164 | SIM: mqtt1_gMqt/GPA6/Hours=90000
00:42:35.285 | STREAM: plc1_00001=False
00:42:35.286 | STREAM: plc1_00002=False
00:42:35.286 | STREAM: plc1_30035=0
00:42:35.286 | STREAM: plc1_40005=50
00:42:35.286 | STREAM: plc1_00010=False
00:42:35.287 | STREAM: plc1_00003=False
00:42:35.287 | STREAM: plc1_30031=0
00:42:35.287 | STREAM: plc1_40006=0
00:42:35.287 | STREAM: plc1_00004=False
00:42:35.288 | STREAM: plc1_30033=0
00:42:35.288 | STREAM: plc1_40007=0
00:42:35.288 | STREAM: plc1_30029=0
00:42:35.288 | STREAM: plc1_30025=1
00:42:35.289 | STREAM: plc1_30023=21,060923
00:42:35.289 | STREAM: plc1_00011=False
00:42:35.289 | STREAM: plc1_00006=False
00:42:35.289 | STREAM: plc1_40033=0
00:42:35.290 | STREAM: plc1_40025=0
00:42:35.290 | STREAM: plc1_00007=False
00:42:35.290 | STREAM: plc1_40027=0
00:42:35.290 | STREAM: plc1_00005=True
00:42:35.290 | STREAM: plc1_40029=0
00:42:35.291 | STREAM: plc1_40021=0
00:42:35.291 | STREAM: plc1_30027=0
00:42:35.786 | STREAM: plc1_00001=False
00:42:35.786 | STREAM: plc1_00002=False
00:42:35.787 | STREAM: plc1_30035=0
00:42:35.787 | STREAM: plc1_40005=50
00:42:35.787 | STREAM: plc1_00010=False
00:42:35.787 | STREAM: plc1_00003=False
00:42:35.788 | STREAM: plc1_30031=0
00:42:35.788 | STREAM: plc1_40006=0
00:42:35.788 | STREAM: plc1_00004=False
00:42:35.788 | STREAM: plc1_30033=0
00:42:35.789 | STREAM: plc1_40007=0
00:42:35.789 | STREAM: plc1_30029=0
00:42:35.789 | STREAM: plc1_30025=1
00:42:35.789 | STREAM: plc1_30023=21,06502
00:42:35.790 | STREAM: plc1_00011=False
00:42:35.790 | STREAM: plc1_00006=False
00:42:35.790 | STREAM: plc1_40033=0
00:42:35.790 | STREAM: plc1_40025=0
00:42:35.791 | STREAM: plc1_00007=False
00:42:35.791 | STREAM: plc1_40027=0
00:42:35.791 | STREAM: plc1_00005=True
00:42:35.791 | STREAM: plc1_40029=0
00:42:35.792 | STREAM: plc1_40021=0
00:42:35.792 | STREAM: plc1_30027=0
00:42:36.255 | SIM: mqtt1_gMqt/ZAS/ZAS_Actual_Power=199,27771
00:42:36.255 | SIM: mqtt1_gMqt/GPA1/PPU_Gen_active_power=1166,9452
00:42:36.255 | SIM: mqtt1_gMqt/GPA1/PPU_Gen_counter_active_power=18023,012
00:42:36.256 | SIM: mqtt1_gMqt/GPA1/T404=43,364815
00:42:36.256 | SIM: mqtt1_gMqt/GPA1/Hours=90000
00:42:36.256 | SIM: mqtt1_gMqt/GPA2/PPU_Gen_active_power=1170,3516
00:42:36.256 | SIM: mqtt1_gMqt/GPA2/PPU_Gen_counter_active_power=18022,926
00:42:36.256 | SIM: mqtt1_gMqt/GPA2/T404=46,12959
00:42:36.256 | SIM: mqtt1_gMqt/GPA2/Hours=90000
00:42:36.256 | SIM: mqtt1_gMqt/GPA3/PPU_Gen_active_power=1238,689
00:42:36.257 | SIM: mqtt1_gMqt/GPA3/PPU_Gen_counter_active_power=18023,623
00:42:36.257 | SIM: mqtt1_gMqt/GPA3/T404=44,172607
00:42:36.257 | SIM: mqtt1_gMqt/GPA3/Hours=90000
00:42:36.257 | SIM: mqtt1_gMqt/GPA4/PPU_Gen_active_power=1196,437
00:42:36.257 | SIM: mqtt1_gMqt/GPA4/PPU_Gen_counter_active_power=18023,625
00:42:36.257 | SIM: mqtt1_gMqt/GPA4/T404=45,064396
00:42:36.257 | SIM: mqtt1_gMqt/GPA4/Hours=90000
00:42:36.257 | SIM: mqtt1_gMqt/GPA5/PPU_Gen_active_power=1175,0481
00:42:36.258 | SIM: mqtt1_gMqt/GPA5/PPU_Gen_counter_active_power=18022,684
00:42:36.258 | SIM: mqtt1_gMqt/GPA5/T404=45,433247
00:42:36.258 | SIM: mqtt1_gMqt/GPA5/Hours=90000
00:42:36.258 | SIM: mqtt1_gMqt/GPA6/PPU_Gen_active_power=1242,2898
00:42:36.258 | SIM: mqtt1_gMqt/GPA6/PPU_Gen_counter_active_power=18023,635
00:42:36.258 | SIM: mqtt1_gMqt/GPA6/T404=44,715744
00:42:36.258 | SIM: mqtt1_gMqt/GPA6/Hours=90000
00:42:36.301 | STREAM: plc1_00001=False
00:42:36.301 | STREAM: plc1_00002=False
00:42:36.302 | STREAM: plc1_30035=0
00:42:36.302 | STREAM: plc1_40005=50
00:42:36.302 | STREAM: plc1_00010=False
00:42:36.303 | STREAM: plc1_00003=False
00:42:36.303 | STREAM: plc1_30031=0
00:42:36.303 | STREAM: plc1_40006=0
00:42:36.303 | STREAM: plc1_00004=False
00:42:36.304 | STREAM: plc1_30033=0
00:42:36.304 | STREAM: plc1_40007=0
00:42:36.304 | STREAM: plc1_30029=0
00:42:36.304 | STREAM: plc1_30025=1
00:42:36.305 | STREAM: plc1_30023=21,070133
00:42:36.305 | STREAM: plc1_00011=False
00:42:36.305 | STREAM: plc1_00006=False
00:42:36.306 | STREAM: plc1_40033=0
00:42:36.307 | STREAM: plc1_40025=0
00:42:36.307 | STREAM: plc1_00007=False
00:42:36.307 | STREAM: plc1_40027=0
00:42:36.307 | STREAM: plc1_00005=True
00:42:36.308 | STREAM: plc1_40029=0
00:42:36.308 | STREAM: plc1_40021=0
00:42:36.308 | STREAM: plc1_30027=0
00:42:36.802 | STREAM: plc1_00001=False
00:42:36.803 | STREAM: plc1_00002=False
00:42:36.803 | STREAM: plc1_30035=0
00:42:36.803 | STREAM: plc1_40005=50
00:42:36.804 | STREAM: plc1_00010=False
00:42:36.804 | STREAM: plc1_00003=False
00:42:36.804 | STREAM: plc1_30031=0
00:42:36.804 | STREAM: plc1_40006=0
00:42:36.805 | STREAM: plc1_00004=False
00:42:36.805 | STREAM: plc1_30033=0
00:42:36.805 | STREAM: plc1_40007=0
00:42:36.805 | STREAM: plc1_30029=0
00:42:36.806 | STREAM: plc1_30025=1
00:42:36.806 | STREAM: plc1_30023=21,07521
00:42:36.807 | STREAM: plc1_00011=False
00:42:36.807 | STREAM: plc1_00006=False
00:42:36.807 | STREAM: plc1_40033=0
00:42:36.807 | STREAM: plc1_40025=0
00:42:36.808 | STREAM: plc1_00007=False
00:42:36.808 | STREAM: plc1_40027=0
00:42:36.808 | STREAM: plc1_00005=True
00:42:36.808 | STREAM: plc1_40029=0
00:42:36.809 | STREAM: plc1_40021=0
00:42:36.809 | STREAM: plc1_30027=0
00:42:37.318 | STREAM: plc1_00001=False
00:42:37.318 | STREAM: plc1_00002=False
00:42:37.318 | STREAM: plc1_30035=0
00:42:37.319 | STREAM: plc1_40005=50
00:42:37.319 | STREAM: plc1_00010=False
00:42:37.319 | STREAM: plc1_00003=False
00:42:37.319 | STREAM: plc1_30031=0
00:42:37.320 | STREAM: plc1_40006=0
00:42:37.320 | STREAM: plc1_00004=False
00:42:37.320 | STREAM: plc1_30033=0
00:42:37.320 | STREAM: plc1_40007=0
00:42:37.321 | STREAM: plc1_30029=0
00:42:37.321 | STREAM: plc1_30025=1
00:42:37.321 | STREAM: plc1_30023=21,079254
00:42:37.321 | STREAM: plc1_00011=False
00:42:37.322 | STREAM: plc1_00006=False
00:42:37.322 | STREAM: plc1_40033=0
00:42:37.322 | STREAM: plc1_40025=0
00:42:37.322 | STREAM: plc1_00007=False
00:42:37.323 | STREAM: plc1_40027=0
00:42:37.323 | STREAM: plc1_00005=True
00:42:37.323 | STREAM: plc1_40029=0
00:42:37.323 | STREAM: plc1_40021=0
00:42:37.324 | STREAM: plc1_30027=0
00:42:37.348 | SIM: mqtt1_gMqt/ZAS/ZAS_Actual_Power=198,31757
00:42:37.348 | SIM: mqtt1_gMqt/GPA1/PPU_Gen_active_power=1160,2019
00:42:37.348 | SIM: mqtt1_gMqt/GPA1/PPU_Gen_counter_active_power=18023,334
00:42:37.349 | SIM: mqtt1_gMqt/GPA1/T404=43,224346
00:42:37.349 | SIM: mqtt1_gMqt/GPA1/Hours=90000
00:42:37.349 | SIM: mqtt1_gMqt/GPA2/PPU_Gen_active_power=1169,4603
00:42:37.349 | SIM: mqtt1_gMqt/GPA2/PPU_Gen_counter_active_power=18023,25
00:42:37.349 | SIM: mqtt1_gMqt/GPA2/T404=45,97631
00:42:37.349 | SIM: mqtt1_gMqt/GPA2/Hours=90000
00:42:37.349 | SIM: mqtt1_gMqt/GPA3/PPU_Gen_active_power=1232,6576
00:42:37.349 | SIM: mqtt1_gMqt/GPA3/PPU_Gen_counter_active_power=18023,965
00:42:37.350 | SIM: mqtt1_gMqt/GPA3/T404=44,06098
00:42:37.350 | SIM: mqtt1_gMqt/GPA3/Hours=90000
00:42:37.350 | SIM: mqtt1_gMqt/GPA4/PPU_Gen_active_power=1197,1115
00:42:37.350 | SIM: mqtt1_gMqt/GPA4/PPU_Gen_counter_active_power=18023,957
00:42:37.350 | SIM: mqtt1_gMqt/GPA4/T404=45,05875
00:42:37.350 | SIM: mqtt1_gMqt/GPA4/Hours=90000
00:42:37.350 | SIM: mqtt1_gMqt/GPA5/PPU_Gen_active_power=1168,2549
00:42:37.351 | SIM: mqtt1_gMqt/GPA5/PPU_Gen_counter_active_power=18023,008
00:42:37.351 | SIM: mqtt1_gMqt/GPA5/T404=45,18765
00:42:37.351 | SIM: mqtt1_gMqt/GPA5/Hours=90000
00:42:37.351 | SIM: mqtt1_gMqt/GPA6/PPU_Gen_active_power=1233,5996
00:42:37.351 | SIM: mqtt1_gMqt/GPA6/PPU_Gen_counter_active_power=18023,977
00:42:37.351 | SIM: mqtt1_gMqt/GPA6/T404=44,88046
00:42:37.351 | SIM: mqtt1_gMqt/GPA6/Hours=90000
00:42:37.831 | STREAM: plc1_00001=False
00:42:37.831 | STREAM: plc1_00002=False
00:42:37.831 | STREAM: plc1_30035=0
00:42:37.832 | STREAM: plc1_40005=50
00:42:37.832 | STREAM: plc1_00010=False
00:42:37.833 | STREAM: plc1_00003=False
00:42:37.833 | STREAM: plc1_30031=0
00:42:37.833 | STREAM: plc1_40006=0
00:42:37.834 | STREAM: plc1_00004=False
00:42:37.834 | STREAM: plc1_30033=0
00:42:37.834 | STREAM: plc1_40007=0
00:42:37.834 | STREAM: plc1_30029=0
00:42:37.835 | STREAM: plc1_30025=1
00:42:37.835 | STREAM: plc1_30023=21,084248
00:42:37.835 | STREAM: plc1_00011=False
00:42:37.836 | STREAM: plc1_00006=False
00:42:37.836 | STREAM: plc1_40033=0
00:42:37.836 | STREAM: plc1_40025=0
00:42:37.837 | STREAM: plc1_00007=False
00:42:37.837 | STREAM: plc1_40027=0
00:42:37.837 | STREAM: plc1_00005=True
00:42:37.838 | STREAM: plc1_40029=0
00:42:37.838 | STREAM: plc1_40021=0
00:42:37.838 | STREAM: plc1_30027=0
00:42:38.331 | STREAM: plc1_00001=False
00:42:38.331 | STREAM: plc1_00002=False
00:42:38.332 | STREAM: plc1_30035=0
00:42:38.332 | STREAM: plc1_40005=50
00:42:38.332 | STREAM: plc1_00010=False
00:42:38.332 | STREAM: plc1_00003=False
00:42:38.332 | STREAM: plc1_30031=0
00:42:38.333 | STREAM: plc1_40006=0
00:42:38.333 | STREAM: plc1_00004=False
00:42:38.333 | STREAM: plc1_30033=0
00:42:38.334 | STREAM: plc1_40007=0
00:42:38.334 | STREAM: plc1_30029=0
00:42:38.334 | STREAM: plc1_30025=1
00:42:38.334 | STREAM: plc1_30023=21,089245
00:42:38.335 | STREAM: plc1_00011=False
00:42:38.335 | STREAM: plc1_00006=False
00:42:38.335 | STREAM: plc1_40033=0
00:42:38.335 | STREAM: plc1_40025=0
00:42:38.336 | STREAM: plc1_00007=False
00:42:38.336 | STREAM: plc1_40027=0
00:42:38.336 | STREAM: plc1_00005=True
00:42:38.336 | STREAM: plc1_40029=0
00:42:38.337 | STREAM: plc1_40021=0
00:42:38.337 | STREAM: plc1_30027=0
00:42:38.442 | SIM: mqtt1_gMqt/ZAS/ZAS_Actual_Power=196,60954
00:42:38.443 | SIM: mqtt1_gMqt/GPA1/PPU_Gen_active_power=1167,3141
00:42:38.443 | SIM: mqtt1_gMqt/GPA1/PPU_Gen_counter_active_power=18023,658
00:42:38.443 | SIM: mqtt1_gMqt/GPA1/T404=43,442097
00:42:38.443 | SIM: mqtt1_gMqt/GPA1/Hours=90000
00:42:38.443 | SIM: mqtt1_gMqt/GPA2/PPU_Gen_active_power=1165,0914
00:42:38.444 | SIM: mqtt1_gMqt/GPA2/PPU_Gen_counter_active_power=18023,574
00:42:38.444 | SIM: mqtt1_gMqt/GPA2/T404=45,90714
00:42:38.444 | SIM: mqtt1_gMqt/GPA2/Hours=90000
00:42:38.444 | SIM: mqtt1_gMqt/GPA3/PPU_Gen_active_power=1241,8313
00:42:38.444 | SIM: mqtt1_gMqt/GPA3/PPU_Gen_counter_active_power=18024,31
00:42:38.444 | SIM: mqtt1_gMqt/GPA3/T404=44,162136
00:42:38.445 | SIM: mqtt1_gMqt/GPA3/Hours=90000
00:42:38.445 | SIM: mqtt1_gMqt/GPA4/PPU_Gen_active_power=1190,545
00:42:38.445 | SIM: mqtt1_gMqt/GPA4/PPU_Gen_counter_active_power=18024,287
00:42:38.445 | SIM: mqtt1_gMqt/GPA4/T404=45,271328
00:42:38.445 | SIM: mqtt1_gMqt/GPA4/Hours=90000
00:42:38.445 | SIM: mqtt1_gMqt/GPA5/PPU_Gen_active_power=1177,8073
00:42:38.446 | SIM: mqtt1_gMqt/GPA5/PPU_Gen_counter_active_power=18023,336
00:42:38.446 | SIM: mqtt1_gMqt/GPA5/T404=44,971855
00:42:38.446 | SIM: mqtt1_gMqt/GPA5/Hours=90000
00:42:38.446 | SIM: mqtt1_gMqt/GPA6/PPU_Gen_active_power=1239,2358
00:42:38.446 | SIM: mqtt1_gMqt/GPA6/PPU_Gen_counter_active_power=18024,32
00:42:38.446 | SIM: mqtt1_gMqt/GPA6/T404=45,062244
00:42:38.447 | SIM: mqtt1_gMqt/GPA6/Hours=90000
00:42:38.834 | STREAM: plc1_00001=False
00:42:38.834 | STREAM: plc1_00002=False
00:42:38.834 | STREAM: plc1_30035=0
00:42:38.835 | STREAM: plc1_40005=50
00:42:38.835 | STREAM: plc1_00010=False
00:42:38.835 | STREAM: plc1_00003=False
00:42:38.836 | STREAM: plc1_30031=0
00:42:38.836 | STREAM: plc1_40006=0
00:42:38.836 | STREAM: plc1_00004=False
00:42:38.836 | STREAM: plc1_30033=0
00:42:38.836 | STREAM: plc1_40007=0
00:42:38.837 | STREAM: plc1_30029=0
00:42:38.837 | STREAM: plc1_30025=1
00:42:38.837 | STREAM: plc1_30023=21,093246
00:42:38.838 | STREAM: plc1_00011=False
00:42:38.838 | STREAM: plc1_00006=False
00:42:38.838 | STREAM: plc1_40033=0
00:42:38.838 | STREAM: plc1_40025=0
00:42:38.839 | STREAM: plc1_00007=False
00:42:38.839 | STREAM: plc1_40027=0
00:42:38.839 | STREAM: plc1_00005=True
00:42:38.839 | STREAM: plc1_40029=0
00:42:38.840 | STREAM: plc1_40021=0
00:42:38.840 | STREAM: plc1_30027=0
00:42:39.350 | STREAM: plc1_00001=False
00:42:39.351 | STREAM: plc1_00002=False
00:42:39.351 | STREAM: plc1_30035=0
00:42:39.351 | STREAM: plc1_40005=50
00:42:39.352 | STREAM: plc1_00010=False
00:42:39.352 | STREAM: plc1_00003=False
00:42:39.352 | STREAM: plc1_30031=0
00:42:39.352 | STREAM: plc1_40006=0
00:42:39.353 | STREAM: plc1_00004=False
00:42:39.353 | STREAM: plc1_30033=0
00:42:39.353 | STREAM: plc1_40007=0
00:42:39.353 | STREAM: plc1_30029=0
00:42:39.354 | STREAM: plc1_30025=1
00:42:39.354 | STREAM: plc1_30023=21,098204
00:42:39.354 | STREAM: plc1_00011=False
00:42:39.354 | STREAM: plc1_00006=False
00:42:39.355 | STREAM: plc1_40033=0
00:42:39.355 | STREAM: plc1_40025=0
00:42:39.355 | STREAM: plc1_00007=False
00:42:39.355 | STREAM: plc1_40027=0
00:42:39.356 | STREAM: plc1_00005=True
00:42:39.356 | STREAM: plc1_40029=0
00:42:39.356 | STREAM: plc1_40021=0
00:42:39.357 | STREAM: plc1_30027=0
00:42:39.537 | SIM: mqtt1_gMqt/ZAS/ZAS_Actual_Power=196,52997
00:42:39.538 | SIM: mqtt1_gMqt/GPA1/PPU_Gen_active_power=1164,3654
00:42:39.538 | SIM: mqtt1_gMqt/GPA1/PPU_Gen_counter_active_power=18023,982
00:42:39.538 | SIM: mqtt1_gMqt/GPA1/T404=43,547813
00:42:39.538 | SIM: mqtt1_gMqt/GPA1/Hours=90000
00:42:39.538 | SIM: mqtt1_gMqt/GPA2/PPU_Gen_active_power=1173,9186
00:42:39.538 | SIM: mqtt1_gMqt/GPA2/PPU_Gen_counter_active_power=18023,9
00:42:39.538 | SIM: mqtt1_gMqt/GPA2/T404=46,056465
00:42:39.539 | SIM: mqtt1_gMqt/GPA2/Hours=90000
00:42:39.539 | SIM: mqtt1_gMqt/GPA3/PPU_Gen_active_power=1248,4172
00:42:39.539 | SIM: mqtt1_gMqt/GPA3/PPU_Gen_counter_active_power=18024,658
00:42:39.539 | SIM: mqtt1_gMqt/GPA3/T404=44,394142
00:42:39.539 | SIM: mqtt1_gMqt/GPA3/Hours=90000
00:42:39.539 | SIM: mqtt1_gMqt/GPA4/PPU_Gen_active_power=1182,4338
00:42:39.540 | SIM: mqtt1_gMqt/GPA4/PPU_Gen_counter_active_power=18024,615
00:42:39.540 | SIM: mqtt1_gMqt/GPA4/T404=45,48732
00:42:39.540 | SIM: mqtt1_gMqt/GPA4/Hours=90000
00:42:39.540 | SIM: mqtt1_gMqt/GPA5/PPU_Gen_active_power=1173,4352
00:42:39.540 | SIM: mqtt1_gMqt/GPA5/PPU_Gen_counter_active_power=18023,662
00:42:39.540 | SIM: mqtt1_gMqt/GPA5/T404=45,148308
00:42:39.541 | SIM: mqtt1_gMqt/GPA5/Hours=90000
00:42:39.541 | SIM: mqtt1_gMqt/GPA6/PPU_Gen_active_power=1248,2804
00:42:39.541 | SIM: mqtt1_gMqt/GPA6/PPU_Gen_counter_active_power=18024,668
00:42:39.541 | SIM: mqtt1_gMqt/GPA6/T404=45,15963
00:42:39.541 | SIM: mqtt1_gMqt/GPA6/Hours=90000
00:42:39.853 | STREAM: plc1_00001=False
00:42:39.853 | STREAM: plc1_00002=False
00:42:39.853 | STREAM: plc1_30035=0
00:42:39.854 | STREAM: plc1_40005=50
00:42:39.854 | STREAM: plc1_00010=False
00:42:39.854 | STREAM: plc1_00003=True
00:42:39.855 | STREAM: plc1_30031=0
00:42:39.855 | STREAM: plc1_40006=0
00:42:39.855 | STREAM: plc1_00004=False
00:42:39.856 | STREAM: plc1_30033=0
00:42:39.856 | STREAM: plc1_40007=0
00:42:39.856 | STREAM: plc1_30029=0
00:42:39.856 | STREAM: plc1_30025=1
00:42:39.857 | STREAM: plc1_30023=21,102167
00:42:39.857 | STREAM: plc1_00011=False
00:42:39.857 | STREAM: plc1_00006=False
00:42:39.857 | STREAM: plc1_40033=0
00:42:39.858 | STREAM: plc1_40025=0
00:42:39.858 | STREAM: plc1_00007=False
00:42:39.858 | STREAM: plc1_40027=0
00:42:39.858 | STREAM: plc1_00005=True
00:42:39.859 | STREAM: plc1_40029=0
00:42:39.859 | STREAM: plc1_40021=0
00:42:39.859 | STREAM: plc1_30027=0
00:42:40.354 | STREAM: plc1_00001=False
00:42:40.355 | STREAM: plc1_00002=False
00:42:40.355 | STREAM: plc1_30035=0
00:42:40.355 | STREAM: plc1_40005=50
00:42:40.355 | STREAM: plc1_00010=False
00:42:40.356 | STREAM: plc1_00003=True
00:42:40.356 | STREAM: plc1_30031=0,051769312
00:42:40.356 | STREAM: plc1_40006=0
00:42:40.357 | STREAM: plc1_00004=False
00:42:40.357 | STREAM: plc1_30033=0
00:42:40.357 | STREAM: plc1_40007=0
00:42:40.357 | STREAM: plc1_30029=0,051769312
00:42:40.358 | STREAM: plc1_30025=1
00:42:40.358 | STREAM: plc1_30023=22
00:42:40.358 | STREAM: plc1_00011=False
00:42:40.359 | STREAM: plc1_00006=False
00:42:40.359 | STREAM: plc1_40033=0
00:42:40.359 | STREAM: plc1_40025=0
00:42:40.359 | STREAM: plc1_00007=False
00:42:40.360 | STREAM: plc1_40027=0
00:42:40.360 | STREAM: plc1_00005=True
00:42:40.360 | STREAM: plc1_40029=0
00:42:40.361 | STREAM: plc1_40021=0
00:42:40.361 | STREAM: plc1_30027=0,10691766
00:42:40.636 | SIM: mqtt1_gMqt/ZAS/ZAS_Actual_Power=194,89378
00:42:40.636 | SIM: mqtt1_gMqt/GPA1/PPU_Gen_active_power=1157,7562
00:42:40.637 | SIM: mqtt1_gMqt/GPA1/PPU_Gen_counter_active_power=18024,305
00:42:40.637 | SIM: mqtt1_gMqt/GPA1/T404=43,647324
00:42:40.637 | SIM: mqtt1_gMqt/GPA1/Hours=90000
00:42:40.637 | SIM: mqtt1_gMqt/GPA2/PPU_Gen_active_power=1183,0626
00:42:40.637 | SIM: mqtt1_gMqt/GPA2/PPU_Gen_counter_active_power=18024,229
00:42:40.637 | SIM: mqtt1_gMqt/GPA2/T404=46,14778
00:42:40.638 | SIM: mqtt1_gMqt/GPA2/Hours=90000
00:42:40.638 | SIM: mqtt1_gMqt/GPA3/PPU_Gen_active_power=1257,6642
00:42:40.638 | SIM: mqtt1_gMqt/GPA3/PPU_Gen_counter_active_power=18025,008
00:42:40.638 | SIM: mqtt1_gMqt/GPA3/T404=44,25441
00:42:40.638 | SIM: mqtt1_gMqt/GPA3/Hours=90000
00:42:40.638 | SIM: mqtt1_gMqt/GPA4/PPU_Gen_active_power=1176,8052
00:42:40.639 | SIM: mqtt1_gMqt/GPA4/PPU_Gen_counter_active_power=18024,941
00:42:40.639 | SIM: mqtt1_gMqt/GPA4/T404=45,239826
00:42:40.639 | SIM: mqtt1_gMqt/GPA4/Hours=90000
00:42:40.639 | SIM: mqtt1_gMqt/GPA5/PPU_Gen_active_power=1170,2544
00:42:40.639 | SIM: mqtt1_gMqt/GPA5/PPU_Gen_counter_active_power=18023,986
00:42:40.639 | SIM: mqtt1_gMqt/GPA5/T404=45,172894
00:42:40.639 | SIM: mqtt1_gMqt/GPA5/Hours=90000
00:42:40.640 | SIM: mqtt1_gMqt/GPA6/PPU_Gen_active_power=1239,3218
00:42:40.640 | SIM: mqtt1_gMqt/GPA6/PPU_Gen_counter_active_power=18025,012
00:42:40.640 | SIM: mqtt1_gMqt/GPA6/T404=45,063343
00:42:40.640 | SIM: mqtt1_gMqt/GPA6/Hours=90000
00:42:40.854 | STREAM: plc1_00001=False
00:42:40.854 | STREAM: plc1_00002=False
00:42:40.855 | STREAM: plc1_30035=0
00:42:40.855 | STREAM: plc1_40005=50
00:42:40.855 | STREAM: plc1_00010=False
00:42:40.855 | STREAM: plc1_00003=True
00:42:40.856 | STREAM: plc1_30031=0,22126104
00:42:40.856 | STREAM: plc1_40006=0
00:42:40.856 | STREAM: plc1_00004=False
00:42:40.857 | STREAM: plc1_30033=0
00:42:40.857 | STREAM: plc1_40007=0
00:42:40.857 | STREAM: plc1_30029=0,22126104
00:42:40.857 | STREAM: plc1_30025=1
00:42:40.858 | STREAM: plc1_30023=22
00:42:40.858 | STREAM: plc1_00011=False
00:42:40.858 | STREAM: plc1_00006=False
00:42:40.859 | STREAM: plc1_40033=0
00:42:40.859 | STREAM: plc1_40025=0
00:42:40.859 | STREAM: plc1_00007=False
00:42:40.859 | STREAM: plc1_40027=0
00:42:40.860 | STREAM: plc1_00005=True
00:42:40.860 | STREAM: plc1_40029=0
00:42:40.860 | STREAM: plc1_40021=0
00:42:40.861 | STREAM: plc1_30027=0,63172954
00:42:41.355 | STREAM: plc1_00001=False
00:42:41.355 | STREAM: plc1_00002=False
00:42:41.356 | STREAM: plc1_30035=0
00:42:41.356 | STREAM: plc1_40005=50
00:42:41.356 | STREAM: plc1_00010=False
00:42:41.356 | STREAM: plc1_00003=True
00:42:41.357 | STREAM: plc1_30031=0,38270682
00:42:41.357 | STREAM: plc1_40006=0
00:42:41.357 | STREAM: plc1_00004=False
00:42:41.357 | STREAM: plc1_30033=0
00:42:41.358 | STREAM: plc1_40007=0
00:42:41.358 | STREAM: plc1_30029=0,38270682
00:42:41.358 | STREAM: plc1_30025=1
00:42:41.358 | STREAM: plc1_30023=22
00:42:41.359 | STREAM: plc1_00011=False
00:42:41.359 | STREAM: plc1_00006=False
00:42:41.359 | STREAM: plc1_40033=0
00:42:41.359 | STREAM: plc1_40025=0
00:42:41.359 | STREAM: plc1_00007=False
00:42:41.360 | STREAM: plc1_40027=0
00:42:41.360 | STREAM: plc1_00005=True
00:42:41.360 | STREAM: plc1_40029=0
00:42:41.361 | STREAM: plc1_40021=0
00:42:41.361 | STREAM: plc1_30027=1,1492956
00:42:41.730 | SIM: mqtt1_gMqt/ZAS/ZAS_Actual_Power=193,5076
00:42:41.730 | SIM: mqtt1_gMqt/GPA1/PPU_Gen_active_power=1152,9019
00:42:41.731 | SIM: mqtt1_gMqt/GPA1/PPU_Gen_counter_active_power=18024,625
00:42:41.731 | SIM: mqtt1_gMqt/GPA1/T404=43,54164
00:42:41.731 | SIM: mqtt1_gMqt/GPA1/Hours=90000
00:42:41.731 | SIM: mqtt1_gMqt/GPA2/PPU_Gen_active_power=1176,8184
00:42:41.731 | SIM: mqtt1_gMqt/GPA2/PPU_Gen_counter_active_power=18024,555
00:42:41.731 | SIM: mqtt1_gMqt/GPA2/T404=46,07488
00:42:41.732 | SIM: mqtt1_gMqt/GPA2/Hours=90000
00:42:41.732 | SIM: mqtt1_gMqt/GPA3/PPU_Gen_active_power=1267,4738
00:42:41.732 | SIM: mqtt1_gMqt/GPA3/PPU_Gen_counter_active_power=18025,36
00:42:41.732 | SIM: mqtt1_gMqt/GPA3/T404=44,131588
00:42:41.732 | SIM: mqtt1_gMqt/GPA3/Hours=90000
00:42:41.732 | SIM: mqtt1_gMqt/GPA4/PPU_Gen_active_power=1183,2634
00:42:41.733 | SIM: mqtt1_gMqt/GPA4/PPU_Gen_counter_active_power=18025,27
00:42:41.733 | SIM: mqtt1_gMqt/GPA4/T404=45,410767
00:42:41.733 | SIM: mqtt1_gMqt/GPA4/Hours=90000
00:42:41.733 | SIM: mqtt1_gMqt/GPA5/PPU_Gen_active_power=1175,7505
00:42:41.733 | SIM: mqtt1_gMqt/GPA5/PPU_Gen_counter_active_power=18024,312
00:42:41.733 | SIM: mqtt1_gMqt/GPA5/T404=45,23334
00:42:41.734 | SIM: mqtt1_gMqt/GPA5/Hours=90000
00:42:41.734 | SIM: mqtt1_gMqt/GPA6/PPU_Gen_active_power=1237,345
00:42:41.734 | SIM: mqtt1_gMqt/GPA6/PPU_Gen_counter_active_power=18025,355
00:42:41.734 | SIM: mqtt1_gMqt/GPA6/T404=45,00948
00:42:41.734 | SIM: mqtt1_gMqt/GPA6/Hours=90000
00:42:41.869 | STREAM: plc1_00001=False
00:42:41.869 | STREAM: plc1_00002=False
00:42:41.870 | STREAM: plc1_30035=0
00:42:41.870 | STREAM: plc1_40005=50
00:42:41.870 | STREAM: plc1_00010=False
00:42:41.871 | STREAM: plc1_00003=True
00:42:41.871 | STREAM: plc1_30031=0,5901578
00:42:41.871 | STREAM: plc1_40006=0
00:42:41.871 | STREAM: plc1_00004=False
00:42:41.872 | STREAM: plc1_30033=0
00:42:41.872 | STREAM: plc1_40007=0
00:42:41.872 | STREAM: plc1_30029=0,5901578
00:42:41.873 | STREAM: plc1_30025=1
00:42:41.873 | STREAM: plc1_30023=22
00:42:41.873 | STREAM: plc1_00011=False
00:42:41.873 | STREAM: plc1_00006=False
00:42:41.874 | STREAM: plc1_40033=0
00:42:41.874 | STREAM: plc1_40025=0
00:42:41.874 | STREAM: plc1_00007=False
00:42:41.875 | STREAM: plc1_40027=0
00:42:41.875 | STREAM: plc1_00005=True
00:42:41.875 | STREAM: plc1_40029=0
00:42:41.875 | STREAM: plc1_40021=0
00:42:41.876 | STREAM: plc1_30027=1,7905978
00:42:42.368 | STREAM: plc1_00001=False
00:42:42.370 | STREAM: plc1_00002=False
00:42:42.370 | STREAM: plc1_30035=0
00:42:42.370 | STREAM: plc1_40005=50
00:42:42.371 | STREAM: plc1_00010=False
00:42:42.371 | STREAM: plc1_00003=True
00:42:42.371 | STREAM: plc1_30031=0,7559093
00:42:42.372 | STREAM: plc1_40006=0
00:42:42.372 | STREAM: plc1_00004=False
00:42:42.372 | STREAM: plc1_30033=0
00:42:42.372 | STREAM: plc1_40007=0
00:42:42.373 | STREAM: plc1_30029=0,7559093
00:42:42.373 | STREAM: plc1_30025=1
00:42:42.373 | STREAM: plc1_30023=22
00:42:42.373 | STREAM: plc1_00011=False
00:42:42.374 | STREAM: plc1_00006=False
00:42:42.374 | STREAM: plc1_40033=0
00:42:42.374 | STREAM: plc1_40025=0
00:42:42.374 | STREAM: plc1_00007=False
00:42:42.374 | STREAM: plc1_40027=0
00:42:42.375 | STREAM: plc1_00005=True
00:42:42.375 | STREAM: plc1_40029=0
00:42:42.375 | STREAM: plc1_40021=0
00:42:42.375 | STREAM: plc1_30027=2,2683344
00:42:42.823 | SIM: mqtt1_gMqt/ZAS/ZAS_Actual_Power=192,39977
00:42:42.823 | SIM: mqtt1_gMqt/GPA1/PPU_Gen_active_power=1150,523
00:42:42.824 | SIM: mqtt1_gMqt/GPA1/PPU_Gen_counter_active_power=18024,945
00:42:42.824 | SIM: mqtt1_gMqt/GPA1/T404=43,499924
00:42:42.824 | SIM: mqtt1_gMqt/GPA1/Hours=90000
00:42:42.824 | SIM: mqtt1_gMqt/GPA2/PPU_Gen_active_power=1185,1215
00:42:42.824 | SIM: mqtt1_gMqt/GPA2/PPU_Gen_counter_active_power=18024,885
00:42:42.824 | SIM: mqtt1_gMqt/GPA2/T404=46,042038
00:42:42.825 | SIM: mqtt1_gMqt/GPA2/Hours=90000
00:42:42.825 | SIM: mqtt1_gMqt/GPA3/PPU_Gen_active_power=1269,2645
00:42:42.825 | SIM: mqtt1_gMqt/GPA3/PPU_Gen_counter_active_power=18025,713
00:42:42.825 | SIM: mqtt1_gMqt/GPA3/T404=43,91762
00:42:42.825 | SIM: mqtt1_gMqt/GPA3/Hours=90000
00:42:42.825 | SIM: mqtt1_gMqt/GPA4/PPU_Gen_active_power=1187,9026
00:42:42.826 | SIM: mqtt1_gMqt/GPA4/PPU_Gen_counter_active_power=18025,6
00:42:42.826 | SIM: mqtt1_gMqt/GPA4/T404=45,241734
00:42:42.826 | SIM: mqtt1_gMqt/GPA4/Hours=90000
00:42:42.826 | SIM: mqtt1_gMqt/GPA5/PPU_Gen_active_power=1168,2218
00:42:42.826 | SIM: mqtt1_gMqt/GPA5/PPU_Gen_counter_active_power=18024,637
00:42:42.826 | SIM: mqtt1_gMqt/GPA5/T404=45,47735
00:42:42.827 | SIM: mqtt1_gMqt/GPA5/Hours=90000
00:42:42.827 | SIM: mqtt1_gMqt/GPA6/PPU_Gen_active_power=1240,5577
00:42:42.827 | SIM: mqtt1_gMqt/GPA6/PPU_Gen_counter_active_power=18025,7
00:42:42.827 | SIM: mqtt1_gMqt/GPA6/T404=44,885765
00:42:42.827 | SIM: mqtt1_gMqt/GPA6/Hours=90000
00:42:42.869 | STREAM: plc1_00001=False
00:42:42.870 | STREAM: plc1_00002=False
00:42:42.870 | STREAM: plc1_30035=0
00:42:42.870 | STREAM: plc1_40005=50
00:42:42.870 | STREAM: plc1_00010=False
00:42:42.871 | STREAM: plc1_00003=True
00:42:42.871 | STREAM: plc1_30031=0,95970255
00:42:42.871 | STREAM: plc1_40006=0
00:42:42.871 | STREAM: plc1_00004=False
00:42:42.872 | STREAM: plc1_30033=0
00:42:42.872 | STREAM: plc1_40007=0
00:42:42.872 | STREAM: plc1_30029=0,95970255
00:42:42.872 | STREAM: plc1_30025=1
00:42:42.873 | STREAM: plc1_30023=22
00:42:42.873 | STREAM: plc1_00011=False
00:42:42.873 | STREAM: plc1_00006=False
00:42:42.873 | STREAM: plc1_40033=0
00:42:42.873 | STREAM: plc1_40025=0
00:42:42.874 | STREAM: plc1_00007=False
00:42:42.874 | STREAM: plc1_40027=0
00:42:42.874 | STREAM: plc1_00005=True
00:42:42.874 | STREAM: plc1_40029=0
00:42:42.875 | STREAM: plc1_40021=0
00:42:42.875 | STREAM: plc1_30027=2,8062289
00:42:43.372 | STREAM: plc1_00001=False
00:42:43.372 | STREAM: plc1_00002=False
00:42:43.373 | STREAM: plc1_30035=0
00:42:43.373 | STREAM: plc1_40005=50
00:42:43.373 | STREAM: plc1_00010=False
00:42:43.374 | STREAM: plc1_00003=True
00:42:43.374 | STREAM: plc1_30031=1,1597645
00:42:43.374 | STREAM: plc1_40006=0
00:42:43.374 | STREAM: plc1_00004=False
00:42:43.375 | STREAM: plc1_30033=0
00:42:43.375 | STREAM: plc1_40007=0
00:42:43.375 | STREAM: plc1_30029=1,1597645
00:42:43.375 | STREAM: plc1_30025=1
00:42:43.376 | STREAM: plc1_30023=22
00:42:43.376 | STREAM: plc1_00011=False
00:42:43.376 | STREAM: plc1_00006=False
00:42:43.376 | STREAM: plc1_40033=0
00:42:43.377 | STREAM: plc1_40025=0
00:42:43.377 | STREAM: plc1_00007=False
00:42:43.377 | STREAM: plc1_40027=0
00:42:43.377 | STREAM: plc1_00005=True
00:42:43.378 | STREAM: plc1_40029=0
00:42:43.378 | STREAM: plc1_40021=0
00:42:43.378 | STREAM: plc1_30027=3,2819643
00:42:43.884 | STREAM: plc1_00001=False
00:42:43.884 | STREAM: plc1_00002=False
00:42:43.885 | STREAM: plc1_30035=0
00:42:43.885 | STREAM: plc1_40005=50
00:42:43.885 | STREAM: plc1_00010=False
00:42:43.885 | STREAM: plc1_00003=True
00:42:43.886 | STREAM: plc1_30031=1,3152566
00:42:43.886 | STREAM: plc1_40006=0
00:42:43.886 | STREAM: plc1_00004=False
00:42:43.887 | STREAM: plc1_30033=0
00:42:43.887 | STREAM: plc1_40007=0
00:42:43.887 | STREAM: plc1_30029=1,3152566
00:42:43.887 | STREAM: plc1_30025=1
00:42:43.888 | STREAM: plc1_30023=22
00:42:43.888 | STREAM: plc1_00011=False
00:42:43.888 | STREAM: plc1_00006=False
00:42:43.888 | STREAM: plc1_40033=0
00:42:43.889 | STREAM: plc1_40025=0
00:42:43.889 | STREAM: plc1_00007=False
00:42:43.889 | STREAM: plc1_40027=0
00:42:43.890 | STREAM: plc1_00005=True
00:42:43.890 | STREAM: plc1_40029=0
00:42:43.890 | STREAM: plc1_40021=0
00:42:43.890 | STREAM: plc1_30027=3,619109
00:42:43.915 | SIM: mqtt1_gMqt/ZAS/ZAS_Actual_Power=194,36153
00:42:43.915 | SIM: mqtt1_gMqt/GPA1/PPU_Gen_active_power=1154,8656
00:42:43.915 | SIM: mqtt1_gMqt/GPA1/PPU_Gen_counter_active_power=18025,266
00:42:43.915 | SIM: mqtt1_gMqt/GPA1/T404=43,547516
00:42:43.916 | SIM: mqtt1_gMqt/GPA1/Hours=90000
00:42:43.916 | SIM: mqtt1_gMqt/GPA2/PPU_Gen_active_power=1193,2299
00:42:43.916 | SIM: mqtt1_gMqt/GPA2/PPU_Gen_counter_active_power=18025,217
00:42:43.916 | SIM: mqtt1_gMqt/GPA2/T404=46,089874
00:42:43.916 | SIM: mqtt1_gMqt/GPA2/Hours=90000
00:42:43.916 | SIM: mqtt1_gMqt/GPA3/PPU_Gen_active_power=1277,741
00:42:43.917 | SIM: mqtt1_gMqt/GPA3/PPU_Gen_counter_active_power=18026,068
00:42:43.917 | SIM: mqtt1_gMqt/GPA3/T404=43,751026
00:42:43.917 | SIM: mqtt1_gMqt/GPA3/Hours=90000
00:42:43.917 | SIM: mqtt1_gMqt/GPA4/PPU_Gen_active_power=1196,5386
00:42:43.917 | SIM: mqtt1_gMqt/GPA4/PPU_Gen_counter_active_power=18025,932
00:42:43.917 | SIM: mqtt1_gMqt/GPA4/T404=45,447567
00:42:43.917 | SIM: mqtt1_gMqt/GPA4/Hours=90000
00:42:43.918 | SIM: mqtt1_gMqt/GPA5/PPU_Gen_active_power=1175,3196
00:42:43.918 | SIM: mqtt1_gMqt/GPA5/PPU_Gen_counter_active_power=18024,963
00:42:43.918 | SIM: mqtt1_gMqt/GPA5/T404=45,313225
00:42:43.918 | SIM: mqtt1_gMqt/GPA5/Hours=90000
00:42:43.918 | SIM: mqtt1_gMqt/GPA6/PPU_Gen_active_power=1245,1604
00:42:43.918 | SIM: mqtt1_gMqt/GPA6/PPU_Gen_counter_active_power=18026,045
00:42:43.919 | SIM: mqtt1_gMqt/GPA6/T404=44,746376
00:42:43.919 | SIM: mqtt1_gMqt/GPA6/Hours=90000
00:42:44.388 | STREAM: plc1_00001=False
00:42:44.389 | STREAM: plc1_00002=False
00:42:44.389 | STREAM: plc1_30035=0
00:42:44.389 | STREAM: plc1_40005=50
00:42:44.389 | STREAM: plc1_00010=False
00:42:44.390 | STREAM: plc1_00003=True
00:42:44.390 | STREAM: plc1_30031=1,5091528
00:42:44.390 | STREAM: plc1_40006=0
00:42:44.391 | STREAM: plc1_00004=False
00:42:44.391 | STREAM: plc1_30033=0
00:42:44.391 | STREAM: plc1_40007=0
00:42:44.391 | STREAM: plc1_30029=1,5091528
00:42:44.392 | STREAM: plc1_30025=1
00:42:44.392 | STREAM: plc1_30023=22
00:42:44.392 | STREAM: plc1_00011=False
00:42:44.393 | STREAM: plc1_00006=False
00:42:44.393 | STREAM: plc1_40033=0
00:42:44.393 | STREAM: plc1_40025=0
00:42:44.393 | STREAM: plc1_00007=False
00:42:44.394 | STREAM: plc1_40027=0
00:42:44.394 | STREAM: plc1_00005=True
00:42:44.394 | STREAM: plc1_40029=0
00:42:44.394 | STREAM: plc1_40021=0
00:42:44.395 | STREAM: plc1_30027=4,0049148
00:42:44.890 | STREAM: plc1_00001=False
00:42:44.890 | STREAM: plc1_00002=False
00:42:44.890 | STREAM: plc1_30035=0
00:42:44.891 | STREAM: plc1_40005=50
00:42:44.891 | STREAM: plc1_00010=False
00:42:44.891 | STREAM: plc1_00003=True
00:42:44.892 | STREAM: plc1_30031=1,6620842
00:42:44.892 | STREAM: plc1_40006=0
00:42:44.892 | STREAM: plc1_00004=False
00:42:44.892 | STREAM: plc1_30033=0
00:42:44.893 | STREAM: plc1_40007=0
00:42:44.893 | STREAM: plc1_30029=1,6620842
00:42:44.893 | STREAM: plc1_30025=1
00:42:44.893 | STREAM: plc1_30023=22
00:42:44.894 | STREAM: plc1_00011=False
00:42:44.894 | STREAM: plc1_00006=False
00:42:44.894 | STREAM: plc1_40033=0
00:42:44.894 | STREAM: plc1_40025=0
00:42:44.895 | STREAM: plc1_00007=False
00:42:44.895 | STREAM: plc1_40027=0
00:42:44.895 | STREAM: plc1_00005=True
00:42:44.896 | STREAM: plc1_40029=0
00:42:44.896 | STREAM: plc1_40021=0
00:42:44.896 | STREAM: plc1_30027=4,285811
00:42:45.020 | SIM: mqtt1_gMqt/ZAS/ZAS_Actual_Power=195,10144
00:42:45.020 | SIM: mqtt1_gMqt/GPA1/PPU_Gen_active_power=1162,4396
00:42:45.021 | SIM: mqtt1_gMqt/GPA1/PPU_Gen_counter_active_power=18025,588
00:42:45.021 | SIM: mqtt1_gMqt/GPA1/T404=43,314457
00:42:45.021 | SIM: mqtt1_gMqt/GPA1/Hours=90000
00:42:45.021 | SIM: mqtt1_gMqt/GPA2/PPU_Gen_active_power=1190,8296
00:42:45.021 | SIM: mqtt1_gMqt/GPA2/PPU_Gen_counter_active_power=18025,547
00:42:45.021 | SIM: mqtt1_gMqt/GPA2/T404=46,217846
00:42:45.022 | SIM: mqtt1_gMqt/GPA2/Hours=90000
00:42:45.022 | SIM: mqtt1_gMqt/GPA3/PPU_Gen_active_power=1278,201
00:42:45.022 | SIM: mqtt1_gMqt/GPA3/PPU_Gen_counter_active_power=18026,424
00:42:45.022 | SIM: mqtt1_gMqt/GPA3/T404=43,99012
00:42:45.022 | SIM: mqtt1_gMqt/GPA3/Hours=90000
00:42:45.023 | SIM: mqtt1_gMqt/GPA4/PPU_Gen_active_power=1187,9387
00:42:45.023 | SIM: mqtt1_gMqt/GPA4/PPU_Gen_counter_active_power=18026,262
00:42:45.023 | SIM: mqtt1_gMqt/GPA4/T404=45,597256
00:42:45.023 | SIM: mqtt1_gMqt/GPA4/Hours=90000
00:42:45.023 | SIM: mqtt1_gMqt/GPA5/PPU_Gen_active_power=1169,2762
00:42:45.023 | SIM: mqtt1_gMqt/GPA5/PPU_Gen_counter_active_power=18025,287
00:42:45.023 | SIM: mqtt1_gMqt/GPA5/T404=45,204857
00:42:45.024 | SIM: mqtt1_gMqt/GPA5/Hours=90000
00:42:45.024 | SIM: mqtt1_gMqt/GPA6/PPU_Gen_active_power=1245,2454
00:42:45.024 | SIM: mqtt1_gMqt/GPA6/PPU_Gen_counter_active_power=18026,39
00:42:45.024 | SIM: mqtt1_gMqt/GPA6/T404=44,606888
00:42:45.024 | SIM: mqtt1_gMqt/GPA6/Hours=90000
00:42:45.399 | STREAM: plc1_00001=False
00:42:45.400 | STREAM: plc1_00002=False
00:42:45.400 | STREAM: plc1_30035=0
00:42:45.401 | STREAM: plc1_40005=50
00:42:45.401 | STREAM: plc1_00010=False
00:42:45.401 | STREAM: plc1_00003=True
00:42:45.402 | STREAM: plc1_30031=1,8492656
00:42:45.402 | STREAM: plc1_40006=0
00:42:45.402 | STREAM: plc1_00004=False
00:42:45.402 | STREAM: plc1_30033=0
00:42:45.403 | STREAM: plc1_40007=0
00:42:45.403 | STREAM: plc1_30029=1,8492656
00:42:45.403 | STREAM: plc1_30025=1
00:42:45.403 | STREAM: plc1_30023=22
00:42:45.404 | STREAM: plc1_00011=False
00:42:45.404 | STREAM: plc1_00006=False
00:42:45.404 | STREAM: plc1_40033=0
00:42:45.404 | STREAM: plc1_40025=0
00:42:45.405 | STREAM: plc1_00007=False
00:42:45.405 | STREAM: plc1_40027=0
00:42:45.405 | STREAM: plc1_00005=True
00:42:45.405 | STREAM: plc1_40029=0
00:42:45.406 | STREAM: plc1_40021=0
00:42:45.406 | STREAM: plc1_30027=4,6058903
00:42:45.899 | STREAM: plc1_00001=False
00:42:45.900 | STREAM: plc1_00002=False
00:42:45.901 | STREAM: plc1_30035=0
00:42:45.901 | STREAM: plc1_40005=50
00:42:45.902 | STREAM: plc1_00010=False
00:42:45.902 | STREAM: plc1_00003=True
00:42:45.902 | STREAM: plc1_30031=2,031144
00:42:45.903 | STREAM: plc1_40006=0
00:42:45.903 | STREAM: plc1_00004=False
00:42:45.903 | STREAM: plc1_30033=0
00:42:45.904 | STREAM: plc1_40007=0
00:42:45.904 | STREAM: plc1_30029=2,031144
00:42:45.904 | STREAM: plc1_30025=1
00:42:45.904 | STREAM: plc1_30023=22
00:42:45.905 | STREAM: plc1_00011=False
00:42:45.905 | STREAM: plc1_00006=False
00:42:45.905 | STREAM: plc1_40033=0
00:42:45.905 | STREAM: plc1_40025=0
00:42:45.906 | STREAM: plc1_00007=False
00:42:45.906 | STREAM: plc1_40027=0
00:42:45.906 | STREAM: plc1_00005=True
00:42:45.906 | STREAM: plc1_40029=0
00:42:45.907 | STREAM: plc1_40021=0
00:42:45.907 | STREAM: plc1_30027=4,895752
00:42:46.102 | SIM: mqtt1_gMqt/ZAS/ZAS_Actual_Power=195,33551
00:42:46.103 | SIM: mqtt1_gMqt/GPA1/PPU_Gen_active_power=1168,7637
00:42:46.103 | SIM: mqtt1_gMqt/GPA1/PPU_Gen_counter_active_power=18025,912
00:42:46.103 | SIM: mqtt1_gMqt/GPA1/T404=43,26869
00:42:46.103 | SIM: mqtt1_gMqt/GPA1/Hours=90000
00:42:46.103 | SIM: mqtt1_gMqt/GPA2/PPU_Gen_active_power=1188,4735
00:42:46.104 | SIM: mqtt1_gMqt/GPA2/PPU_Gen_counter_active_power=18025,877
00:42:46.104 | SIM: mqtt1_gMqt/GPA2/T404=46,26474
00:42:46.104 | SIM: mqtt1_gMqt/GPA2/Hours=90000
00:42:46.104 | SIM: mqtt1_gMqt/GPA3/PPU_Gen_active_power=1284,7439
00:42:46.104 | SIM: mqtt1_gMqt/GPA3/PPU_Gen_counter_active_power=18026,781
00:42:46.104 | SIM: mqtt1_gMqt/GPA3/T404=44,095963
00:42:46.104 | SIM: mqtt1_gMqt/GPA3/Hours=90000
00:42:46.105 | SIM: mqtt1_gMqt/GPA4/PPU_Gen_active_power=1178,2415
00:42:46.105 | SIM: mqtt1_gMqt/GPA4/PPU_Gen_counter_active_power=18026,59
00:42:46.105 | SIM: mqtt1_gMqt/GPA4/T404=45,581615
00:42:46.105 | SIM: mqtt1_gMqt/GPA4/Hours=90000
00:42:46.105 | SIM: mqtt1_gMqt/GPA5/PPU_Gen_active_power=1175,824
00:42:46.106 | SIM: mqtt1_gMqt/GPA5/PPU_Gen_counter_active_power=18025,613
00:42:46.106 | SIM: mqtt1_gMqt/GPA5/T404=45,013992
00:42:46.106 | SIM: mqtt1_gMqt/GPA5/Hours=90000
00:42:46.106 | SIM: mqtt1_gMqt/GPA6/PPU_Gen_active_power=1242,1245
00:42:46.106 | SIM: mqtt1_gMqt/GPA6/PPU_Gen_counter_active_power=18026,736
00:42:46.106 | SIM: mqtt1_gMqt/GPA6/T404=44,813766
00:42:46.106 | SIM: mqtt1_gMqt/GPA6/Hours=90000
00:42:46.416 | STREAM: plc1_00001=False
00:42:46.416 | STREAM: plc1_00002=False
00:42:46.416 | STREAM: plc1_30035=0
00:42:46.417 | STREAM: plc1_40005=50
00:42:46.417 | STREAM: plc1_00010=False
00:42:46.417 | STREAM: plc1_00003=True
00:42:46.417 | STREAM: plc1_30031=2,1770442
00:42:46.418 | STREAM: plc1_40006=0
00:42:46.418 | STREAM: plc1_00004=False
00:42:46.418 | STREAM: plc1_30033=0
00:42:46.419 | STREAM: plc1_40007=0
00:42:46.419 | STREAM: plc1_30029=2,1770442
00:42:46.419 | STREAM: plc1_30025=1
00:42:46.419 | STREAM: plc1_30023=22
00:42:46.420 | STREAM: plc1_00011=False
00:42:46.420 | STREAM: plc1_00006=False
00:42:46.420 | STREAM: plc1_40033=0
00:42:46.420 | STREAM: plc1_40025=0
00:42:46.421 | STREAM: plc1_00007=False
00:42:46.421 | STREAM: plc1_40027=0
00:42:46.421 | STREAM: plc1_00005=True
00:42:46.421 | STREAM: plc1_40029=0
00:42:46.422 | STREAM: plc1_40021=0
00:42:46.422 | STREAM: plc1_30027=5,115532
00:42:46.917 | STREAM: plc1_00001=False
00:42:46.918 | STREAM: plc1_00002=False
00:42:46.918 | STREAM: plc1_30035=0
00:42:46.918 | STREAM: plc1_40005=50
00:42:46.919 | STREAM: plc1_00010=False
00:42:46.919 | STREAM: plc1_00003=True
00:42:46.919 | STREAM: plc1_30031=2,3571212
00:42:46.920 | STREAM: plc1_40006=0
00:42:46.920 | STREAM: plc1_00004=False
00:42:46.920 | STREAM: plc1_30033=0
00:42:46.920 | STREAM: plc1_40007=0
00:42:46.921 | STREAM: plc1_30029=2,3571212
00:42:46.921 | STREAM: plc1_30025=1
00:42:46.921 | STREAM: plc1_30023=22
00:42:46.921 | STREAM: plc1_00011=False
00:42:46.922 | STREAM: plc1_00006=False
00:42:46.922 | STREAM: plc1_40033=0
00:42:46.922 | STREAM: plc1_40025=0
00:42:46.923 | STREAM: plc1_00007=False
00:42:46.923 | STREAM: plc1_40027=0
00:42:46.923 | STREAM: plc1_00005=True
00:42:46.923 | STREAM: plc1_40029=0
00:42:46.924 | STREAM: plc1_40021=0
00:42:46.924 | STREAM: plc1_30027=5,3733554
00:42:47.197 | SIM: mqtt1_gMqt/ZAS/ZAS_Actual_Power=197,40053
00:42:47.197 | SIM: mqtt1_gMqt/GPA1/PPU_Gen_active_power=1161,3241
00:42:47.198 | SIM: mqtt1_gMqt/GPA1/PPU_Gen_counter_active_power=18026,234
00:42:47.198 | SIM: mqtt1_gMqt/GPA1/T404=43,260937
00:42:47.198 | SIM: mqtt1_gMqt/GPA1/Hours=90000
00:42:47.198 | SIM: mqtt1_gMqt/GPA2/PPU_Gen_active_power=1197,2618
00:42:47.198 | SIM: mqtt1_gMqt/GPA2/PPU_Gen_counter_active_power=18026,209
00:42:47.198 | SIM: mqtt1_gMqt/GPA2/T404=46,44494
00:42:47.199 | SIM: mqtt1_gMqt/GPA2/Hours=90000
00:42:47.199 | SIM: mqtt1_gMqt/GPA3/PPU_Gen_active_power=1293,9509
00:42:47.199 | SIM: mqtt1_gMqt/GPA3/PPU_Gen_counter_active_power=18027,14
00:42:47.199 | SIM: mqtt1_gMqt/GPA3/T404=44,299587
00:42:47.199 | SIM: mqtt1_gMqt/GPA3/Hours=90000
00:42:47.199 | SIM: mqtt1_gMqt/GPA4/PPU_Gen_active_power=1173,4408
00:42:47.200 | SIM: mqtt1_gMqt/GPA4/PPU_Gen_counter_active_power=18026,916
00:42:47.200 | SIM: mqtt1_gMqt/GPA4/T404=45,767292
00:42:47.200 | SIM: mqtt1_gMqt/GPA4/Hours=90000
00:42:47.200 | SIM: mqtt1_gMqt/GPA5/PPU_Gen_active_power=1184,5358
00:42:47.200 | SIM: mqtt1_gMqt/GPA5/PPU_Gen_counter_active_power=18025,941
00:42:47.200 | SIM: mqtt1_gMqt/GPA5/T404=45,02759
00:42:47.200 | SIM: mqtt1_gMqt/GPA5/Hours=90000
00:42:47.201 | SIM: mqtt1_gMqt/GPA6/PPU_Gen_active_power=1240,325
00:42:47.201 | SIM: mqtt1_gMqt/GPA6/PPU_Gen_counter_active_power=18027,08
00:42:47.201 | SIM: mqtt1_gMqt/GPA6/T404=44,99193
00:42:47.201 | SIM: mqtt1_gMqt/GPA6/Hours=90000
00:42:47.432 | STREAM: plc1_00001=False
00:42:47.432 | STREAM: plc1_00002=False
00:42:47.432 | STREAM: plc1_30035=0
00:42:47.433 | STREAM: plc1_40005=50
00:42:47.433 | STREAM: plc1_00010=False
00:42:47.433 | STREAM: plc1_00003=True
00:42:47.433 | STREAM: plc1_30031=2,5339217
00:42:47.434 | STREAM: plc1_40006=0
00:42:47.434 | STREAM: plc1_00004=False
00:42:47.434 | STREAM: plc1_30033=0
00:42:47.434 | STREAM: plc1_40007=0
00:42:47.435 | STREAM: plc1_30029=2,5339217
00:42:47.435 | STREAM: plc1_30025=1
00:42:47.435 | STREAM: plc1_30023=22
00:42:47.435 | STREAM: plc1_00011=False
00:42:47.436 | STREAM: plc1_00006=False
00:42:47.436 | STREAM: plc1_40033=0
00:42:47.436 | STREAM: plc1_40025=0
00:42:47.436 | STREAM: plc1_00007=False
00:42:47.437 | STREAM: plc1_40027=0
00:42:47.437 | STREAM: plc1_00005=True
00:42:47.437 | STREAM: plc1_40029=0
00:42:47.437 | STREAM: plc1_40021=0
00:42:47.438 | STREAM: plc1_30027=5,6139884
00:42:47.934 | STREAM: plc1_00001=False
00:42:47.934 | STREAM: plc1_00002=False
00:42:47.934 | STREAM: plc1_30035=0
00:42:47.934 | STREAM: plc1_40005=50
00:42:47.935 | STREAM: plc1_00010=False
00:42:47.935 | STREAM: plc1_00003=True
00:42:47.935 | STREAM: plc1_30031=2,675313
00:42:47.935 | STREAM: plc1_40006=0
00:42:47.936 | STREAM: plc1_00004=False
00:42:47.936 | STREAM: plc1_30033=0
00:42:47.936 | STREAM: plc1_40007=0
00:42:47.936 | STREAM: plc1_30029=2,675313
00:42:47.937 | STREAM: plc1_30025=1
00:42:47.937 | STREAM: plc1_30023=22
00:42:47.937 | STREAM: plc1_00011=False
00:42:47.937 | STREAM: plc1_00006=False
00:42:47.938 | STREAM: plc1_40033=0
00:42:47.938 | STREAM: plc1_40025=0
00:42:47.938 | STREAM: plc1_00007=False
00:42:47.938 | STREAM: plc1_40027=0
00:42:47.939 | STREAM: plc1_00005=True
00:42:47.939 | STREAM: plc1_40029=0
00:42:47.939 | STREAM: plc1_40021=0
00:42:47.939 | STREAM: plc1_30027=5,798671
00:42:48.293 | SIM: mqtt1_gMqt/ZAS/ZAS_Actual_Power=197,88246
00:42:48.293 | SIM: mqtt1_gMqt/GPA1/PPU_Gen_active_power=1153,9897
00:42:48.293 | SIM: mqtt1_gMqt/GPA1/PPU_Gen_counter_active_power=18026,555
00:42:48.294 | SIM: mqtt1_gMqt/GPA1/T404=43,2383
00:42:48.294 | SIM: mqtt1_gMqt/GPA1/Hours=90000
00:42:48.294 | SIM: mqtt1_gMqt/GPA2/PPU_Gen_active_power=1194,0743
00:42:48.294 | SIM: mqtt1_gMqt/GPA2/PPU_Gen_counter_active_power=18026,541
00:42:48.294 | SIM: mqtt1_gMqt/GPA2/T404=46,30691
00:42:48.294 | SIM: mqtt1_gMqt/GPA2/Hours=90000
00:42:48.294 | SIM: mqtt1_gMqt/GPA3/PPU_Gen_active_power=1298,4462
00:42:48.295 | SIM: mqtt1_gMqt/GPA3/PPU_Gen_counter_active_power=18027,502
00:42:48.295 | SIM: mqtt1_gMqt/GPA3/T404=44,2528
00:42:48.295 | SIM: mqtt1_gMqt/GPA3/Hours=90000
00:42:48.295 | SIM: mqtt1_gMqt/GPA4/PPU_Gen_active_power=1181,5922
00:42:48.295 | SIM: mqtt1_gMqt/GPA4/PPU_Gen_counter_active_power=18027,244
00:42:48.295 | SIM: mqtt1_gMqt/GPA4/T404=45,639103
00:42:48.295 | SIM: mqtt1_gMqt/GPA4/Hours=90000
00:42:48.295 | SIM: mqtt1_gMqt/GPA5/PPU_Gen_active_power=1187,475
00:42:48.296 | SIM: mqtt1_gMqt/GPA5/PPU_Gen_counter_active_power=18026,271
00:42:48.296 | SIM: mqtt1_gMqt/GPA5/T404=45,013336
00:42:48.296 | SIM: mqtt1_gMqt/GPA5/Hours=90000
00:42:48.296 | SIM: mqtt1_gMqt/GPA6/PPU_Gen_active_power=1234,8484
00:42:48.296 | SIM: mqtt1_gMqt/GPA6/PPU_Gen_counter_active_power=18027,424
00:42:48.296 | SIM: mqtt1_gMqt/GPA6/T404=44,936295
00:42:48.297 | SIM: mqtt1_gMqt/GPA6/Hours=90000
00:42:48.448 | STREAM: plc1_00001=False
00:42:48.448 | STREAM: plc1_00002=False
00:42:48.448 | STREAM: plc1_30035=0
00:42:48.449 | STREAM: plc1_40005=50
00:42:48.449 | STREAM: plc1_00010=False
00:42:48.449 | STREAM: plc1_00003=True
00:42:48.449 | STREAM: plc1_30031=2,8489356
00:42:48.450 | STREAM: plc1_40006=0
00:42:48.450 | STREAM: plc1_00004=False
00:42:48.450 | STREAM: plc1_30033=0
00:42:48.450 | STREAM: plc1_40007=0
00:42:48.451 | STREAM: plc1_30029=2,8489356
00:42:48.451 | STREAM: plc1_30025=1
00:42:48.451 | STREAM: plc1_30023=22
00:42:48.451 | STREAM: plc1_00011=False
00:42:48.452 | STREAM: plc1_00006=False
00:42:48.452 | STREAM: plc1_40033=0
00:42:48.452 | STREAM: plc1_40025=0
00:42:48.452 | STREAM: plc1_00007=False
00:42:48.452 | STREAM: plc1_40027=0
00:42:48.453 | STREAM: plc1_00005=True
00:42:48.453 | STREAM: plc1_40029=0
00:42:48.453 | STREAM: plc1_40021=0
00:42:48.454 | STREAM: plc1_30027=6,0171022
00:42:48.950 | STREAM: plc1_00001=False
00:42:48.951 | STREAM: plc1_00002=False
00:42:48.951 | STREAM: plc1_30035=0
00:42:48.951 | STREAM: plc1_40005=50
00:42:48.951 | STREAM: plc1_00010=False
00:42:48.952 | STREAM: plc1_00003=True
00:42:48.952 | STREAM: plc1_30031=3,0215354
00:42:48.952 | STREAM: plc1_40006=0
00:42:48.952 | STREAM: plc1_00004=False
00:42:48.953 | STREAM: plc1_30033=0
00:42:48.953 | STREAM: plc1_40007=0
00:42:48.953 | STREAM: plc1_30029=3,0215354
00:42:48.953 | STREAM: plc1_30025=1
00:42:48.954 | STREAM: plc1_30023=22
00:42:48.954 | STREAM: plc1_00011=False
00:42:48.954 | STREAM: plc1_00006=False
00:42:48.954 | STREAM: plc1_40033=0
00:42:48.954 | STREAM: plc1_40025=0
00:42:48.955 | STREAM: plc1_00007=False
00:42:48.955 | STREAM: plc1_40027=0
00:42:48.955 | STREAM: plc1_00005=True
00:42:48.955 | STREAM: plc1_40029=0
00:42:48.956 | STREAM: plc1_40021=0
00:42:48.956 | STREAM: plc1_30027=6,226139
00:42:49.384 | SIM: mqtt1_gMqt/ZAS/ZAS_Actual_Power=196,52562
00:42:49.384 | SIM: mqtt1_gMqt/GPA1/PPU_Gen_active_power=1148,4639
00:42:49.384 | SIM: mqtt1_gMqt/GPA1/PPU_Gen_counter_active_power=18026,873
00:42:49.384 | SIM: mqtt1_gMqt/GPA1/T404=43,173435
00:42:49.385 | SIM: mqtt1_gMqt/GPA1/Hours=90000
00:42:49.385 | SIM: mqtt1_gMqt/GPA2/PPU_Gen_active_power=1186,7733
00:42:49.385 | SIM: mqtt1_gMqt/GPA2/PPU_Gen_counter_active_power=18026,871
00:42:49.385 | SIM: mqtt1_gMqt/GPA2/T404=46,167458
00:42:49.385 | SIM: mqtt1_gMqt/GPA2/Hours=90000
00:42:49.385 | SIM: mqtt1_gMqt/GPA3/PPU_Gen_active_power=1298,7555
00:42:49.386 | SIM: mqtt1_gMqt/GPA3/PPU_Gen_counter_active_power=18027,863
00:42:49.386 | SIM: mqtt1_gMqt/GPA3/T404=44,26373
00:42:49.386 | SIM: mqtt1_gMqt/GPA3/Hours=90000
00:42:49.386 | SIM: mqtt1_gMqt/GPA4/PPU_Gen_active_power=1188,063
00:42:49.386 | SIM: mqtt1_gMqt/GPA4/PPU_Gen_counter_active_power=18027,574
00:42:49.386 | SIM: mqtt1_gMqt/GPA4/T404=45,728024
00:42:49.387 | SIM: mqtt1_gMqt/GPA4/Hours=90000
00:42:49.387 | SIM: mqtt1_gMqt/GPA5/PPU_Gen_active_power=1189,3423
00:42:49.387 | SIM: mqtt1_gMqt/GPA5/PPU_Gen_counter_active_power=18026,602
00:42:49.387 | SIM: mqtt1_gMqt/GPA5/T404=45,05248
00:42:49.387 | SIM: mqtt1_gMqt/GPA5/Hours=90000
00:42:49.387 | SIM: mqtt1_gMqt/GPA6/PPU_Gen_active_power=1234,4271
00:42:49.387 | SIM: mqtt1_gMqt/GPA6/PPU_Gen_counter_active_power=18027,768
00:42:49.388 | SIM: mqtt1_gMqt/GPA6/T404=44,82058
00:42:49.388 | SIM: mqtt1_gMqt/GPA6/Hours=90000
00:42:49.462 | STREAM: plc1_00001=False
00:42:49.462 | STREAM: plc1_00002=False
00:42:49.463 | STREAM: plc1_30035=0
00:42:49.463 | STREAM: plc1_40005=50
00:42:49.463 | STREAM: plc1_00010=False
00:42:49.463 | STREAM: plc1_00003=True
00:42:49.464 | STREAM: plc1_30031=3,15656
00:42:49.464 | STREAM: plc1_40006=0
00:42:49.464 | STREAM: plc1_00004=False
00:42:49.464 | STREAM: plc1_30033=0
00:42:49.465 | STREAM: plc1_40007=0
00:42:49.465 | STREAM: plc1_30029=3,15656
00:42:49.465 | STREAM: plc1_30025=1
00:42:49.466 | STREAM: plc1_30023=22
00:42:49.466 | STREAM: plc1_00011=False
00:42:49.466 | STREAM: plc1_00006=False
00:42:49.466 | STREAM: plc1_40033=0
00:42:49.467 | STREAM: plc1_40025=0
00:42:49.467 | STREAM: plc1_00007=False
00:42:49.467 | STREAM: plc1_40027=0
00:42:49.467 | STREAM: plc1_00005=True
00:42:49.468 | STREAM: plc1_40029=0
00:42:49.468 | STREAM: plc1_40021=0
00:42:49.468 | STREAM: plc1_30027=6,3845887
00:42:49.964 | STREAM: plc1_00001=False
00:42:49.964 | STREAM: plc1_00002=False
00:42:49.965 | STREAM: plc1_30035=0
00:42:49.965 | STREAM: plc1_40005=50
00:42:49.965 | STREAM: plc1_00010=False
00:42:49.965 | STREAM: plc1_00003=True
00:42:49.966 | STREAM: plc1_30031=3,3257177
00:42:49.966 | STREAM: plc1_40006=0
00:42:49.966 | STREAM: plc1_00004=False
00:42:49.967 | STREAM: plc1_30033=0
00:42:49.967 | STREAM: plc1_40007=0
00:42:49.967 | STREAM: plc1_30029=3,3257177
00:42:49.967 | STREAM: plc1_30025=1
00:42:49.968 | STREAM: plc1_30023=22
00:42:49.968 | STREAM: plc1_00011=False
00:42:49.968 | STREAM: plc1_00006=False
00:42:49.968 | STREAM: plc1_40033=0
00:42:49.969 | STREAM: plc1_40025=0
00:42:49.969 | STREAM: plc1_00007=False
00:42:49.969 | STREAM: plc1_40027=0
00:42:49.969 | STREAM: plc1_00005=True
00:42:49.970 | STREAM: plc1_40029=0
00:42:49.970 | STREAM: plc1_40021=0
00:42:49.970 | STREAM: plc1_30027=6,577419
00:42:50.464 | STREAM: plc1_00001=False
00:42:50.464 | STREAM: plc1_00002=False
00:42:50.465 | STREAM: plc1_30035=0
00:42:50.465 | STREAM: plc1_40005=50
00:42:50.465 | STREAM: plc1_00010=False
00:42:50.466 | STREAM: plc1_00003=True
00:42:50.466 | STREAM: plc1_30031=3,4593961
00:42:50.466 | STREAM: plc1_40006=0
00:42:50.466 | STREAM: plc1_00004=False
00:42:50.466 | STREAM: plc1_30033=0
00:42:50.467 | STREAM: plc1_40007=0
00:42:50.467 | STREAM: plc1_30029=3,4593961
00:42:50.467 | STREAM: plc1_30025=1
00:42:50.467 | STREAM: plc1_30023=22
00:42:50.468 | STREAM: plc1_00011=False
00:42:50.468 | STREAM: plc1_00006=False
00:42:50.468 | STREAM: plc1_40033=0
00:42:50.468 | STREAM: plc1_40025=0
00:42:50.469 | STREAM: plc1_00007=False
00:42:50.469 | STREAM: plc1_40027=0
00:42:50.469 | STREAM: plc1_00005=True
00:42:50.469 | STREAM: plc1_40029=0
00:42:50.470 | STREAM: plc1_40021=0
00:42:50.470 | STREAM: plc1_30027=6,7256894
00:42:50.479 | SIM: mqtt1_gMqt/ZAS/ZAS_Actual_Power=194,9043
00:42:50.480 | SIM: mqtt1_gMqt/GPA1/PPU_Gen_active_power=1152,7748
00:42:50.480 | SIM: mqtt1_gMqt/GPA1/PPU_Gen_counter_active_power=18027,193
00:42:50.480 | SIM: mqtt1_gMqt/GPA1/T404=43,154205
00:42:50.480 | SIM: mqtt1_gMqt/GPA1/Hours=90000
00:42:50.480 | SIM: mqtt1_gMqt/GPA2/PPU_Gen_active_power=1188,6875
00:42:50.480 | SIM: mqtt1_gMqt/GPA2/PPU_Gen_counter_active_power=18027,201
00:42:50.480 | SIM: mqtt1_gMqt/GPA2/T404=46,30617
00:42:50.480 | SIM: mqtt1_gMqt/GPA2/Hours=90000
00:42:50.480 | SIM: mqtt1_gMqt/GPA3/PPU_Gen_active_power=1299,5553
00:42:50.481 | SIM: mqtt1_gMqt/GPA3/PPU_Gen_counter_active_power=18028,225
00:42:50.481 | SIM: mqtt1_gMqt/GPA3/T404=44,087093
00:42:50.481 | SIM: mqtt1_gMqt/GPA3/Hours=90000
00:42:50.481 | SIM: mqtt1_gMqt/GPA4/PPU_Gen_active_power=1190,4436
00:42:50.481 | SIM: mqtt1_gMqt/GPA4/PPU_Gen_counter_active_power=18027,904
00:42:50.481 | SIM: mqtt1_gMqt/GPA4/T404=45,846287
00:42:50.481 | SIM: mqtt1_gMqt/GPA4/Hours=90000
00:42:50.482 | SIM: mqtt1_gMqt/GPA5/PPU_Gen_active_power=1181,2529
00:42:50.482 | SIM: mqtt1_gMqt/GPA5/PPU_Gen_counter_active_power=18026,93
00:42:50.482 | SIM: mqtt1_gMqt/GPA5/T404=44,913216
00:42:50.482 | SIM: mqtt1_gMqt/GPA5/Hours=90000
00:42:50.482 | SIM: mqtt1_gMqt/GPA6/PPU_Gen_active_power=1235,9895
00:42:50.482 | SIM: mqtt1_gMqt/GPA6/PPU_Gen_counter_active_power=18028,111
00:42:50.482 | SIM: mqtt1_gMqt/GPA6/T404=44,97873
00:42:50.482 | SIM: mqtt1_gMqt/GPA6/Hours=90000
00:42:50.977 | STREAM: plc1_00001=True
00:42:50.978 | STREAM: plc1_00002=False
00:42:50.978 | STREAM: plc1_30035=0
00:42:50.978 | STREAM: plc1_40005=50
00:42:50.979 | STREAM: plc1_00010=False
00:42:50.979 | STREAM: plc1_00003=True
00:42:50.979 | STREAM: plc1_30031=3,624443
00:42:50.979 | STREAM: plc1_40006=0
00:42:50.980 | STREAM: plc1_00004=False
00:42:50.980 | STREAM: plc1_30033=0
00:42:50.980 | STREAM: plc1_40007=0
00:42:50.980 | STREAM: plc1_30029=3,624443
00:42:50.981 | STREAM: plc1_30025=1
00:42:50.981 | STREAM: plc1_30023=22
00:42:50.981 | STREAM: plc1_00011=False
00:42:50.981 | STREAM: plc1_00006=False
00:42:50.981 | STREAM: plc1_40033=0
00:42:50.982 | STREAM: plc1_40025=0
00:42:50.982 | STREAM: plc1_00007=False
00:42:50.982 | STREAM: plc1_40027=0
00:42:50.982 | STREAM: plc1_00005=True
00:42:50.983 | STREAM: plc1_40029=0
00:42:50.983 | STREAM: plc1_40021=0
00:42:50.983 | STREAM: plc1_30027=6,9041533
00:42:51.478 | STREAM: plc1_00001=True
00:42:51.478 | STREAM: plc1_00002=False
00:42:51.479 | STREAM: plc1_30035=0
00:42:51.479 | STREAM: plc1_40005=50
00:42:51.479 | STREAM: plc1_00010=False
00:42:51.479 | STREAM: plc1_00003=True
00:42:51.480 | STREAM: plc1_30031=3,788535
00:42:51.480 | STREAM: plc1_40006=0
00:42:51.480 | STREAM: plc1_00004=False
00:42:51.481 | STREAM: plc1_30033=0
00:42:51.481 | STREAM: plc1_40007=0
00:42:51.481 | STREAM: plc1_30029=3,788535
00:42:51.481 | STREAM: plc1_30025=1
00:42:51.482 | STREAM: plc1_30023=22
00:42:51.482 | STREAM: plc1_00011=False
00:42:51.482 | STREAM: plc1_00006=False
00:42:51.482 | STREAM: plc1_40033=0
00:42:51.483 | STREAM: plc1_40025=0
00:42:51.483 | STREAM: plc1_00007=False
00:42:51.483 | STREAM: plc1_40027=0
00:42:51.484 | STREAM: plc1_00005=True
00:42:51.484 | STREAM: plc1_40029=0
00:42:51.484 | STREAM: plc1_40021=0
00:42:51.484 | STREAM: plc1_30027=7,0769386
00:42:51.573 | SIM: mqtt1_gMqt/ZAS/ZAS_Actual_Power=194,30739
00:42:51.573 | SIM: mqtt1_gMqt/GPA1/PPU_Gen_active_power=1160,7369
00:42:51.573 | SIM: mqtt1_gMqt/GPA1/PPU_Gen_counter_active_power=18027,516
00:42:51.573 | SIM: mqtt1_gMqt/GPA1/T404=43,15105
00:42:51.574 | SIM: mqtt1_gMqt/GPA1/Hours=90000
00:42:51.574 | SIM: mqtt1_gMqt/GPA2/PPU_Gen_active_power=1184,1698
00:42:51.574 | SIM: mqtt1_gMqt/GPA2/PPU_Gen_counter_active_power=18027,53
00:42:51.574 | SIM: mqtt1_gMqt/GPA2/T404=46,40599
00:42:51.574 | SIM: mqtt1_gMqt/GPA2/Hours=90000
00:42:51.574 | SIM: mqtt1_gMqt/GPA3/PPU_Gen_active_power=1302,6956
00:42:51.574 | SIM: mqtt1_gMqt/GPA3/PPU_Gen_counter_active_power=18028,586
00:42:51.575 | SIM: mqtt1_gMqt/GPA3/T404=43,96275
00:42:51.575 | SIM: mqtt1_gMqt/GPA3/Hours=90000
00:42:51.575 | SIM: mqtt1_gMqt/GPA4/PPU_Gen_active_power=1182,2496
00:42:51.575 | SIM: mqtt1_gMqt/GPA4/PPU_Gen_counter_active_power=18028,232
00:42:51.575 | SIM: mqtt1_gMqt/GPA4/T404=45,79423
00:42:51.575 | SIM: mqtt1_gMqt/GPA4/Hours=90000
00:42:51.575 | SIM: mqtt1_gMqt/GPA5/PPU_Gen_active_power=1189,921
00:42:51.576 | SIM: mqtt1_gMqt/GPA5/PPU_Gen_counter_active_power=18027,26
00:42:51.576 | SIM: mqtt1_gMqt/GPA5/T404=44,723824
00:42:51.576 | SIM: mqtt1_gMqt/GPA5/Hours=90000
00:42:51.576 | SIM: mqtt1_gMqt/GPA6/PPU_Gen_active_power=1241,7316
00:42:51.576 | SIM: mqtt1_gMqt/GPA6/PPU_Gen_counter_active_power=18028,457
00:42:51.576 | SIM: mqtt1_gMqt/GPA6/T404=44,79394
00:42:51.576 | SIM: mqtt1_gMqt/GPA6/Hours=90000
00:42:51.992 | STREAM: plc1_00001=True
00:42:51.992 | STREAM: plc1_00002=False
00:42:51.993 | STREAM: plc1_30035=0
00:42:51.993 | STREAM: plc1_40005=50
00:42:51.994 | STREAM: plc1_00010=False
00:42:51.994 | STREAM: plc1_00003=True
00:42:51.994 | STREAM: plc1_30031=3,9181066
00:42:51.995 | STREAM: plc1_40006=0
00:42:51.995 | STREAM: plc1_00004=False
00:42:51.995 | STREAM: plc1_30033=0
00:42:51.995 | STREAM: plc1_40007=0
00:42:51.996 | STREAM: plc1_30029=3,9181066
00:42:51.996 | STREAM: plc1_30025=1
00:42:51.996 | STREAM: plc1_30023=22
00:42:51.996 | STREAM: plc1_00011=False
00:42:51.997 | STREAM: plc1_00006=False
00:42:51.997 | STREAM: plc1_40033=0
00:42:51.997 | STREAM: plc1_40025=0
00:42:51.997 | STREAM: plc1_00007=False
00:42:51.997 | STREAM: plc1_40027=0
00:42:51.998 | STREAM: plc1_00005=True
00:42:51.998 | STREAM: plc1_40029=0
00:42:51.998 | STREAM: plc1_40021=0
00:42:51.998 | STREAM: plc1_30027=7,210331
00:42:52.494 | STREAM: plc1_00001=True
00:42:52.494 | STREAM: plc1_00002=False
00:42:52.494 | STREAM: plc1_30035=0
00:42:52.495 | STREAM: plc1_40005=50
00:42:52.495 | STREAM: plc1_00010=False
00:42:52.495 | STREAM: plc1_00003=True
00:42:52.495 | STREAM: plc1_30031=4,0800385
00:42:52.496 | STREAM: plc1_40006=0
00:42:52.496 | STREAM: plc1_00004=False
00:42:52.496 | STREAM: plc1_30033=0
00:42:52.496 | STREAM: plc1_40007=0
00:42:52.497 | STREAM: plc1_30029=4,0800385
00:42:52.497 | STREAM: plc1_30025=1
00:42:52.497 | STREAM: plc1_30023=22
00:42:52.497 | STREAM: plc1_00011=False
00:42:52.498 | STREAM: plc1_00006=False
00:42:52.498 | STREAM: plc1_40033=0
00:42:52.498 | STREAM: plc1_40025=0
00:42:52.498 | STREAM: plc1_00007=False
00:42:52.498 | STREAM: plc1_40027=0
00:42:52.499 | STREAM: plc1_00005=True
00:42:52.499 | STREAM: plc1_40029=0
00:42:52.499 | STREAM: plc1_40021=0
00:42:52.499 | STREAM: plc1_30027=7,37353
00:42:52.664 | SIM: mqtt1_gMqt/ZAS/ZAS_Actual_Power=195,43512
00:42:52.664 | SIM: mqtt1_gMqt/GPA1/PPU_Gen_active_power=1164,222
00:42:52.665 | SIM: mqtt1_gMqt/GPA1/PPU_Gen_counter_active_power=18027,84
00:42:52.665 | SIM: mqtt1_gMqt/GPA1/T404=42,952873
00:42:52.665 | SIM: mqtt1_gMqt/GPA1/Hours=90000
00:42:52.665 | SIM: mqtt1_gMqt/GPA2/PPU_Gen_active_power=1191,6273
00:42:52.665 | SIM: mqtt1_gMqt/GPA2/PPU_Gen_counter_active_power=18027,86
00:42:52.665 | SIM: mqtt1_gMqt/GPA2/T404=46,60224
00:42:52.666 | SIM: mqtt1_gMqt/GPA2/Hours=90000
00:42:52.666 | SIM: mqtt1_gMqt/GPA3/PPU_Gen_active_power=1311,925
00:42:52.666 | SIM: mqtt1_gMqt/GPA3/PPU_Gen_counter_active_power=18028,951
00:42:52.666 | SIM: mqtt1_gMqt/GPA3/T404=43,891857
00:42:52.666 | SIM: mqtt1_gMqt/GPA3/Hours=90000
00:42:52.666 | SIM: mqtt1_gMqt/GPA4/PPU_Gen_active_power=1190,9404
00:42:52.667 | SIM: mqtt1_gMqt/GPA4/PPU_Gen_counter_active_power=18028,562
00:42:52.667 | SIM: mqtt1_gMqt/GPA4/T404=45,94232
00:42:52.667 | SIM: mqtt1_gMqt/GPA4/Hours=90000
00:42:52.667 | SIM: mqtt1_gMqt/GPA5/PPU_Gen_active_power=1195,6013
00:42:52.667 | SIM: mqtt1_gMqt/GPA5/PPU_Gen_counter_active_power=18027,592
00:42:52.667 | SIM: mqtt1_gMqt/GPA5/T404=44,82234
00:42:52.668 | SIM: mqtt1_gMqt/GPA5/Hours=90000
00:42:52.668 | SIM: mqtt1_gMqt/GPA6/PPU_Gen_active_power=1237,0148
00:42:52.668 | SIM: mqtt1_gMqt/GPA6/PPU_Gen_counter_active_power=18028,8
00:42:52.668 | SIM: mqtt1_gMqt/GPA6/T404=44,56013
00:42:52.668 | SIM: mqtt1_gMqt/GPA6/Hours=90000
00:42:53.009 | STREAM: plc1_00001=True
00:42:53.009 | STREAM: plc1_00002=False
00:42:53.009 | STREAM: plc1_30035=0
00:42:53.010 | STREAM: plc1_40005=50
00:42:53.010 | STREAM: plc1_00010=False
00:42:53.010 | STREAM: plc1_00003=True
00:42:53.010 | STREAM: plc1_30031=4,2396526
00:42:53.011 | STREAM: plc1_40006=0
00:42:53.011 | STREAM: plc1_00004=False
00:42:53.011 | STREAM: plc1_30033=0
00:42:53.011 | STREAM: plc1_40007=0
00:42:53.012 | STREAM: plc1_30029=4,2396526
00:42:53.012 | STREAM: plc1_30025=1
00:42:53.012 | STREAM: plc1_30023=22
00:42:53.012 | STREAM: plc1_00011=False
00:42:53.012 | STREAM: plc1_00006=False
00:42:53.013 | STREAM: plc1_40033=0
00:42:53.013 | STREAM: plc1_40025=0
00:42:53.013 | STREAM: plc1_00007=False
00:42:53.013 | STREAM: plc1_40027=0
00:42:53.014 | STREAM: plc1_00005=True
00:42:53.014 | STREAM: plc1_40029=0
00:42:53.014 | STREAM: plc1_40021=0
00:42:53.014 | STREAM: plc1_30027=7,5308113
00:42:53.511 | STREAM: plc1_00001=True
00:42:53.511 | STREAM: plc1_00002=False
00:42:53.512 | STREAM: plc1_30035=0
00:42:53.512 | STREAM: plc1_40005=50
00:42:53.512 | STREAM: plc1_00010=False
00:42:53.512 | STREAM: plc1_00003=True
00:42:53.513 | STREAM: plc1_30031=4,366615
00:42:53.513 | STREAM: plc1_40006=0
00:42:53.513 | STREAM: plc1_00004=False
00:42:53.513 | STREAM: plc1_30033=0
00:42:53.514 | STREAM: plc1_40007=0
00:42:53.514 | STREAM: plc1_30029=4,366615
00:42:53.514 | STREAM: plc1_30025=1
00:42:53.514 | STREAM: plc1_30023=22
00:42:53.515 | STREAM: plc1_00011=False
00:42:53.515 | STREAM: plc1_00006=False
00:42:53.515 | STREAM: plc1_40033=0
00:42:53.515 | STREAM: plc1_40025=0
00:42:53.516 | STREAM: plc1_00007=False
00:42:53.516 | STREAM: plc1_40027=0
00:42:53.516 | STREAM: plc1_00005=True
00:42:53.516 | STREAM: plc1_40029=0
00:42:53.517 | STREAM: plc1_40021=0
00:42:53.517 | STREAM: plc1_30027=7,6535378
00:42:53.761 | SIM: mqtt1_gMqt/ZAS/ZAS_Actual_Power=197,25371
00:42:53.761 | SIM: mqtt1_gMqt/GPA1/PPU_Gen_active_power=1158,0084
00:42:53.761 | SIM: mqtt1_gMqt/GPA1/PPU_Gen_counter_active_power=18028,162
00:42:53.762 | SIM: mqtt1_gMqt/GPA1/T404=43,079388
00:42:53.762 | SIM: mqtt1_gMqt/GPA1/Hours=90000
00:42:53.762 | SIM: mqtt1_gMqt/GPA2/PPU_Gen_active_power=1195,3899
00:42:53.762 | SIM: mqtt1_gMqt/GPA2/PPU_Gen_counter_active_power=18028,191
00:42:53.762 | SIM: mqtt1_gMqt/GPA2/T404=46,429447
00:42:53.763 | SIM: mqtt1_gMqt/GPA2/Hours=90000
00:42:53.763 | SIM: mqtt1_gMqt/GPA3/PPU_Gen_active_power=1306,0426
00:42:53.763 | SIM: mqtt1_gMqt/GPA3/PPU_Gen_counter_active_power=18029,314
00:42:53.763 | SIM: mqtt1_gMqt/GPA3/T404=43,75991
00:42:53.763 | SIM: mqtt1_gMqt/GPA3/Hours=90000
00:42:53.764 | SIM: mqtt1_gMqt/GPA4/PPU_Gen_active_power=1186,5425
00:42:53.764 | SIM: mqtt1_gMqt/GPA4/PPU_Gen_counter_active_power=18028,893
00:42:53.764 | SIM: mqtt1_gMqt/GPA4/T404=45,815826
00:42:53.764 | SIM: mqtt1_gMqt/GPA4/Hours=90000
00:42:53.764 | SIM: mqtt1_gMqt/GPA5/PPU_Gen_active_power=1198,1919
00:42:53.765 | SIM: mqtt1_gMqt/GPA5/PPU_Gen_counter_active_power=18027,924
00:42:53.765 | SIM: mqtt1_gMqt/GPA5/T404=44,904488
00:42:53.765 | SIM: mqtt1_gMqt/GPA5/Hours=90000
00:42:53.765 | SIM: mqtt1_gMqt/GPA6/PPU_Gen_active_power=1232,5789
00:42:53.765 | SIM: mqtt1_gMqt/GPA6/PPU_Gen_counter_active_power=18029,143
00:42:53.765 | SIM: mqtt1_gMqt/GPA6/T404=44,53406
00:42:53.766 | SIM: mqtt1_gMqt/GPA6/Hours=90000
00:42:54.011 | STREAM: plc1_00001=True
00:42:54.011 | STREAM: plc1_00002=False
00:42:54.012 | STREAM: plc1_30035=0
00:42:54.012 | STREAM: plc1_40005=50
00:42:54.012 | STREAM: plc1_00010=False
00:42:54.013 | STREAM: plc1_00003=True
00:42:54.013 | STREAM: plc1_30031=4,5239544
00:42:54.013 | STREAM: plc1_40006=0
00:42:54.013 | STREAM: plc1_00004=False
00:42:54.014 | STREAM: plc1_30033=0
00:42:54.014 | STREAM: plc1_40007=0
00:42:54.014 | STREAM: plc1_30029=4,5239544
00:42:54.014 | STREAM: plc1_30025=1
00:42:54.014 | STREAM: plc1_30023=22
00:42:54.015 | STREAM: plc1_00011=False
00:42:54.015 | STREAM: plc1_00006=False
00:42:54.015 | STREAM: plc1_40033=0
00:42:54.015 | STREAM: plc1_40025=0
00:42:54.016 | STREAM: plc1_00007=False
00:42:54.016 | STREAM: plc1_40027=0
00:42:54.016 | STREAM: plc1_00005=True
00:42:54.016 | STREAM: plc1_40029=0
00:42:54.016 | STREAM: plc1_40021=0
00:42:54.017 | STREAM: plc1_30027=7,802869
00:42:54.527 | STREAM: plc1_00001=True
00:42:54.527 | STREAM: plc1_00002=True
00:42:54.528 | STREAM: plc1_30035=0
00:42:54.528 | STREAM: plc1_40005=50
00:42:54.528 | STREAM: plc1_00010=False
00:42:54.528 | STREAM: plc1_00003=True
00:42:54.529 | STREAM: plc1_30031=4,6801257
00:42:54.529 | STREAM: plc1_40006=0
00:42:54.529 | STREAM: plc1_00004=False
00:42:54.529 | STREAM: plc1_30033=0
00:42:54.530 | STREAM: plc1_40007=0
00:42:54.530 | STREAM: plc1_30029=4,6801257
00:42:54.530 | STREAM: plc1_30025=1
00:42:54.530 | STREAM: plc1_30023=22
00:42:54.531 | STREAM: plc1_00011=False
00:42:54.531 | STREAM: plc1_00006=False
00:42:54.531 | STREAM: plc1_40033=0
00:42:54.531 | STREAM: plc1_40025=0
00:42:54.532 | STREAM: plc1_00007=False
00:42:54.532 | STREAM: plc1_40027=0
00:42:54.532 | STREAM: plc1_00005=True
00:42:54.532 | STREAM: plc1_40029=0
00:42:54.533 | STREAM: plc1_40021=0
00:42:54.533 | STREAM: plc1_30027=7,94824
00:42:54.853 | SIM: mqtt1_gMqt/ZAS/ZAS_Actual_Power=198,97421
00:42:54.853 | SIM: mqtt1_gMqt/GPA1/PPU_Gen_active_power=1161,9651
00:42:54.853 | SIM: mqtt1_gMqt/GPA1/PPU_Gen_counter_active_power=18028,484
00:42:54.853 | SIM: mqtt1_gMqt/GPA1/T404=43,27373
00:42:54.854 | SIM: mqtt1_gMqt/GPA1/Hours=90000
00:42:54.854 | SIM: mqtt1_gMqt/GPA2/PPU_Gen_active_power=1203,1831
00:42:54.854 | SIM: mqtt1_gMqt/GPA2/PPU_Gen_counter_active_power=18028,525
00:42:54.854 | SIM: mqtt1_gMqt/GPA2/T404=46,31315
00:42:54.854 | SIM: mqtt1_gMqt/GPA2/Hours=90000
00:42:54.854 | SIM: mqtt1_gMqt/GPA3/PPU_Gen_active_power=1307,8688
00:42:54.855 | SIM: mqtt1_gMqt/GPA3/PPU_Gen_counter_active_power=18029,678
00:42:54.855 | SIM: mqtt1_gMqt/GPA3/T404=43,589382
00:42:54.855 | SIM: mqtt1_gMqt/GPA3/Hours=90000
00:42:54.855 | SIM: mqtt1_gMqt/GPA4/PPU_Gen_active_power=1196,1082
00:42:54.855 | SIM: mqtt1_gMqt/GPA4/PPU_Gen_counter_active_power=18029,225
00:42:54.855 | SIM: mqtt1_gMqt/GPA4/T404=45,79415
00:42:54.855 | SIM: mqtt1_gMqt/GPA4/Hours=90000
00:42:54.856 | SIM: mqtt1_gMqt/GPA5/PPU_Gen_active_power=1202,8296
00:42:54.856 | SIM: mqtt1_gMqt/GPA5/PPU_Gen_counter_active_power=18028,258
00:42:54.856 | SIM: mqtt1_gMqt/GPA5/T404=44,861614
00:42:54.856 | SIM: mqtt1_gMqt/GPA5/Hours=90000
00:42:54.856 | SIM: mqtt1_gMqt/GPA6/PPU_Gen_active_power=1238,7612
00:42:54.856 | SIM: mqtt1_gMqt/GPA6/PPU_Gen_counter_active_power=18029,486
00:42:54.857 | SIM: mqtt1_gMqt/GPA6/T404=44,70153
00:42:54.857 | SIM: mqtt1_gMqt/GPA6/Hours=90000
00:42:55.039 | STREAM: plc1_00001=True
00:42:55.040 | STREAM: plc1_00002=True
00:42:55.040 | STREAM: plc1_30035=0
00:42:55.040 | STREAM: plc1_40005=50
00:42:55.041 | STREAM: plc1_00010=False
00:42:55.041 | STREAM: plc1_00003=True
00:42:55.041 | STREAM: plc1_30031=4,8033504
00:42:55.042 | STREAM: plc1_40006=0
00:42:55.042 | STREAM: plc1_00004=False
00:42:55.042 | STREAM: plc1_30033=0
00:42:55.043 | STREAM: plc1_40007=0
00:42:55.043 | STREAM: plc1_30029=4,8033504
00:42:55.043 | STREAM: plc1_30025=1
00:42:55.043 | STREAM: plc1_30023=22
00:42:55.044 | STREAM: plc1_00011=False
00:42:55.044 | STREAM: plc1_00006=False
00:42:55.044 | STREAM: plc1_40033=0
00:42:55.045 | STREAM: plc1_40025=0
00:42:55.045 | STREAM: plc1_00007=False
00:42:55.045 | STREAM: plc1_40027=0
00:42:55.045 | STREAM: plc1_00005=True
00:42:55.046 | STREAM: plc1_40029=0
00:42:55.046 | STREAM: plc1_40021=0
00:42:55.046 | STREAM: plc1_30027=8,061041
00:42:55.540 | STREAM: plc1_00001=True
00:42:55.540 | STREAM: plc1_00002=True
00:42:55.540 | STREAM: plc1_30035=0
00:42:55.541 | STREAM: plc1_40005=50
00:42:55.541 | STREAM: plc1_00010=False
00:42:55.541 | STREAM: plc1_00003=True
00:42:55.541 | STREAM: plc1_30031=4,9569516
00:42:55.542 | STREAM: plc1_40006=0
00:42:55.542 | STREAM: plc1_00004=False
00:42:55.542 | STREAM: plc1_30033=0
00:42:55.542 | STREAM: plc1_40007=0
00:42:55.543 | STREAM: plc1_30029=4,9569516
00:42:55.543 | STREAM: plc1_30025=1
00:42:55.543 | STREAM: plc1_30023=22
00:42:55.543 | STREAM: plc1_00011=False
00:42:55.543 | STREAM: plc1_00006=False
00:42:55.544 | STREAM: plc1_40033=0
00:42:55.544 | STREAM: plc1_40025=0
00:42:55.544 | STREAM: plc1_00007=False
00:42:55.544 | STREAM: plc1_40027=0
00:42:55.544 | STREAM: plc1_00005=True
00:42:55.545 | STREAM: plc1_40029=0
00:42:55.545 | STREAM: plc1_40021=0
00:42:55.545 | STREAM: plc1_30027=8,199423
00:42:55.949 | SIM: mqtt1_gMqt/ZAS/ZAS_Actual_Power=199,77379
00:42:55.950 | SIM: mqtt1_gMqt/GPA1/PPU_Gen_active_power=1153,0895
00:42:55.950 | SIM: mqtt1_gMqt/GPA1/PPU_Gen_counter_active_power=18028,805
00:42:55.950 | SIM: mqtt1_gMqt/GPA1/T404=43,127686
00:42:55.950 | SIM: mqtt1_gMqt/GPA1/Hours=90000
00:42:55.951 | SIM: mqtt1_gMqt/GPA2/PPU_Gen_active_power=1212,6506
00:42:55.951 | SIM: mqtt1_gMqt/GPA2/PPU_Gen_counter_active_power=18028,861
00:42:55.951 | SIM: mqtt1_gMqt/GPA2/T404=46,224537
00:42:55.951 | SIM: mqtt1_gMqt/GPA2/Hours=90000
00:42:55.951 | SIM: mqtt1_gMqt/GPA3/PPU_Gen_active_power=1300,8481
00:42:55.951 | SIM: mqtt1_gMqt/GPA3/PPU_Gen_counter_active_power=18030,04
00:42:55.952 | SIM: mqtt1_gMqt/GPA3/T404=43,572987
00:42:55.952 | SIM: mqtt1_gMqt/GPA3/Hours=90000
00:42:55.952 | SIM: mqtt1_gMqt/GPA4/PPU_Gen_active_power=1188,1174
00:42:55.952 | SIM: mqtt1_gMqt/GPA4/PPU_Gen_counter_active_power=18029,555
00:42:55.952 | SIM: mqtt1_gMqt/GPA4/T404=45,94112
00:42:55.952 | SIM: mqtt1_gMqt/GPA4/Hours=90000
00:42:55.952 | SIM: mqtt1_gMqt/GPA5/PPU_Gen_active_power=1199,9784
00:42:55.953 | SIM: mqtt1_gMqt/GPA5/PPU_Gen_counter_active_power=18028,592
00:42:55.953 | SIM: mqtt1_gMqt/GPA5/T404=45,070164
00:42:55.953 | SIM: mqtt1_gMqt/GPA5/Hours=90000
00:42:55.953 | SIM: mqtt1_gMqt/GPA6/PPU_Gen_active_power=1245,1387
00:42:55.953 | SIM: mqtt1_gMqt/GPA6/PPU_Gen_counter_active_power=18029,832
00:42:55.953 | SIM: mqtt1_gMqt/GPA6/T404=44,466
00:42:55.954 | SIM: mqtt1_gMqt/GPA6/Hours=90000
00:42:56.044 | STREAM: plc1_00001=True
00:42:56.044 | STREAM: plc1_00002=True
00:42:56.044 | STREAM: plc1_30035=0
00:42:56.045 | STREAM: plc1_40005=50
00:42:56.045 | STREAM: plc1_00010=False
00:42:56.045 | STREAM: plc1_00003=True
00:42:56.045 | STREAM: plc1_30031=5,079855
00:42:56.045 | STREAM: plc1_40006=0
00:42:56.046 | STREAM: plc1_00004=False
00:42:56.046 | STREAM: plc1_30033=0
00:42:56.046 | STREAM: plc1_40007=0
00:42:56.046 | STREAM: plc1_30029=5,079855
00:42:56.047 | STREAM: plc1_30025=1
00:42:56.047 | STREAM: plc1_30023=22
00:42:56.047 | STREAM: plc1_00011=False
00:42:56.047 | STREAM: plc1_00006=False
00:42:56.048 | STREAM: plc1_40033=0
00:42:56.048 | STREAM: plc1_40025=0
00:42:56.048 | STREAM: plc1_00007=False
00:42:56.048 | STREAM: plc1_40027=0
00:42:56.048 | STREAM: plc1_00005=True
00:42:56.049 | STREAM: plc1_40029=0
00:42:56.049 | STREAM: plc1_40021=0
00:42:56.049 | STREAM: plc1_30027=8,30845
00:42:56.559 | STREAM: plc1_00001=True
00:42:56.559 | STREAM: plc1_00002=True
00:42:56.559 | STREAM: plc1_30035=0
00:42:56.560 | STREAM: plc1_40005=50
00:42:56.560 | STREAM: plc1_00010=False
00:42:56.560 | STREAM: plc1_00003=True
00:42:56.561 | STREAM: plc1_30031=5,2310534
00:42:56.561 | STREAM: plc1_40006=0
00:42:56.561 | STREAM: plc1_00004=False
00:42:56.561 | STREAM: plc1_30033=0
00:42:56.562 | STREAM: plc1_40007=0
00:42:56.562 | STREAM: plc1_30029=5,2310534
00:42:56.562 | STREAM: plc1_30025=1
00:42:56.562 | STREAM: plc1_30023=22
00:42:56.562 | STREAM: plc1_00011=False
00:42:56.563 | STREAM: plc1_00006=False
00:42:56.563 | STREAM: plc1_40033=0
00:42:56.563 | STREAM: plc1_40025=0
00:42:56.563 | STREAM: plc1_00007=False
00:42:56.564 | STREAM: plc1_40027=0
00:42:56.564 | STREAM: plc1_00005=True
00:42:56.564 | STREAM: plc1_40029=0
00:42:56.565 | STREAM: plc1_40021=0
00:42:56.565 | STREAM: plc1_30027=8,440595
00:42:57.043 | SIM: mqtt1_gMqt/ZAS/ZAS_Actual_Power=197,91756
00:42:57.043 | SIM: mqtt1_gMqt/GPA1/PPU_Gen_active_power=1158,652
00:42:57.043 | SIM: mqtt1_gMqt/GPA1/PPU_Gen_counter_active_power=18029,127
00:42:57.043 | SIM: mqtt1_gMqt/GPA1/T404=42,935787
00:42:57.043 | SIM: mqtt1_gMqt/GPA1/Hours=90000
00:42:57.044 | SIM: mqtt1_gMqt/GPA2/PPU_Gen_active_power=1221,0369
00:42:57.044 | SIM: mqtt1_gMqt/GPA2/PPU_Gen_counter_active_power=18029,201
00:42:57.044 | SIM: mqtt1_gMqt/GPA2/T404=46,438984
00:42:57.044 | SIM: mqtt1_gMqt/GPA2/Hours=90000
00:42:57.044 | SIM: mqtt1_gMqt/GPA3/PPU_Gen_active_power=1295,5463
00:42:57.045 | SIM: mqtt1_gMqt/GPA3/PPU_Gen_counter_active_power=18030,398
00:42:57.045 | SIM: mqtt1_gMqt/GPA3/T404=43,55565
00:42:57.045 | SIM: mqtt1_gMqt/GPA3/Hours=90000
00:42:57.045 | SIM: mqtt1_gMqt/GPA4/PPU_Gen_active_power=1188,0946
00:42:57.045 | SIM: mqtt1_gMqt/GPA4/PPU_Gen_counter_active_power=18029,885
00:42:57.045 | SIM: mqtt1_gMqt/GPA4/T404=45,875088
00:42:57.045 | SIM: mqtt1_gMqt/GPA4/Hours=90000
00:42:57.046 | SIM: mqtt1_gMqt/GPA5/PPU_Gen_active_power=1190,4642
00:42:57.046 | SIM: mqtt1_gMqt/GPA5/PPU_Gen_counter_active_power=18028,922
00:42:57.046 | SIM: mqtt1_gMqt/GPA5/T404=45,197365
00:42:57.046 | SIM: mqtt1_gMqt/GPA5/Hours=90000
00:42:57.046 | SIM: mqtt1_gMqt/GPA6/PPU_Gen_active_power=1236,9302
00:42:57.046 | SIM: mqtt1_gMqt/GPA6/PPU_Gen_counter_active_power=18030,176
00:42:57.047 | SIM: mqtt1_gMqt/GPA6/T404=44,428215
00:42:57.047 | SIM: mqtt1_gMqt/GPA6/Hours=90000
00:42:57.074 | STREAM: plc1_00001=True
00:42:57.074 | STREAM: plc1_00002=True
00:42:57.074 | STREAM: plc1_30035=0
00:42:57.074 | STREAM: plc1_40005=50
00:42:57.075 | STREAM: plc1_00010=False
00:42:57.075 | STREAM: plc1_00003=True
00:42:57.075 | STREAM: plc1_30031=5,3813467
00:42:57.075 | STREAM: plc1_40006=0
00:42:57.076 | STREAM: plc1_00004=False
00:42:57.076 | STREAM: plc1_30033=0
00:42:57.076 | STREAM: plc1_40007=0
00:42:57.076 | STREAM: plc1_30029=5,3813467
00:42:57.076 | STREAM: plc1_30025=1
00:42:57.077 | STREAM: plc1_30023=22
00:42:57.077 | STREAM: plc1_00011=False
00:42:57.077 | STREAM: plc1_00006=False
00:42:57.077 | STREAM: plc1_40033=0
00:42:57.078 | STREAM: plc1_40025=0
00:42:57.078 | STREAM: plc1_00007=False
00:42:57.078 | STREAM: plc1_40027=0
00:42:57.078 | STREAM: plc1_00005=True
00:42:57.079 | STREAM: plc1_40029=0
00:42:57.079 | STREAM: plc1_40021=0
00:42:57.079 | STREAM: plc1_30027=8,569885
00:42:57.589 | STREAM: plc1_00001=True
00:42:57.589 | STREAM: plc1_00002=True
00:42:57.590 | STREAM: plc1_30035=0
00:42:57.590 | STREAM: plc1_40005=50
00:42:57.591 | STREAM: plc1_00010=False
00:42:57.591 | STREAM: plc1_00003=True
00:42:57.591 | STREAM: plc1_30031=5,53014
00:42:57.592 | STREAM: plc1_40006=0
00:42:57.592 | STREAM: plc1_00004=False
00:42:57.592 | STREAM: plc1_30033=0
00:42:57.592 | STREAM: plc1_40007=0
00:42:57.593 | STREAM: plc1_30029=5,53014
00:42:57.594 | STREAM: plc1_30025=1
00:42:57.595 | STREAM: plc1_30023=22
00:42:57.595 | STREAM: plc1_00011=False
00:42:57.596 | STREAM: plc1_00006=False
00:42:57.597 | STREAM: plc1_40033=0
00:42:57.599 | STREAM: plc1_40025=0
00:42:57.600 | STREAM: plc1_00007=False
00:42:57.600 | STREAM: plc1_40027=0
00:42:57.600 | STREAM: plc1_00005=True
00:42:57.601 | STREAM: plc1_40029=0
00:42:57.601 | STREAM: plc1_40021=0
00:42:57.601 | STREAM: plc1_30027=8,69595
00:42:58.104 | STREAM: plc1_00001=True
00:42:58.104 | STREAM: plc1_00002=True
00:42:58.104 | STREAM: plc1_30035=0
00:42:58.105 | STREAM: plc1_40005=50
00:42:58.105 | STREAM: plc1_00010=False
00:42:58.105 | STREAM: plc1_00003=True
00:42:58.105 | STREAM: plc1_30031=5,6485066
00:42:58.106 | STREAM: plc1_40006=0
00:42:58.106 | STREAM: plc1_00004=False
00:42:58.106 | STREAM: plc1_30033=0
00:42:58.106 | STREAM: plc1_40007=0
00:42:58.107 | STREAM: plc1_30029=5,6485066
00:42:58.107 | STREAM: plc1_30025=1
00:42:58.107 | STREAM: plc1_30023=22
00:42:58.107 | STREAM: plc1_00011=False
00:42:58.107 | STREAM: plc1_00006=False
00:42:58.108 | STREAM: plc1_40033=0
00:42:58.108 | STREAM: plc1_40025=0
00:42:58.108 | STREAM: plc1_00007=False
00:42:58.108 | STREAM: plc1_40027=0
00:42:58.109 | STREAM: plc1_00005=True
00:42:58.109 | STREAM: plc1_40029=0
00:42:58.109 | STREAM: plc1_40021=0
00:42:58.110 | STREAM: plc1_30027=8,794918
00:42:58.134 | SIM: mqtt1_gMqt/ZAS/ZAS_Actual_Power=197,6157
00:42:58.134 | SIM: mqtt1_gMqt/GPA1/PPU_Gen_active_power=1166,9779
00:42:58.134 | SIM: mqtt1_gMqt/GPA1/PPU_Gen_counter_active_power=18029,451
00:42:58.135 | SIM: mqtt1_gMqt/GPA1/T404=43,02464
00:42:58.135 | SIM: mqtt1_gMqt/GPA1/Hours=90000
00:42:58.135 | SIM: mqtt1_gMqt/GPA2/PPU_Gen_active_power=1216,782
00:42:58.136 | SIM: mqtt1_gMqt/GPA2/PPU_Gen_counter_active_power=18029,54
00:42:58.136 | SIM: mqtt1_gMqt/GPA2/T404=46,348053
00:42:58.136 | SIM: mqtt1_gMqt/GPA2/Hours=90000
00:42:58.136 | SIM: mqtt1_gMqt/GPA3/PPU_Gen_active_power=1297,9303
00:42:58.136 | SIM: mqtt1_gMqt/GPA3/PPU_Gen_counter_active_power=18030,76
00:42:58.136 | SIM: mqtt1_gMqt/GPA3/T404=43,434128
00:42:58.137 | SIM: mqtt1_gMqt/GPA3/Hours=90000
00:42:58.137 | SIM: mqtt1_gMqt/GPA4/PPU_Gen_active_power=1181,8079
00:42:58.137 | SIM: mqtt1_gMqt/GPA4/PPU_Gen_counter_active_power=18030,213
00:42:58.137 | SIM: mqtt1_gMqt/GPA4/T404=45,864887
00:42:58.137 | SIM: mqtt1_gMqt/GPA4/Hours=90000
00:42:58.137 | SIM: mqtt1_gMqt/GPA5/PPU_Gen_active_power=1185,591
00:42:58.138 | SIM: mqtt1_gMqt/GPA5/PPU_Gen_counter_active_power=18029,252
00:42:58.138 | SIM: mqtt1_gMqt/GPA5/T404=45,326637
00:42:58.138 | SIM: mqtt1_gMqt/GPA5/Hours=90000
00:42:58.138 | SIM: mqtt1_gMqt/GPA6/PPU_Gen_active_power=1244,5887
00:42:58.138 | SIM: mqtt1_gMqt/GPA6/PPU_Gen_counter_active_power=18030,521
00:42:58.138 | SIM: mqtt1_gMqt/GPA6/T404=44,296883
00:42:58.138 | SIM: mqtt1_gMqt/GPA6/Hours=90000
00:42:58.139 | SIM: mqtt1_gMqt/GPA6/HAS_IN_Word55_0=True
00:42:58.606 | STREAM: plc1_00001=True
00:42:58.606 | STREAM: plc1_00002=True
00:42:58.607 | STREAM: plc1_30035=0
00:42:58.607 | STREAM: plc1_40005=50
00:42:58.607 | STREAM: plc1_00010=False
00:42:58.607 | STREAM: plc1_00003=True
00:42:58.608 | STREAM: plc1_30031=5,79598
00:42:58.608 | STREAM: plc1_40006=0
00:42:58.608 | STREAM: plc1_00004=False
00:42:58.608 | STREAM: plc1_30033=0
00:42:58.609 | STREAM: plc1_40007=0
00:42:58.609 | STREAM: plc1_30029=5,79598
00:42:58.609 | STREAM: plc1_30025=1
00:42:58.609 | STREAM: plc1_30023=22
00:42:58.610 | STREAM: plc1_00011=False
00:42:58.610 | STREAM: plc1_00006=False
00:42:58.610 | STREAM: plc1_40033=0
00:42:58.610 | STREAM: plc1_40025=0
00:42:58.611 | STREAM: plc1_00007=False
00:42:58.611 | STREAM: plc1_40027=0
00:42:58.611 | STREAM: plc1_00005=True
00:42:58.611 | STREAM: plc1_40029=0
00:42:58.612 | STREAM: plc1_40021=0
00:42:58.612 | STREAM: plc1_30027=8,9166565
00:42:59.119 | STREAM: plc1_00001=True
00:42:59.119 | STREAM: plc1_00002=True
00:42:59.119 | STREAM: plc1_30035=0
00:42:59.120 | STREAM: plc1_40005=50
00:42:59.120 | STREAM: plc1_00010=False
00:42:59.120 | STREAM: plc1_00003=True
00:42:59.121 | STREAM: plc1_30031=5,941172
00:42:59.123 | STREAM: plc1_40006=0
00:42:59.123 | STREAM: plc1_00004=False
00:42:59.123 | STREAM: plc1_30033=0
00:42:59.124 | STREAM: plc1_40007=0
00:42:59.124 | STREAM: plc1_30029=5,941172
00:42:59.124 | STREAM: plc1_30025=1
00:42:59.124 | STREAM: plc1_30023=22
00:42:59.125 | STREAM: plc1_00011=False
00:42:59.125 | STREAM: plc1_00006=False
00:42:59.125 | STREAM: plc1_40033=0
00:42:59.125 | STREAM: plc1_40025=0
00:42:59.126 | STREAM: plc1_00007=False
00:42:59.126 | STREAM: plc1_40027=0
00:42:59.126 | STREAM: plc1_00005=True
00:42:59.126 | STREAM: plc1_40029=0
00:42:59.127 | STREAM: plc1_40021=0
00:42:59.127 | STREAM: plc1_30027=9,034873
00:42:59.228 | SIM: mqtt1_gMqt/ZAS/ZAS_Actual_Power=199,04437
00:42:59.228 | SIM: mqtt1_gMqt/GPA1/PPU_Gen_active_power=1157,7177
00:42:59.229 | SIM: mqtt1_gMqt/GPA1/PPU_Gen_counter_active_power=18029,773
00:42:59.229 | SIM: mqtt1_gMqt/GPA1/T404=43,03194
00:42:59.229 | SIM: mqtt1_gMqt/GPA1/Hours=90000
00:42:59.229 | SIM: mqtt1_gMqt/GPA2/PPU_Gen_active_power=1218,0782
00:42:59.229 | SIM: mqtt1_gMqt/GPA2/PPU_Gen_counter_active_power=18029,877
00:42:59.230 | SIM: mqtt1_gMqt/GPA2/T404=46,587154
00:42:59.230 | SIM: mqtt1_gMqt/GPA2/Hours=90000
00:42:59.230 | SIM: mqtt1_gMqt/GPA3/PPU_Gen_active_power=1289,2496
00:42:59.230 | SIM: mqtt1_gMqt/GPA3/PPU_Gen_counter_active_power=18031,117
00:42:59.230 | SIM: mqtt1_gMqt/GPA3/T404=43,675755
00:42:59.231 | SIM: mqtt1_gMqt/GPA3/Hours=90000
00:42:59.231 | SIM: mqtt1_gMqt/GPA4/PPU_Gen_active_power=1191,7264
00:42:59.231 | SIM: mqtt1_gMqt/GPA4/PPU_Gen_counter_active_power=18030,543
00:42:59.231 | SIM: mqtt1_gMqt/GPA4/T404=45,731163
00:42:59.231 | SIM: mqtt1_gMqt/GPA4/Hours=90000
00:42:59.232 | SIM: mqtt1_gMqt/GPA5/PPU_Gen_active_power=1189,5518
00:42:59.232 | SIM: mqtt1_gMqt/GPA5/PPU_Gen_counter_active_power=18029,582
00:42:59.232 | SIM: mqtt1_gMqt/GPA5/T404=45,287426
00:42:59.232 | SIM: mqtt1_gMqt/GPA5/Hours=90000
00:42:59.232 | SIM: mqtt1_gMqt/GPA6/PPU_Gen_active_power=1237,2035
00:42:59.233 | SIM: mqtt1_gMqt/GPA6/PPU_Gen_counter_active_power=18030,865
00:42:59.233 | SIM: mqtt1_gMqt/GPA6/T404=44,31485
00:42:59.233 | SIM: mqtt1_gMqt/GPA6/Hours=90000
00:42:59.633 | STREAM: plc1_00001=True
00:42:59.634 | STREAM: plc1_00002=True
00:42:59.634 | STREAM: plc1_30035=0
00:42:59.634 | STREAM: plc1_40005=50
00:42:59.635 | STREAM: plc1_00010=False
00:42:59.635 | STREAM: plc1_00003=True
00:42:59.635 | STREAM: plc1_30031=6,057227
00:42:59.635 | STREAM: plc1_40006=0
00:42:59.636 | STREAM: plc1_00004=False
00:42:59.636 | STREAM: plc1_30033=0
00:42:59.636 | STREAM: plc1_40007=0
00:42:59.637 | STREAM: plc1_30029=6,057227
00:42:59.637 | STREAM: plc1_30025=1
00:42:59.637 | STREAM: plc1_30023=22
00:42:59.637 | STREAM: plc1_00011=False
00:42:59.638 | STREAM: plc1_00006=False
00:42:59.638 | STREAM: plc1_40033=0
00:42:59.638 | STREAM: plc1_40025=0
00:42:59.639 | STREAM: plc1_00007=False
00:42:59.639 | STREAM: plc1_40027=0
00:42:59.639 | STREAM: plc1_00005=True
00:42:59.639 | STREAM: plc1_40029=0
00:42:59.640 | STREAM: plc1_40021=0
00:42:59.640 | STREAM: plc1_30027=9,128245
00:43:00.134 | STREAM: plc1_00001=True
00:43:00.135 | STREAM: plc1_00002=True
00:43:00.135 | STREAM: plc1_30035=0
00:43:00.135 | STREAM: plc1_40005=50
00:43:00.135 | STREAM: plc1_00010=False
00:43:00.136 | STREAM: plc1_00003=True
00:43:00.136 | STREAM: plc1_30031=6,2013464
00:43:00.136 | STREAM: plc1_40006=0
00:43:00.136 | STREAM: plc1_00004=False
00:43:00.137 | STREAM: plc1_30033=0
00:43:00.137 | STREAM: plc1_40007=0
00:43:00.137 | STREAM: plc1_30029=6,2013464
00:43:00.137 | STREAM: plc1_30025=1
00:43:00.138 | STREAM: plc1_30023=22
00:43:00.138 | STREAM: plc1_00011=False
00:43:00.138 | STREAM: plc1_00006=False
00:43:00.138 | STREAM: plc1_40033=0
00:43:00.138 | STREAM: plc1_40025=0
00:43:00.139 | STREAM: plc1_00007=False
00:43:00.139 | STREAM: plc1_40027=0
00:43:00.139 | STREAM: plc1_00005=True
00:43:00.139 | STREAM: plc1_40029=0
00:43:00.140 | STREAM: plc1_40021=0
00:43:00.140 | STREAM: plc1_30027=9,242859
00:43:00.321 | SIM: mqtt1_gMqt/ZAS/ZAS_Actual_Power=199,26176
00:43:00.321 | SIM: mqtt1_gMqt/GPA1/PPU_Gen_active_power=1166,3971
00:43:00.322 | SIM: mqtt1_gMqt/GPA1/PPU_Gen_counter_active_power=18030,098
00:43:00.322 | SIM: mqtt1_gMqt/GPA1/T404=43,117046
00:43:00.322 | SIM: mqtt1_gMqt/GPA1/Hours=90000
00:43:00.322 | SIM: mqtt1_gMqt/GPA1/HAS_IN_Word55_0=True
00:43:00.322 | SIM: mqtt1_gMqt/GPA2/PPU_Gen_active_power=1223,9193
00:43:00.322 | SIM: mqtt1_gMqt/GPA2/PPU_Gen_counter_active_power=18030,217
00:43:00.323 | SIM: mqtt1_gMqt/GPA2/T404=46,599834
00:43:00.323 | SIM: mqtt1_gMqt/GPA2/Hours=90000
00:43:00.323 | SIM: mqtt1_gMqt/GPA3/PPU_Gen_active_power=1284,3329
00:43:00.323 | SIM: mqtt1_gMqt/GPA3/PPU_Gen_counter_active_power=18031,475
00:43:00.323 | SIM: mqtt1_gMqt/GPA3/T404=43,684166
00:43:00.323 | SIM: mqtt1_gMqt/GPA3/Hours=90000
00:43:00.323 | SIM: mqtt1_gMqt/GPA4/PPU_Gen_active_power=1199,1144
00:43:00.324 | SIM: mqtt1_gMqt/GPA4/PPU_Gen_counter_active_power=18030,877
00:43:00.324 | SIM: mqtt1_gMqt/GPA4/T404=45,526325
00:43:00.324 | SIM: mqtt1_gMqt/GPA4/Hours=90000
00:43:00.324 | SIM: mqtt1_gMqt/GPA5/PPU_Gen_active_power=1185,055
00:43:00.324 | SIM: mqtt1_gMqt/GPA5/PPU_Gen_counter_active_power=18029,912
00:43:00.324 | SIM: mqtt1_gMqt/GPA5/T404=45,149094
00:43:00.324 | SIM: mqtt1_gMqt/GPA5/Hours=90000
00:43:00.325 | SIM: mqtt1_gMqt/GPA6/PPU_Gen_active_power=1244,7842
00:43:00.325 | SIM: mqtt1_gMqt/GPA6/PPU_Gen_counter_active_power=18031,21
00:43:00.325 | SIM: mqtt1_gMqt/GPA6/T404=44,482185
00:43:00.325 | SIM: mqtt1_gMqt/GPA6/Hours=90000
00:43:00.648 | STREAM: plc1_00001=True
00:43:00.648 | STREAM: plc1_00002=True
00:43:00.649 | STREAM: plc1_30035=0
00:43:00.649 | STREAM: plc1_40005=50
00:43:00.649 | STREAM: plc1_00010=False
00:43:00.650 | STREAM: plc1_00003=True
00:43:00.650 | STREAM: plc1_30031=6,343773
00:43:00.650 | STREAM: plc1_40006=0
00:43:00.650 | STREAM: plc1_00004=False
00:43:00.651 | STREAM: plc1_30033=0
00:43:00.651 | STREAM: plc1_40007=0
00:43:00.651 | STREAM: plc1_30029=6,343773
00:43:00.652 | STREAM: plc1_30025=1
00:43:00.652 | STREAM: plc1_30023=22
00:43:00.652 | STREAM: plc1_00011=False
00:43:00.652 | STREAM: plc1_00006=False
00:43:00.653 | STREAM: plc1_40033=0
00:43:00.653 | STREAM: plc1_40025=0
00:43:00.653 | STREAM: plc1_00007=False
00:43:00.653 | STREAM: plc1_40027=0
00:43:00.654 | STREAM: plc1_00005=True
00:43:00.654 | STREAM: plc1_40029=0
00:43:00.654 | STREAM: plc1_40021=0
00:43:00.654 | STREAM: plc1_30027=9,35472
00:43:01.148 | STREAM: plc1_00001=True
00:43:01.148 | STREAM: plc1_00002=True
00:43:01.149 | STREAM: plc1_30035=0
00:43:01.149 | STREAM: plc1_40005=50
00:43:01.149 | STREAM: plc1_00010=False
00:43:01.150 | STREAM: plc1_00003=True
00:43:01.150 | STREAM: plc1_30031=6,4576235
00:43:01.150 | STREAM: plc1_40006=0
00:43:01.151 | STREAM: plc1_00004=False
00:43:01.151 | STREAM: plc1_30033=0
00:43:01.151 | STREAM: plc1_40007=0
00:43:01.152 | STREAM: plc1_30029=6,4576235
00:43:01.152 | STREAM: plc1_30025=1
00:43:01.152 | STREAM: plc1_30023=22
00:43:01.153 | STREAM: plc1_00011=False
00:43:01.153 | STREAM: plc1_00006=False
00:43:01.153 | STREAM: plc1_40033=0
00:43:01.153 | STREAM: plc1_40025=0
00:43:01.154 | STREAM: plc1_00007=False
00:43:01.154 | STREAM: plc1_40027=0
00:43:01.154 | STREAM: plc1_00005=True
00:43:01.155 | STREAM: plc1_40029=0
00:43:01.155 | STREAM: plc1_40021=0
00:43:01.155 | STREAM: plc1_30027=9,443169
00:43:01.415 | SIM: mqtt1_gMqt/ZAS/ZAS_Actual_Power=200,34259
00:43:01.415 | SIM: mqtt1_gMqt/GPA1/PPU_Gen_active_power=1161,9833
00:43:01.415 | SIM: mqtt1_gMqt/GPA1/PPU_Gen_counter_active_power=18030,42
00:43:01.415 | SIM: mqtt1_gMqt/GPA1/T404=43,021145
00:43:01.416 | SIM: mqtt1_gMqt/GPA1/Hours=90000
00:43:01.416 | SIM: mqtt1_gMqt/GPA2/PPU_Gen_active_power=1219,0321
00:43:01.416 | SIM: mqtt1_gMqt/GPA2/PPU_Gen_counter_active_power=18030,555
00:43:01.416 | SIM: mqtt1_gMqt/GPA2/T404=46,369324
00:43:01.416 | SIM: mqtt1_gMqt/GPA2/Hours=90000
00:43:01.416 | SIM: mqtt1_gMqt/GPA3/PPU_Gen_active_power=1292,1437
00:43:01.416 | SIM: mqtt1_gMqt/GPA3/PPU_Gen_counter_active_power=18031,834
00:43:01.417 | SIM: mqtt1_gMqt/GPA3/T404=43,735527
00:43:01.417 | SIM: mqtt1_gMqt/GPA3/Hours=90000
00:43:01.417 | SIM: mqtt1_gMqt/GPA4/PPU_Gen_active_power=1194,0393
00:43:01.417 | SIM: mqtt1_gMqt/GPA4/PPU_Gen_counter_active_power=18031,209
00:43:01.417 | SIM: mqtt1_gMqt/GPA4/T404=45,578773
00:43:01.418 | SIM: mqtt1_gMqt/GPA4/Hours=90000
00:43:01.418 | SIM: mqtt1_gMqt/GPA4/HAS_IN_Word55_0=True
00:43:01.418 | SIM: mqtt1_gMqt/GPA5/PPU_Gen_active_power=1181,0505
00:43:01.418 | SIM: mqtt1_gMqt/GPA5/PPU_Gen_counter_active_power=18030,24
00:43:01.418 | SIM: mqtt1_gMqt/GPA5/T404=45,038605
00:43:01.418 | SIM: mqtt1_gMqt/GPA5/Hours=90000
00:43:01.418 | SIM: mqtt1_gMqt/GPA6/PPU_Gen_active_power=1242,2726
00:43:01.419 | SIM: mqtt1_gMqt/GPA6/PPU_Gen_counter_active_power=18031,557
00:43:01.419 | SIM: mqtt1_gMqt/GPA6/T404=44,257133
00:43:01.419 | SIM: mqtt1_gMqt/GPA6/Hours=90000
00:43:01.649 | STREAM: plc1_00001=True
00:43:01.650 | STREAM: plc1_00002=True
00:43:01.650 | STREAM: plc1_30035=0
00:43:01.651 | STREAM: plc1_40005=50
00:43:01.651 | STREAM: plc1_00010=False
00:43:01.651 | STREAM: plc1_00003=True
00:43:01.652 | STREAM: plc1_30031=6,5988636
00:43:01.652 | STREAM: plc1_40006=0
00:43:01.652 | STREAM: plc1_00004=False
00:43:01.652 | STREAM: plc1_30033=0
00:43:01.653 | STREAM: plc1_40007=0
00:43:01.653 | STREAM: plc1_30029=6,5988636
00:43:01.653 | STREAM: plc1_30025=1
00:43:01.653 | STREAM: plc1_30023=22
00:43:01.654 | STREAM: plc1_00011=False
00:43:01.654 | STREAM: plc1_00006=False
00:43:01.654 | STREAM: plc1_40033=0
00:43:01.654 | STREAM: plc1_40025=0
00:43:01.655 | STREAM: plc1_00007=False
00:43:01.655 | STREAM: plc1_40027=0
00:43:01.655 | STREAM: plc1_00005=True
00:43:01.655 | STREAM: plc1_40029=0
00:43:01.656 | STREAM: plc1_40021=0
00:43:01.656 | STREAM: plc1_30027=9,551737
00:43:02.162 | STREAM: plc1_00001=True
00:43:02.163 | STREAM: plc1_00002=True
00:43:02.163 | STREAM: plc1_30035=0
00:43:02.163 | STREAM: plc1_40005=50
00:43:02.164 | STREAM: plc1_00010=False
00:43:02.164 | STREAM: plc1_00003=True
00:43:02.164 | STREAM: plc1_30031=6,710382
00:43:02.165 | STREAM: plc1_40006=0
00:43:02.165 | STREAM: plc1_00004=False
00:43:02.165 | STREAM: plc1_30033=0
00:43:02.165 | STREAM: plc1_40007=0
00:43:02.166 | STREAM: plc1_30029=6,710382
00:43:02.166 | STREAM: plc1_30025=1
00:43:02.166 | STREAM: plc1_30023=22
00:43:02.166 | STREAM: plc1_00011=False
00:43:02.167 | STREAM: plc1_00006=False
00:43:02.167 | STREAM: plc1_40033=0
00:43:02.167 | STREAM: plc1_40025=0
00:43:02.167 | STREAM: plc1_00007=False
00:43:02.168 | STREAM: plc1_40027=0
00:43:02.168 | STREAM: plc1_00005=True
00:43:02.168 | STREAM: plc1_40029=0
00:43:02.169 | STREAM: plc1_40021=0
00:43:02.169 | STREAM: plc1_30027=9,636579
00:43:02.505 | SIM: mqtt1_gMqt/ZAS/ZAS_Actual_Power=201,10999
00:43:02.505 | SIM: mqtt1_gMqt/GPA1/PPU_Gen_active_power=1169,1018
00:43:02.506 | SIM: mqtt1_gMqt/GPA1/PPU_Gen_counter_active_power=18030,744
00:43:02.506 | SIM: mqtt1_gMqt/GPA1/T404=43,248318
00:43:02.506 | SIM: mqtt1_gMqt/GPA1/Hours=90000
00:43:02.506 | SIM: mqtt1_gMqt/GPA2/PPU_Gen_active_power=1224,5729
00:43:02.506 | SIM: mqtt1_gMqt/GPA2/PPU_Gen_counter_active_power=18030,895
00:43:02.506 | SIM: mqtt1_gMqt/GPA2/T404=46,351658
00:43:02.507 | SIM: mqtt1_gMqt/GPA2/Hours=90000
00:43:02.507 | SIM: mqtt1_gMqt/GPA3/PPU_Gen_active_power=1286,6357
00:43:02.507 | SIM: mqtt1_gMqt/GPA3/PPU_Gen_counter_active_power=18032,191
00:43:02.507 | SIM: mqtt1_gMqt/GPA3/T404=43,833572
00:43:02.507 | SIM: mqtt1_gMqt/GPA3/Hours=90000
00:43:02.507 | SIM: mqtt1_gMqt/GPA4/PPU_Gen_active_power=1189,0675
00:43:02.507 | SIM: mqtt1_gMqt/GPA4/PPU_Gen_counter_active_power=18031,54
00:43:02.508 | SIM: mqtt1_gMqt/GPA4/T404=45,490337
00:43:02.508 | SIM: mqtt1_gMqt/GPA4/Hours=90000
00:43:02.508 | SIM: mqtt1_gMqt/GPA5/PPU_Gen_active_power=1190,0225
00:43:02.508 | SIM: mqtt1_gMqt/GPA5/PPU_Gen_counter_active_power=18030,57
00:43:02.508 | SIM: mqtt1_gMqt/GPA5/T404=44,955063
00:43:02.508 | SIM: mqtt1_gMqt/GPA5/Hours=90000
00:43:02.509 | SIM: mqtt1_gMqt/GPA6/PPU_Gen_active_power=1242,113
00:43:02.509 | SIM: mqtt1_gMqt/GPA6/PPU_Gen_counter_active_power=18031,902
00:43:02.509 | SIM: mqtt1_gMqt/GPA6/T404=44,08834
00:43:02.509 | SIM: mqtt1_gMqt/GPA6/Hours=90000
00:43:02.662 | STREAM: plc1_00001=True
00:43:02.663 | STREAM: plc1_00002=True
00:43:02.666 | STREAM: plc1_30035=0
00:43:02.666 | STREAM: plc1_40005=50
00:43:02.666 | STREAM: plc1_00010=False
00:43:02.666 | STREAM: plc1_00003=True
00:43:02.667 | STREAM: plc1_30031=6,849653
00:43:02.667 | STREAM: plc1_40006=0
00:43:02.667 | STREAM: plc1_00004=False
00:43:02.667 | STREAM: plc1_30033=0
00:43:02.668 | STREAM: plc1_40007=0
00:43:02.668 | STREAM: plc1_30029=6,849653
00:43:02.668 | STREAM: plc1_30025=1
00:43:02.668 | STREAM: plc1_30023=22
00:43:02.669 | STREAM: plc1_00011=False
00:43:02.669 | STREAM: plc1_00006=False
00:43:02.669 | STREAM: plc1_40033=0
00:43:02.670 | STREAM: plc1_40025=0
00:43:02.670 | STREAM: plc1_00007=False
00:43:02.670 | STREAM: plc1_40027=0
00:43:02.671 | STREAM: plc1_00005=True
00:43:02.671 | STREAM: plc1_40029=0
00:43:02.671 | STREAM: plc1_40021=0
00:43:02.671 | STREAM: plc1_30027=9,74148
00:43:03.166 | STREAM: plc1_00001=True
00:43:03.166 | STREAM: plc1_00002=True
00:43:03.166 | STREAM: plc1_30035=0
00:43:03.167 | STREAM: plc1_40005=50
00:43:03.167 | STREAM: plc1_00010=False
00:43:03.167 | STREAM: plc1_00003=True
00:43:03.168 | STREAM: plc1_30031=6,989399
00:43:03.168 | STREAM: plc1_40006=0
00:43:03.168 | STREAM: plc1_00004=False
00:43:03.169 | STREAM: plc1_30033=0
00:43:03.169 | STREAM: plc1_40007=0
00:43:03.169 | STREAM: plc1_30029=6,989399
00:43:03.169 | STREAM: plc1_30025=1
00:43:03.170 | STREAM: plc1_30023=22
00:43:03.170 | STREAM: plc1_00011=False
00:43:03.170 | STREAM: plc1_00006=False
00:43:03.171 | STREAM: plc1_40033=0
00:43:03.171 | STREAM: plc1_40025=0
00:43:03.171 | STREAM: plc1_00007=False
00:43:03.171 | STREAM: plc1_40027=0
00:43:03.172 | STREAM: plc1_00005=True
00:43:03.172 | STREAM: plc1_40029=0
00:43:03.172 | STREAM: plc1_40021=0
00:43:03.173 | STREAM: plc1_30027=9,845598
00:43:03.603 | SIM: mqtt1_gMqt/ZAS/ZAS_Actual_Power=201,90245
00:43:03.604 | SIM: mqtt1_gMqt/GPA1/PPU_Gen_active_power=1167,2667
00:43:03.604 | SIM: mqtt1_gMqt/GPA1/PPU_Gen_counter_active_power=18031,068
00:43:03.604 | SIM: mqtt1_gMqt/GPA1/T404=43,25349
00:43:03.604 | SIM: mqtt1_gMqt/GPA1/Hours=90000
00:43:03.604 | SIM: mqtt1_gMqt/GPA2/PPU_Gen_active_power=1226,9141
00:43:03.605 | SIM: mqtt1_gMqt/GPA2/PPU_Gen_counter_active_power=18031,234
00:43:03.605 | SIM: mqtt1_gMqt/GPA2/T404=46,34725
00:43:03.605 | SIM: mqtt1_gMqt/GPA2/Hours=90000
00:43:03.605 | SIM: mqtt1_gMqt/GPA3/PPU_Gen_active_power=1280,4656
00:43:03.605 | SIM: mqtt1_gMqt/GPA3/PPU_Gen_counter_active_power=18032,547
00:43:03.605 | SIM: mqtt1_gMqt/GPA3/T404=43,89861
00:43:03.606 | SIM: mqtt1_gMqt/GPA3/Hours=90000
00:43:03.606 | SIM: mqtt1_gMqt/GPA4/PPU_Gen_active_power=1180,7058
00:43:03.606 | SIM: mqtt1_gMqt/GPA4/PPU_Gen_counter_active_power=18031,867
00:43:03.606 | SIM: mqtt1_gMqt/GPA4/T404=45,687923
00:43:03.606 | SIM: mqtt1_gMqt/GPA4/Hours=90000
00:43:03.606 | SIM: mqtt1_gMqt/GPA5/PPU_Gen_active_power=1192,2982
00:43:03.607 | SIM: mqtt1_gMqt/GPA5/PPU_Gen_counter_active_power=18030,902
00:43:03.607 | SIM: mqtt1_gMqt/GPA5/T404=44,830788
00:43:03.607 | SIM: mqtt1_gMqt/GPA5/Hours=90000
00:43:03.607 | SIM: mqtt1_gMqt/GPA6/PPU_Gen_active_power=1234,5985
00:43:03.607 | SIM: mqtt1_gMqt/GPA6/PPU_Gen_counter_active_power=18032,246
00:43:03.607 | SIM: mqtt1_gMqt/GPA6/T404=44,30088
00:43:03.607 | SIM: mqtt1_gMqt/GPA6/Hours=90000
00:43:03.681 | STREAM: plc1_00001=True
00:43:03.682 | STREAM: plc1_00002=True
00:43:03.683 | STREAM: plc1_30035=0
00:43:03.683 | STREAM: plc1_40005=50
00:43:03.683 | STREAM: plc1_00010=False
00:43:03.683 | STREAM: plc1_00003=True
00:43:03.684 | STREAM: plc1_30031=7,0996046
00:43:03.684 | STREAM: plc1_40006=0
00:43:03.684 | STREAM: plc1_00004=False
00:43:03.685 | STREAM: plc1_30033=0
00:43:03.685 | STREAM: plc1_40007=0
00:43:03.685 | STREAM: plc1_30029=7,0996046
00:43:03.685 | STREAM: plc1_30025=1
00:43:03.686 | STREAM: plc1_30023=22
00:43:03.686 | STREAM: plc1_00011=False
00:43:03.686 | STREAM: plc1_00006=False
00:43:03.686 | STREAM: plc1_40033=0
00:43:03.687 | STREAM: plc1_40025=0
00:43:03.687 | STREAM: plc1_00007=False
00:43:03.687 | STREAM: plc1_40027=0
00:43:03.688 | STREAM: plc1_00005=True
00:43:03.688 | STREAM: plc1_40029=0
00:43:03.688 | STREAM: plc1_40021=0
00:43:03.688 | STREAM: plc1_30027=9,926924
00:43:04.196 | STREAM: plc1_00001=True
00:43:04.197 | STREAM: plc1_00002=True
00:43:04.197 | STREAM: plc1_30035=0
00:43:04.197 | STREAM: plc1_40005=50
00:43:04.198 | STREAM: plc1_00010=False
00:43:04.198 | STREAM: plc1_00003=True
00:43:04.198 | STREAM: plc1_30031=7,2362604
00:43:04.198 | STREAM: plc1_40006=0
00:43:04.199 | STREAM: plc1_00004=False
00:43:04.199 | STREAM: plc1_30033=0
00:43:04.199 | STREAM: plc1_40007=0
00:43:04.200 | STREAM: plc1_30029=7,2362604
00:43:04.200 | STREAM: plc1_30025=1
00:43:04.200 | STREAM: plc1_30023=22
00:43:04.200 | STREAM: plc1_00011=False
00:43:04.201 | STREAM: plc1_00006=False
00:43:04.201 | STREAM: plc1_40033=0
00:43:04.201 | STREAM: plc1_40025=0
00:43:04.201 | STREAM: plc1_00007=False
00:43:04.202 | STREAM: plc1_40027=0
00:43:04.202 | STREAM: plc1_00005=True
00:43:04.202 | STREAM: plc1_40029=0
00:43:04.202 | STREAM: plc1_40021=0
00:43:04.203 | STREAM: plc1_30027=10,026836
00:43:04.698 | SIM: mqtt1_gMqt/ZAS/ZAS_Actual_Power=200,17513
00:43:04.698 | SIM: mqtt1_gMqt/GPA1/PPU_Gen_active_power=1175,276
00:43:04.698 | STREAM: plc1_00002=True
00:43:04.698 | SIM: mqtt1_gMqt/GPA1/T404=43,280724
00:43:04.698 | SIM: mqtt1_gMqt/GPA1/Hours=90000
00:43:04.698 | STREAM: plc1_30035=0
00:43:04.699 | SIM: mqtt1_gMqt/GPA2/PPU_Gen_active_power=1226,5032
00:43:04.699 | SIM: mqtt1_gMqt/GPA2/PPU_Gen_counter_active_power=18031,574
00:43:04.699 | STREAM: plc1_40005=50
00:43:04.699 | SIM: mqtt1_gMqt/GPA2/T404=46,41604
00:43:04.699 | STREAM: plc1_00010=False
00:43:04.699 | SIM: mqtt1_gMqt/GPA3/PPU_Gen_active_power=1271,8235
00:43:04.699 | SIM: mqtt1_gMqt/GPA3/PPU_Gen_counter_active_power=18032,9
00:43:04.700 | SIM: mqtt1_gMqt/GPA3/T404=43,84627
00:43:04.700 | SIM: mqtt1_gMqt/GPA3/Hours=90000
00:43:04.700 | STREAM: plc1_30031=7,372473
00:43:04.700 | SIM: mqtt1_gMqt/GPA4/PPU_Gen_active_power=1190,0883
00:43:04.700 | STREAM: plc1_40006=0
00:43:04.700 | SIM: mqtt1_gMqt/GPA4/T404=45,75208
00:43:04.701 | SIM: mqtt1_gMqt/GPA4/Hours=90000
00:43:04.701 | STREAM: plc1_00004=False
00:43:04.701 | SIM: mqtt1_gMqt/GPA5/PPU_Gen_counter_active_power=18031,236
00:43:04.701 | STREAM: plc1_30033=0
00:43:04.701 | SIM: mqtt1_gMqt/GPA5/Hours=90000
00:43:04.701 | SIM: mqtt1_gMqt/GPA6/PPU_Gen_active_power=1237,2269
00:43:04.702 | SIM: mqtt1_gMqt/GPA6/PPU_Gen_counter_active_power=18032,59
00:43:04.702 | SIM: mqtt1_gMqt/GPA6/T404=44,50405
00:43:04.702 | SIM: mqtt1_gMqt/GPA6/Hours=90000
00:43:04.702 | STREAM: plc1_30029=7,372473
00:43:04.702 | STREAM: plc1_30025=1
00:43:04.703 | STREAM: plc1_30023=22
00:43:04.703 | STREAM: plc1_00011=False
00:43:04.703 | STREAM: plc1_00006=False
00:43:04.704 | STREAM: plc1_40033=0
00:43:04.704 | STREAM: plc1_40025=0
00:43:04.704 | STREAM: plc1_00007=False
00:43:04.705 | STREAM: plc1_40027=0
00:43:04.705 | STREAM: plc1_00005=True
00:43:04.705 | STREAM: plc1_40029=0
00:43:04.706 | STREAM: plc1_40021=0
00:43:04.706 | STREAM: plc1_30027=10,125428
00:43:05.213 | STREAM: plc1_00001=True
00:43:05.213 | STREAM: plc1_00002=True
00:43:05.214 | STREAM: plc1_30035=0
00:43:05.214 | STREAM: plc1_40005=50
00:43:05.214 | STREAM: plc1_00010=False
00:43:05.215 | STREAM: plc1_00003=True
00:43:05.215 | STREAM: plc1_30031=7,4804487
00:43:05.215 | STREAM: plc1_40006=0
00:43:05.215 | STREAM: plc1_00004=False
00:43:05.216 | STREAM: plc1_30033=0
00:43:05.216 | STREAM: plc1_40007=0
00:43:05.216 | STREAM: plc1_30029=7,4804487
00:43:05.216 | STREAM: plc1_30025=1
00:43:05.217 | STREAM: plc1_30023=22
00:43:05.217 | STREAM: plc1_00011=False
00:43:05.217 | STREAM: plc1_00006=False
00:43:05.217 | STREAM: plc1_40033=0
00:43:05.218 | STREAM: plc1_40025=0
00:43:05.218 | STREAM: plc1_00007=False
00:43:05.218 | STREAM: plc1_40027=0
00:43:05.218 | STREAM: plc1_00005=True
00:43:05.219 | STREAM: plc1_40029=0
00:43:05.219 | STREAM: plc1_40021=0
00:43:05.219 | STREAM: plc1_30027=10,202895
00:43:05.715 | STREAM: plc1_00001=True
00:43:05.715 | STREAM: plc1_00002=True
00:43:05.715 | STREAM: plc1_30035=0
00:43:05.716 | STREAM: plc1_40005=50
00:43:05.716 | STREAM: plc1_00010=False
00:43:05.716 | STREAM: plc1_00003=True
00:43:05.717 | STREAM: plc1_30031=7,615288
00:43:05.717 | STREAM: plc1_40006=0
00:43:05.717 | STREAM: plc1_00004=False
00:43:05.717 | STREAM: plc1_30033=0
00:43:05.718 | STREAM: plc1_40007=0
00:43:05.718 | STREAM: plc1_30029=7,615288
00:43:05.718 | STREAM: plc1_30025=1
00:43:05.718 | STREAM: plc1_30023=22
00:43:05.719 | STREAM: plc1_00011=False
00:43:05.719 | STREAM: plc1_00006=False
00:43:05.719 | STREAM: plc1_40033=0
00:43:05.719 | STREAM: plc1_40025=0
00:43:05.720 | STREAM: plc1_00007=False
00:43:05.720 | STREAM: plc1_40027=0
00:43:05.720 | STREAM: plc1_00005=True
00:43:05.720 | STREAM: plc1_40029=0
00:43:05.721 | STREAM: plc1_40021=0
00:43:05.721 | STREAM: plc1_30027=10,298804
00:43:05.793 | SIM: mqtt1_gMqt/ZAS/ZAS_Actual_Power=199,63783
00:43:05.793 | SIM: mqtt1_gMqt/GPA1/PPU_Gen_active_power=1184,7424
00:43:05.793 | SIM: mqtt1_gMqt/GPA1/PPU_Gen_counter_active_power=18031,723
00:43:05.794 | SIM: mqtt1_gMqt/GPA1/T404=43,246048
00:43:05.794 | SIM: mqtt1_gMqt/GPA1/Hours=90000
00:43:05.794 | SIM: mqtt1_gMqt/GPA2/PPU_Gen_active_power=1231,6501
00:43:05.794 | SIM: mqtt1_gMqt/GPA2/PPU_Gen_counter_active_power=18031,916
00:43:05.794 | SIM: mqtt1_gMqt/GPA2/T404=46,569447
00:43:05.794 | SIM: mqtt1_gMqt/GPA2/Hours=90000
00:43:05.795 | SIM: mqtt1_gMqt/GPA3/PPU_Gen_active_power=1262,8606
00:43:05.795 | SIM: mqtt1_gMqt/GPA3/PPU_Gen_counter_active_power=18033,252
00:43:05.795 | SIM: mqtt1_gMqt/GPA3/T404=43,948147
00:43:05.795 | SIM: mqtt1_gMqt/GPA3/Hours=90000
00:43:05.795 | SIM: mqtt1_gMqt/GPA4/PPU_Gen_active_power=1192,2448
00:43:05.795 | SIM: mqtt1_gMqt/GPA4/PPU_Gen_counter_active_power=18032,53
00:43:05.796 | SIM: mqtt1_gMqt/GPA4/T404=45,86151
00:43:05.796 | SIM: mqtt1_gMqt/GPA4/Hours=90000
00:43:05.796 | SIM: mqtt1_gMqt/GPA5/PPU_Gen_active_power=1210,8811
00:43:05.796 | SIM: mqtt1_gMqt/GPA5/PPU_Gen_counter_active_power=18031,572
00:43:05.796 | SIM: mqtt1_gMqt/GPA5/T404=44,873882
00:43:05.797 | SIM: mqtt1_gMqt/GPA5/Hours=90000
00:43:05.797 | SIM: mqtt1_gMqt/GPA6/PPU_Gen_active_power=1232,0475
00:43:05.797 | SIM: mqtt1_gMqt/GPA6/PPU_Gen_counter_active_power=18032,932
00:43:05.797 | SIM: mqtt1_gMqt/GPA6/T404=44,265568
00:43:05.797 | SIM: mqtt1_gMqt/GPA6/Hours=90000
00:43:06.230 | STREAM: plc1_00001=True
00:43:06.230 | STREAM: plc1_00002=True
00:43:06.231 | STREAM: plc1_30035=0
00:43:06.231 | STREAM: plc1_40005=50
00:43:06.231 | STREAM: plc1_00010=False
00:43:06.231 | STREAM: plc1_00003=True
00:43:06.232 | STREAM: plc1_30031=7,7486625
00:43:06.232 | STREAM: plc1_40006=0
00:43:06.232 | STREAM: plc1_00004=False
00:43:06.232 | STREAM: plc1_30033=0
00:43:06.233 | STREAM: plc1_40007=0
00:43:06.233 | STREAM: plc1_30029=7,7486625
00:43:06.233 | STREAM: plc1_30025=1
00:43:06.233 | STREAM: plc1_30023=22
00:43:06.234 | STREAM: plc1_00011=False
00:43:06.234 | STREAM: plc1_00006=False
00:43:06.234 | STREAM: plc1_40033=0
00:43:06.234 | STREAM: plc1_40025=0
00:43:06.234 | STREAM: plc1_00007=False
00:43:06.235 | STREAM: plc1_40027=0
00:43:06.235 | STREAM: plc1_00005=True
00:43:06.235 | STREAM: plc1_40029=0
00:43:06.235 | STREAM: plc1_40021=0
00:43:06.236 | STREAM: plc1_30027=10,392788
00:43:06.733 | STREAM: plc1_00001=True
00:43:06.733 | STREAM: plc1_00002=True
00:43:06.734 | STREAM: plc1_30035=0
00:43:06.734 | STREAM: plc1_40005=50
00:43:06.734 | STREAM: plc1_00010=False
00:43:06.735 | STREAM: plc1_00003=True
00:43:06.735 | STREAM: plc1_30031=7,8554897
00:43:06.735 | STREAM: plc1_40006=0
00:43:06.735 | STREAM: plc1_00004=False
00:43:06.736 | STREAM: plc1_30033=0
00:43:06.736 | STREAM: plc1_40007=0
00:43:06.736 | STREAM: plc1_30029=7,8554897
00:43:06.736 | STREAM: plc1_30025=1
00:43:06.737 | STREAM: plc1_30023=22
00:43:06.737 | STREAM: plc1_00011=False
00:43:06.737 | STREAM: plc1_00006=False
00:43:06.737 | STREAM: plc1_40033=0
00:43:06.737 | STREAM: plc1_40025=0
00:43:06.738 | STREAM: plc1_00007=False
00:43:06.738 | STREAM: plc1_40027=0
00:43:06.738 | STREAM: plc1_00005=True
00:43:06.738 | STREAM: plc1_40029=0
00:43:06.739 | STREAM: plc1_40021=0
00:43:06.739 | STREAM: plc1_30027=10,467447
00:43:06.888 | SIM: mqtt1_gMqt/ZAS/ZAS_Actual_Power=198,04234
00:43:06.888 | SIM: mqtt1_gMqt/GPA1/PPU_Gen_active_power=1189,4799
00:43:06.888 | SIM: mqtt1_gMqt/GPA1/PPU_Gen_counter_active_power=18032,053
00:43:06.888 | SIM: mqtt1_gMqt/GPA1/T404=43,15824
00:43:06.889 | SIM: mqtt1_gMqt/GPA1/Hours=90000
00:43:06.889 | SIM: mqtt1_gMqt/GPA2/PPU_Gen_active_power=1240,2864
00:43:06.889 | SIM: mqtt1_gMqt/GPA2/PPU_Gen_counter_active_power=18032,26
00:43:06.889 | SIM: mqtt1_gMqt/GPA2/T404=46,67406
00:43:06.889 | SIM: mqtt1_gMqt/GPA2/Hours=90000
00:43:06.890 | SIM: mqtt1_gMqt/GPA3/PPU_Gen_active_power=1253,3289
00:43:06.890 | SIM: mqtt1_gMqt/GPA3/PPU_Gen_counter_active_power=18033,6
00:43:06.890 | SIM: mqtt1_gMqt/GPA3/T404=43,935955
00:43:06.890 | SIM: mqtt1_gMqt/GPA3/Hours=90000
00:43:06.890 | SIM: mqtt1_gMqt/GPA4/PPU_Gen_active_power=1190,6461
00:43:06.890 | SIM: mqtt1_gMqt/GPA4/PPU_Gen_counter_active_power=18032,86
00:43:06.890 | SIM: mqtt1_gMqt/GPA4/T404=45,64288
00:43:06.891 | SIM: mqtt1_gMqt/GPA4/Hours=90000
00:43:06.891 | SIM: mqtt1_gMqt/GPA5/PPU_Gen_active_power=1220,4832
00:43:06.891 | SIM: mqtt1_gMqt/GPA5/PPU_Gen_counter_active_power=18031,912
00:43:06.891 | SIM: mqtt1_gMqt/GPA5/T404=44,687954
00:43:06.891 | SIM: mqtt1_gMqt/GPA5/Hours=90000
00:43:06.891 | SIM: mqtt1_gMqt/GPA6/PPU_Gen_active_power=1235,5208
00:43:06.892 | SIM: mqtt1_gMqt/GPA6/PPU_Gen_counter_active_power=18033,275
00:43:06.892 | SIM: mqtt1_gMqt/GPA6/T404=44,25556
00:43:06.892 | SIM: mqtt1_gMqt/GPA6/Hours=90000
00:43:07.233 | STREAM: plc1_00001=True
00:43:07.234 | STREAM: plc1_00002=True
00:43:07.234 | STREAM: plc1_30035=0
00:43:07.234 | STREAM: plc1_40005=50
00:43:07.234 | STREAM: plc1_00010=False
00:43:07.235 | STREAM: plc1_00003=True
00:43:07.235 | STREAM: plc1_30031=7,9876866
00:43:07.235 | STREAM: plc1_40006=0
00:43:07.236 | STREAM: plc1_00004=False
00:43:07.236 | STREAM: plc1_30033=0
00:43:07.236 | STREAM: plc1_40007=0
00:43:07.236 | STREAM: plc1_30029=7,9876866
00:43:07.237 | STREAM: plc1_30025=1
00:43:07.237 | STREAM: plc1_30023=22
00:43:07.237 | STREAM: plc1_00011=False
00:43:07.238 | STREAM: plc1_00006=False
00:43:07.238 | STREAM: plc1_40033=0
00:43:07.238 | STREAM: plc1_40025=0
00:43:07.238 | STREAM: plc1_00007=False
00:43:07.239 | STREAM: plc1_40027=0
00:43:07.239 | STREAM: plc1_00005=True
00:43:07.239 | STREAM: plc1_40029=0
00:43:07.239 | STREAM: plc1_40021=0
00:43:07.240 | STREAM: plc1_30027=10,559094
00:43:07.747 | STREAM: plc1_00001=True
00:43:07.748 | STREAM: plc1_00002=True
00:43:07.748 | STREAM: plc1_30035=0
00:43:07.748 | STREAM: plc1_40005=50
00:43:07.749 | STREAM: plc1_00010=False
00:43:07.749 | STREAM: plc1_00003=True
00:43:07.749 | STREAM: plc1_30031=8,092355
00:43:07.750 | STREAM: plc1_40006=0
00:43:07.750 | STREAM: plc1_00004=False
00:43:07.750 | STREAM: plc1_30033=0
00:43:07.750 | STREAM: plc1_40007=0
00:43:07.751 | STREAM: plc1_30029=8,092355
00:43:07.751 | STREAM: plc1_30025=1
00:43:07.751 | STREAM: plc1_30023=22
00:43:07.752 | STREAM: plc1_00011=False
00:43:07.752 | STREAM: plc1_00006=False
00:43:07.752 | STREAM: plc1_40033=0
00:43:07.752 | STREAM: plc1_40025=0
00:43:07.753 | STREAM: plc1_00007=False
00:43:07.753 | STREAM: plc1_40027=0
00:43:07.753 | STREAM: plc1_00005=True
00:43:07.754 | STREAM: plc1_40029=0
00:43:07.754 | STREAM: plc1_40021=0
00:43:07.754 | STREAM: plc1_30027=10,631088
00:43:07.981 | SIM: mqtt1_gMqt/ZAS/ZAS_Actual_Power=199,04344
00:43:07.982 | SIM: mqtt1_gMqt/GPA1/PPU_Gen_active_power=1186,4418
00:43:07.982 | SIM: mqtt1_gMqt/GPA1/PPU_Gen_counter_active_power=18032,383
00:43:07.982 | SIM: mqtt1_gMqt/GPA1/T404=43,33677
00:43:07.982 | SIM: mqtt1_gMqt/GPA1/Hours=90000
00:43:07.983 | SIM: mqtt1_gMqt/GPA2/PPU_Gen_active_power=1243,3475
00:43:07.983 | SIM: mqtt1_gMqt/GPA2/PPU_Gen_counter_active_power=18032,605
00:43:07.983 | SIM: mqtt1_gMqt/GPA2/T404=46,66509
00:43:07.983 | SIM: mqtt1_gMqt/GPA2/Hours=90000
00:43:07.983 | SIM: mqtt1_gMqt/GPA3/PPU_Gen_active_power=1262,0975
00:43:07.983 | SIM: mqtt1_gMqt/GPA3/PPU_Gen_counter_active_power=18033,95
00:43:07.983 | SIM: mqtt1_gMqt/GPA3/T404=43,913307
00:43:07.984 | SIM: mqtt1_gMqt/GPA3/Hours=90000
00:43:07.984 | SIM: mqtt1_gMqt/GPA4/PPU_Gen_active_power=1200,003
00:43:07.984 | SIM: mqtt1_gMqt/GPA4/PPU_Gen_counter_active_power=18033,193
00:43:07.984 | SIM: mqtt1_gMqt/GPA4/T404=45,491226
00:43:07.984 | SIM: mqtt1_gMqt/GPA4/Hours=90000
00:43:07.984 | SIM: mqtt1_gMqt/GPA5/PPU_Gen_active_power=1215,1184
00:43:07.985 | SIM: mqtt1_gMqt/GPA5/PPU_Gen_counter_active_power=18032,25
00:43:07.985 | SIM: mqtt1_gMqt/GPA5/T404=44,594246
00:43:07.985 | SIM: mqtt1_gMqt/GPA5/Hours=90000
00:43:07.985 | SIM: mqtt1_gMqt/GPA6/PPU_Gen_active_power=1232,6687
00:43:07.985 | SIM: mqtt1_gMqt/GPA6/PPU_Gen_counter_active_power=18033,617
00:43:07.985 | SIM: mqtt1_gMqt/GPA6/T404=44,136677
00:43:07.986 | SIM: mqtt1_gMqt/GPA6/Hours=90000
00:43:08.248 | STREAM: plc1_00001=True
00:43:08.249 | STREAM: plc1_00002=True
00:43:08.249 | STREAM: plc1_30035=0
00:43:08.249 | STREAM: plc1_40005=50
00:43:08.250 | STREAM: plc1_00010=False
00:43:08.250 | STREAM: plc1_00003=True
00:43:08.250 | STREAM: plc1_30031=8,222944
00:43:08.251 | STREAM: plc1_40006=0
00:43:08.251 | STREAM: plc1_00004=False
00:43:08.251 | STREAM: plc1_30033=0
00:43:08.251 | STREAM: plc1_40007=0
00:43:08.252 | STREAM: plc1_30029=8,222944
00:43:08.252 | STREAM: plc1_30025=1
00:43:08.252 | STREAM: plc1_30023=22
00:43:08.253 | STREAM: plc1_00011=False
00:43:08.253 | STREAM: plc1_00006=False
00:43:08.253 | STREAM: plc1_40033=0
00:43:08.254 | STREAM: plc1_40025=0
00:43:08.254 | STREAM: plc1_00007=False
00:43:08.254 | STREAM: plc1_40027=0
00:43:08.254 | STREAM: plc1_00005=True
00:43:08.255 | STREAM: plc1_40029=0
00:43:08.255 | STREAM: plc1_40021=0
00:43:08.255 | STREAM: plc1_30027=10,720225
00:43:08.763 | STREAM: plc1_00001=True
00:43:08.763 | STREAM: plc1_00002=True
00:43:08.763 | STREAM: plc1_30035=0
00:43:08.763 | STREAM: plc1_40005=50
00:43:08.764 | STREAM: plc1_00010=False
00:43:08.764 | STREAM: plc1_00003=True
00:43:08.764 | STREAM: plc1_30031=8,35227
00:43:08.765 | STREAM: plc1_40006=0
00:43:08.765 | STREAM: plc1_00004=False
00:43:08.765 | STREAM: plc1_30033=0
00:43:08.765 | STREAM: plc1_40007=0
00:43:08.766 | STREAM: plc1_30029=8,35227
00:43:08.766 | STREAM: plc1_30025=1
00:43:08.766 | STREAM: plc1_30023=22
00:43:08.766 | STREAM: plc1_00011=False
00:43:08.767 | STREAM: plc1_00006=False
00:43:08.767 | STREAM: plc1_40033=0
00:43:08.767 | STREAM: plc1_40025=0
00:43:08.767 | STREAM: plc1_00007=False
00:43:08.768 | STREAM: plc1_40027=0
00:43:08.768 | STREAM: plc1_00005=True
00:43:08.768 | STREAM: plc1_40029=0
00:43:08.768 | STREAM: plc1_40021=0
00:43:08.768 | STREAM: plc1_30027=10,807763
00:43:09.077 | SIM: mqtt1_gMqt/ZAS/ZAS_Actual_Power=198,06198
00:43:09.078 | SIM: mqtt1_gMqt/GPA1/PPU_Gen_active_power=1180,8192
00:43:09.078 | SIM: mqtt1_gMqt/GPA1/PPU_Gen_counter_active_power=18032,71
00:43:09.078 | SIM: mqtt1_gMqt/GPA1/T404=43,462414
00:43:09.078 | SIM: mqtt1_gMqt/GPA1/Hours=90000
00:43:09.078 | SIM: mqtt1_gMqt/GPA2/PPU_Gen_active_power=1250,751
00:43:09.079 | SIM: mqtt1_gMqt/GPA2/PPU_Gen_counter_active_power=18032,953
00:43:09.079 | SIM: mqtt1_gMqt/GPA2/T404=46,600075
00:43:09.079 | SIM: mqtt1_gMqt/GPA2/Hours=90000
00:43:09.079 | SIM: mqtt1_gMqt/GPA3/PPU_Gen_active_power=1253,3488
00:43:09.079 | SIM: mqtt1_gMqt/GPA3/PPU_Gen_counter_active_power=18034,297
00:43:09.079 | SIM: mqtt1_gMqt/GPA3/T404=44,12491
00:43:09.080 | SIM: mqtt1_gMqt/GPA3/Hours=90000
00:43:09.080 | SIM: mqtt1_gMqt/GPA4/PPU_Gen_active_power=1202,4609
00:43:09.080 | SIM: mqtt1_gMqt/GPA4/PPU_Gen_counter_active_power=18033,527
00:43:09.080 | SIM: mqtt1_gMqt/GPA4/T404=45,632523
00:43:09.080 | SIM: mqtt1_gMqt/GPA4/Hours=90000
00:43:09.080 | SIM: mqtt1_gMqt/GPA5/PPU_Gen_active_power=1209,9155
00:43:09.081 | SIM: mqtt1_gMqt/GPA5/PPU_Gen_counter_active_power=18032,586
00:43:09.081 | SIM: mqtt1_gMqt/GPA5/T404=44,424847
00:43:09.081 | SIM: mqtt1_gMqt/GPA5/Hours=90000
00:43:09.081 | SIM: mqtt1_gMqt/GPA6/PPU_Gen_active_power=1224,7145
00:43:09.081 | SIM: mqtt1_gMqt/GPA6/PPU_Gen_counter_active_power=18033,957
00:43:09.082 | SIM: mqtt1_gMqt/GPA6/T404=44,289726
00:43:09.082 | SIM: mqtt1_gMqt/GPA6/Hours=90000
00:43:09.268 | STREAM: plc1_00001=True
00:43:09.271 | STREAM: plc1_00002=True
00:43:09.271 | STREAM: plc1_30035=0
00:43:09.272 | STREAM: plc1_40005=50
00:43:09.272 | STREAM: plc1_00010=False
00:43:09.272 | STREAM: plc1_00003=True
00:43:09.273 | STREAM: plc1_30031=8,455865
00:43:09.273 | STREAM: plc1_40006=0
00:43:09.274 | STREAM: plc1_00004=False
00:43:09.274 | STREAM: plc1_30033=0
00:43:09.274 | STREAM: plc1_40007=0
00:43:09.275 | STREAM: plc1_30029=8,455865
00:43:09.275 | STREAM: plc1_30025=1
00:43:09.276 | STREAM: plc1_30023=22
00:43:09.276 | STREAM: plc1_00011=False
00:43:09.276 | STREAM: plc1_00006=False
00:43:09.277 | STREAM: plc1_40033=0
00:43:09.277 | STREAM: plc1_40025=0
00:43:09.277 | STREAM: plc1_00007=False
00:43:09.277 | STREAM: plc1_40027=0
00:43:09.278 | STREAM: plc1_00005=True
00:43:09.278 | STREAM: plc1_40029=0
00:43:09.278 | STREAM: plc1_40021=0
00:43:09.279 | STREAM: plc1_30027=10,877371
00:43:09.777 | STREAM: plc1_00001=True
00:43:09.777 | STREAM: plc1_00002=True
00:43:09.778 | STREAM: plc1_30035=0
00:43:09.778 | STREAM: plc1_40005=50
00:43:09.778 | STREAM: plc1_00010=False
00:43:09.779 | STREAM: plc1_00003=True
00:43:09.779 | STREAM: plc1_30031=8,583369
00:43:09.779 | STREAM: plc1_40006=0
00:43:09.779 | STREAM: plc1_00004=False
00:43:09.780 | STREAM: plc1_30033=0
00:43:09.780 | STREAM: plc1_40007=0
00:43:09.780 | STREAM: plc1_30029=8,583369
00:43:09.780 | STREAM: plc1_30025=1
00:43:09.781 | STREAM: plc1_30023=22
00:43:09.781 | STREAM: plc1_00011=False
00:43:09.781 | STREAM: plc1_00006=False
00:43:09.781 | STREAM: plc1_40033=0
00:43:09.782 | STREAM: plc1_40025=0
00:43:09.782 | STREAM: plc1_00007=False
00:43:09.782 | STREAM: plc1_40027=0
00:43:09.782 | STREAM: plc1_00005=True
00:43:09.783 | STREAM: plc1_40029=0
00:43:09.783 | STREAM: plc1_40021=0
00:43:09.783 | STREAM: plc1_30027=10,962427
00:43:10.166 | SIM: mqtt1_gMqt/ZAS/ZAS_Actual_Power=198,66272
00:43:10.167 | SIM: mqtt1_gMqt/GPA1/PPU_Gen_active_power=1189,585
00:43:10.167 | SIM: mqtt1_gMqt/GPA1/PPU_Gen_counter_active_power=18033,041
00:43:10.167 | SIM: mqtt1_gMqt/GPA1/T404=43,62363
00:43:10.167 | SIM: mqtt1_gMqt/GPA1/Hours=90000
00:43:10.167 | SIM: mqtt1_gMqt/GPA2/PPU_Gen_active_power=1254,3551
00:43:10.168 | SIM: mqtt1_gMqt/GPA2/PPU_Gen_counter_active_power=18033,3
00:43:10.168 | SIM: mqtt1_gMqt/GPA2/T404=46,516037
00:43:10.168 | SIM: mqtt1_gMqt/GPA2/Hours=90000
00:43:10.168 | SIM: mqtt1_gMqt/GPA3/PPU_Gen_active_power=1252,2871
00:43:10.168 | SIM: mqtt1_gMqt/GPA3/PPU_Gen_counter_active_power=18034,645
00:43:10.168 | SIM: mqtt1_gMqt/GPA3/T404=44,07865
00:43:10.168 | SIM: mqtt1_gMqt/GPA3/Hours=90000
00:43:10.169 | SIM: mqtt1_gMqt/GPA4/PPU_Gen_active_power=1210,6072
00:43:10.169 | SIM: mqtt1_gMqt/GPA4/PPU_Gen_counter_active_power=18033,863
00:43:10.169 | SIM: mqtt1_gMqt/GPA4/T404=45,56134
00:43:10.169 | SIM: mqtt1_gMqt/GPA4/Hours=90000
00:43:10.169 | SIM: mqtt1_gMqt/GPA5/PPU_Gen_active_power=1205,084
00:43:10.170 | SIM: mqtt1_gMqt/GPA5/PPU_Gen_counter_active_power=18032,92
00:43:10.170 | SIM: mqtt1_gMqt/GPA5/T404=44,22959
00:43:10.170 | SIM: mqtt1_gMqt/GPA5/Hours=90000
00:43:10.170 | SIM: mqtt1_gMqt/GPA6/PPU_Gen_active_power=1226,061
00:43:10.170 | SIM: mqtt1_gMqt/GPA6/PPU_Gen_counter_active_power=18034,297
00:43:10.171 | SIM: mqtt1_gMqt/GPA6/T404=44,066372
00:43:10.171 | SIM: mqtt1_gMqt/GPA6/Hours=90000
00:43:10.291 | STREAM: plc1_00001=True
00:43:10.291 | STREAM: plc1_00002=True
00:43:10.292 | STREAM: plc1_30035=0
00:43:10.292 | STREAM: plc1_40005=50
00:43:10.292 | STREAM: plc1_00010=False
00:43:10.292 | STREAM: plc1_00003=True
00:43:10.293 | STREAM: plc1_30031=8,710433
00:43:10.293 | STREAM: plc1_40006=0
00:43:10.293 | STREAM: plc1_00004=False
00:43:10.293 | STREAM: plc1_30033=0
00:43:10.294 | STREAM: plc1_40007=0
00:43:10.294 | STREAM: plc1_30029=8,710433
00:43:10.294 | STREAM: plc1_30025=1
00:43:10.294 | STREAM: plc1_30023=22
00:43:10.294 | STREAM: plc1_00011=False
00:43:10.295 | STREAM: plc1_00006=False
00:43:10.295 | STREAM: plc1_40033=0
00:43:10.295 | STREAM: plc1_40025=0
00:43:10.295 | STREAM: plc1_00007=False
00:43:10.296 | STREAM: plc1_40027=0
00:43:10.296 | STREAM: plc1_00005=True
00:43:10.296 | STREAM: plc1_40029=0
00:43:10.296 | STREAM: plc1_40021=0
00:43:10.297 | STREAM: plc1_30027=11,04653
00:43:10.793 | STREAM: plc1_00001=True
00:43:10.793 | STREAM: plc1_00002=True
00:43:10.794 | STREAM: plc1_30035=0
00:43:10.794 | STREAM: plc1_40005=50
00:43:10.794 | STREAM: plc1_00010=False
00:43:10.794 | STREAM: plc1_00003=True
00:43:10.795 | STREAM: plc1_30031=8,812348
00:43:10.795 | STREAM: plc1_40006=0
00:43:10.796 | STREAM: plc1_00004=False
00:43:10.796 | STREAM: plc1_30033=0
00:43:10.796 | STREAM: plc1_40007=0
00:43:10.797 | STREAM: plc1_30029=8,812348
00:43:10.797 | STREAM: plc1_30025=1
00:43:10.797 | STREAM: plc1_30023=22
00:43:10.798 | STREAM: plc1_00011=False
00:43:10.798 | STREAM: plc1_00006=False
00:43:10.798 | STREAM: plc1_40033=0
00:43:10.799 | STREAM: plc1_40025=0
00:43:10.799 | STREAM: plc1_00007=False
00:43:10.799 | STREAM: plc1_40027=0
00:43:10.800 | STREAM: plc1_00005=True
00:43:10.800 | STREAM: plc1_40029=0
00:43:10.800 | STREAM: plc1_40021=0
00:43:10.801 | STREAM: plc1_30027=11,113523
00:43:11.260 | SIM: mqtt1_gMqt/ZAS/ZAS_Actual_Power=199,12529
00:43:11.260 | SIM: mqtt1_gMqt/GPA1/PPU_Gen_active_power=1197,1746
00:43:11.260 | SIM: mqtt1_gMqt/GPA1/PPU_Gen_counter_active_power=18033,373
00:43:11.261 | SIM: mqtt1_gMqt/GPA1/T404=43,490013
00:43:11.261 | SIM: mqtt1_gMqt/GPA1/Hours=90000
00:43:11.261 | SIM: mqtt1_gMqt/GPA2/PPU_Gen_active_power=1256,4264
00:43:11.261 | SIM: mqtt1_gMqt/GPA2/PPU_Gen_counter_active_power=18033,65
00:43:11.261 | SIM: mqtt1_gMqt/GPA2/T404=46,532166
00:43:11.261 | SIM: mqtt1_gMqt/GPA2/Hours=90000
00:43:11.262 | SIM: mqtt1_gMqt/GPA3/PPU_Gen_active_power=1252,502
00:43:11.262 | SIM: mqtt1_gMqt/GPA3/PPU_Gen_counter_active_power=18034,992
00:43:11.262 | SIM: mqtt1_gMqt/GPA3/T404=43,85486
00:43:11.262 | SIM: mqtt1_gMqt/GPA3/Hours=90000
00:43:11.262 | SIM: mqtt1_gMqt/GPA4/PPU_Gen_active_power=1209,3336
00:43:11.262 | SIM: mqtt1_gMqt/GPA4/PPU_Gen_counter_active_power=18034,2
00:43:11.262 | SIM: mqtt1_gMqt/GPA4/T404=45,463634
00:43:11.263 | SIM: mqtt1_gMqt/GPA4/Hours=90000
00:43:11.263 | SIM: mqtt1_gMqt/GPA5/PPU_Gen_active_power=1198,8525
00:43:11.263 | SIM: mqtt1_gMqt/GPA5/PPU_Gen_counter_active_power=18033,254
00:43:11.263 | SIM: mqtt1_gMqt/GPA5/T404=44,012745
00:43:11.263 | SIM: mqtt1_gMqt/GPA5/Hours=90000
00:43:11.263 | SIM: mqtt1_gMqt/GPA6/PPU_Gen_active_power=1225,0375
00:43:11.264 | SIM: mqtt1_gMqt/GPA6/PPU_Gen_counter_active_power=18034,637
00:43:11.264 | SIM: mqtt1_gMqt/GPA6/T404=43,86895
00:43:11.264 | SIM: mqtt1_gMqt/GPA6/Hours=90000
00:43:11.307 | STREAM: plc1_00001=True
00:43:11.307 | STREAM: plc1_00002=True
00:43:11.307 | STREAM: plc1_30035=0
00:43:11.308 | STREAM: plc1_40005=50
00:43:11.308 | STREAM: plc1_00010=False
00:43:11.308 | STREAM: plc1_00003=True
00:43:11.309 | STREAM: plc1_30031=8,938111
00:43:11.309 | STREAM: plc1_40006=0
00:43:11.309 | STREAM: plc1_00004=False
00:43:11.310 | STREAM: plc1_30033=0
00:43:11.310 | STREAM: plc1_40007=0
00:43:11.310 | STREAM: plc1_30029=8,938111
00:43:11.311 | STREAM: plc1_30025=1
00:43:11.311 | STREAM: plc1_30023=22
00:43:11.311 | STREAM: plc1_00011=False
00:43:11.311 | STREAM: plc1_00006=False
00:43:11.312 | STREAM: plc1_40033=0
00:43:11.312 | STREAM: plc1_40025=0
00:43:11.312 | STREAM: plc1_00007=False
00:43:11.313 | STREAM: plc1_40027=0
00:43:11.313 | STREAM: plc1_00005=True
00:43:11.313 | STREAM: plc1_40029=0
00:43:11.314 | STREAM: plc1_40021=0
00:43:11.314 | STREAM: plc1_30027=11,195628
00:43:11.809 | STREAM: plc1_00001=True
00:43:11.810 | STREAM: plc1_00002=True
00:43:11.811 | STREAM: plc1_30035=0
00:43:11.811 | STREAM: plc1_40005=50
00:43:11.811 | STREAM: plc1_00010=False
00:43:11.812 | STREAM: plc1_00003=True
00:43:11.812 | STREAM: plc1_30031=9,064094
00:43:11.812 | STREAM: plc1_40006=0
00:43:11.813 | STREAM: plc1_00004=False
00:43:11.813 | STREAM: plc1_30033=0
00:43:11.813 | STREAM: plc1_40007=0
00:43:11.813 | STREAM: plc1_30029=9,064094
00:43:11.814 | STREAM: plc1_30025=1
00:43:11.814 | STREAM: plc1_30023=22
00:43:11.814 | STREAM: plc1_00011=False
00:43:11.814 | STREAM: plc1_00006=False
00:43:11.815 | STREAM: plc1_40033=0
00:43:11.815 | STREAM: plc1_40025=0
00:43:11.815 | STREAM: plc1_00007=False
00:43:11.815 | STREAM: plc1_40027=0
00:43:11.816 | STREAM: plc1_00005=True
00:43:11.816 | STREAM: plc1_40029=0
00:43:11.816 | STREAM: plc1_40021=0
00:43:11.816 | STREAM: plc1_30027=11,277271
00:43:12.322 | STREAM: plc1_00001=True
00:43:12.322 | STREAM: plc1_00002=True
00:43:12.323 | STREAM: plc1_30035=0
00:43:12.323 | STREAM: plc1_40005=50
00:43:12.323 | STREAM: plc1_00010=False
00:43:12.324 | STREAM: plc1_00003=True
00:43:12.324 | STREAM: plc1_30031=9,163274
00:43:12.324 | STREAM: plc1_40006=0
00:43:12.325 | STREAM: plc1_00004=False
00:43:12.325 | STREAM: plc1_30033=0
00:43:12.325 | STREAM: plc1_40007=0
00:43:12.325 | STREAM: plc1_30029=9,163274
00:43:12.326 | STREAM: plc1_30025=1
00:43:12.326 | STREAM: plc1_30023=22
00:43:12.326 | STREAM: plc1_00011=False
00:43:12.327 | STREAM: plc1_00006=False
00:43:12.327 | STREAM: plc1_40033=0
00:43:12.327 | STREAM: plc1_40025=0
00:43:12.327 | STREAM: plc1_00007=False
00:43:12.328 | STREAM: plc1_40027=0
00:43:12.328 | STREAM: plc1_00005=True
00:43:12.328 | STREAM: plc1_40029=0
00:43:12.329 | STREAM: plc1_40021=0
00:43:12.329 | STREAM: plc1_30027=11,3411255
00:43:12.354 | SIM: mqtt1_gMqt/ZAS/ZAS_Actual_Power=197,86534
00:43:12.354 | SIM: mqtt1_gMqt/GPA1/PPU_Gen_active_power=1206,16
00:43:12.354 | SIM: mqtt1_gMqt/GPA1/PPU_Gen_counter_active_power=18033,709
00:43:12.354 | SIM: mqtt1_gMqt/GPA1/T404=43,421474
00:43:12.355 | SIM: mqtt1_gMqt/GPA1/Hours=90000
00:43:12.355 | SIM: mqtt1_gMqt/GPA2/PPU_Gen_active_power=1264,1521
00:43:12.355 | SIM: mqtt1_gMqt/GPA2/PPU_Gen_counter_active_power=18034,002
00:43:12.355 | SIM: mqtt1_gMqt/GPA2/T404=46,432735
00:43:12.355 | SIM: mqtt1_gMqt/GPA2/Hours=90000
00:43:12.355 | SIM: mqtt1_gMqt/GPA2/HAS_IN_Word55_0=True
00:43:12.356 | SIM: mqtt1_gMqt/GPA3/PPU_Gen_active_power=1246,5752
00:43:12.356 | SIM: mqtt1_gMqt/GPA3/PPU_Gen_counter_active_power=18035,338
00:43:12.356 | SIM: mqtt1_gMqt/GPA3/T404=43,932186
00:43:12.356 | SIM: mqtt1_gMqt/GPA3/Hours=90000
00:43:12.356 | SIM: mqtt1_gMqt/GPA4/PPU_Gen_active_power=1199,6843
00:43:12.356 | SIM: mqtt1_gMqt/GPA4/PPU_Gen_counter_active_power=18034,533
00:43:12.356 | SIM: mqtt1_gMqt/GPA4/T404=45,265133
00:43:12.357 | SIM: mqtt1_gMqt/GPA4/Hours=90000
00:43:12.357 | SIM: mqtt1_gMqt/GPA5/PPU_Gen_active_power=1207,0182
00:43:12.357 | SIM: mqtt1_gMqt/GPA5/PPU_Gen_counter_active_power=18033,59
00:43:12.357 | SIM: mqtt1_gMqt/GPA5/T404=44,106544
00:43:12.357 | SIM: mqtt1_gMqt/GPA5/Hours=90000
00:43:12.357 | SIM: mqtt1_gMqt/GPA6/PPU_Gen_active_power=1233,0157
00:43:12.358 | SIM: mqtt1_gMqt/GPA6/PPU_Gen_counter_active_power=18034,979
00:43:12.358 | SIM: mqtt1_gMqt/GPA6/T404=43,83164
00:43:12.358 | SIM: mqtt1_gMqt/GPA6/Hours=90000
00:43:12.824 | STREAM: plc1_00001=True
00:43:12.824 | STREAM: plc1_00002=True
00:43:12.825 | STREAM: plc1_30035=0
00:43:12.825 | STREAM: plc1_40005=50
00:43:12.826 | STREAM: plc1_00010=False
00:43:12.826 | STREAM: plc1_00003=True
00:43:12.826 | STREAM: plc1_30031=9,287538
00:43:12.826 | STREAM: plc1_40006=0
00:43:12.827 | STREAM: plc1_00004=False
00:43:12.827 | STREAM: plc1_30033=0
00:43:12.827 | STREAM: plc1_40007=0
00:43:12.828 | STREAM: plc1_30029=9,287538
00:43:12.828 | STREAM: plc1_30025=1
00:43:12.828 | STREAM: plc1_30023=22
00:43:12.829 | STREAM: plc1_00011=False
00:43:12.829 | STREAM: plc1_00006=False
00:43:12.829 | STREAM: plc1_40033=0
00:43:12.829 | STREAM: plc1_40025=0
00:43:12.830 | STREAM: plc1_00007=False
00:43:12.830 | STREAM: plc1_40027=0
00:43:12.830 | STREAM: plc1_00005=True
00:43:12.830 | STREAM: plc1_40029=0
00:43:12.831 | STREAM: plc1_40021=0
00:43:12.831 | STREAM: plc1_30027=11,42062
00:43:13.323 | STREAM: plc1_00001=True
00:43:13.324 | STREAM: plc1_00002=True
00:43:13.324 | STREAM: plc1_30035=0
00:43:13.325 | STREAM: plc1_40005=50
00:43:13.325 | STREAM: plc1_00010=False
00:43:13.325 | STREAM: plc1_00003=True
00:43:13.326 | STREAM: plc1_30031=9,386015
00:43:13.326 | STREAM: plc1_40006=0
00:43:13.326 | STREAM: plc1_00004=False
00:43:13.327 | STREAM: plc1_30033=0
00:43:13.327 | STREAM: plc1_40007=0
00:43:13.327 | STREAM: plc1_30029=9,386015
00:43:13.328 | STREAM: plc1_30025=1
00:43:13.328 | STREAM: plc1_30023=22
00:43:13.328 | STREAM: plc1_00011=False
00:43:13.329 | STREAM: plc1_00006=False
00:43:13.329 | STREAM: plc1_40033=0
00:43:13.330 | STREAM: plc1_40025=0
00:43:13.330 | STREAM: plc1_00007=False
00:43:13.330 | STREAM: plc1_40027=0
00:43:13.331 | STREAM: plc1_00005=True
00:43:13.331 | STREAM: plc1_40029=0
00:43:13.331 | STREAM: plc1_40021=0
00:43:13.332 | STREAM: plc1_30027=11,483221
00:43:13.449 | SIM: mqtt1_gMqt/ZAS/ZAS_Actual_Power=199,32707
00:43:13.449 | SIM: mqtt1_gMqt/GPA1/PPU_Gen_active_power=1207,2185
00:43:13.449 | SIM: mqtt1_gMqt/GPA1/PPU_Gen_counter_active_power=18034,045
00:43:13.450 | SIM: mqtt1_gMqt/GPA1/T404=43,291798
00:43:13.450 | SIM: mqtt1_gMqt/GPA1/Hours=90000
00:43:13.450 | SIM: mqtt1_gMqt/GPA2/PPU_Gen_active_power=1270,1016
00:43:13.450 | SIM: mqtt1_gMqt/GPA2/PPU_Gen_counter_active_power=18034,355
00:43:13.450 | SIM: mqtt1_gMqt/GPA2/T404=46,321575
00:43:13.450 | SIM: mqtt1_gMqt/GPA2/Hours=90000
00:43:13.451 | SIM: mqtt1_gMqt/GPA3/PPU_Gen_active_power=1254,9789
00:43:13.451 | SIM: mqtt1_gMqt/GPA3/PPU_Gen_counter_active_power=18035,686
00:43:13.451 | SIM: mqtt1_gMqt/GPA3/T404=44,02401
00:43:13.451 | SIM: mqtt1_gMqt/GPA3/Hours=90000
00:43:13.451 | SIM: mqtt1_gMqt/GPA4/PPU_Gen_active_power=1192,1375
00:43:13.451 | SIM: mqtt1_gMqt/GPA4/PPU_Gen_counter_active_power=18034,865
00:43:13.451 | SIM: mqtt1_gMqt/GPA4/T404=45,42064
00:43:13.452 | SIM: mqtt1_gMqt/GPA4/Hours=90000
00:43:13.452 | SIM: mqtt1_gMqt/GPA5/PPU_Gen_active_power=1216,2369
00:43:13.452 | SIM: mqtt1_gMqt/GPA5/PPU_Gen_counter_active_power=18033,928
00:43:13.452 | SIM: mqtt1_gMqt/GPA5/T404=44,015972
00:43:13.452 | SIM: mqtt1_gMqt/GPA5/Hours=90000
00:43:13.452 | SIM: mqtt1_gMqt/GPA6/PPU_Gen_active_power=1234,7153
00:43:13.453 | SIM: mqtt1_gMqt/GPA6/PPU_Gen_counter_active_power=18035,322
00:43:13.453 | SIM: mqtt1_gMqt/GPA6/T404=43,586838
00:43:13.453 | SIM: mqtt1_gMqt/GPA6/Hours=90000
00:43:13.839 | STREAM: plc1_00001=True
00:43:13.840 | STREAM: plc1_00002=True
00:43:13.840 | STREAM: plc1_30035=0
00:43:13.840 | STREAM: plc1_40005=50
00:43:13.841 | STREAM: plc1_00010=False
00:43:13.841 | STREAM: plc1_00003=True
00:43:13.841 | STREAM: plc1_30031=9,509083
00:43:13.842 | STREAM: plc1_40006=0
00:43:13.842 | STREAM: plc1_00004=False
00:43:13.842 | STREAM: plc1_30033=0
00:43:13.842 | STREAM: plc1_40007=0
00:43:13.843 | STREAM: plc1_30029=9,509083
00:43:13.843 | STREAM: plc1_30025=1
00:43:13.843 | STREAM: plc1_30023=22
00:43:13.843 | STREAM: plc1_00011=False
00:43:13.844 | STREAM: plc1_00006=False
00:43:13.844 | STREAM: plc1_40033=0
00:43:13.844 | STREAM: plc1_40025=0
00:43:13.844 | STREAM: plc1_00007=False
00:43:13.844 | STREAM: plc1_40027=0
00:43:13.845 | STREAM: plc1_00005=True
00:43:13.845 | STREAM: plc1_40029=0
00:43:13.845 | STREAM: plc1_40021=0
00:43:13.845 | STREAM: plc1_30027=11,560974
00:43:14.340 | STREAM: plc1_00001=True
00:43:14.341 | STREAM: plc1_00002=True
00:43:14.341 | STREAM: plc1_30035=0
00:43:14.341 | STREAM: plc1_40005=50
00:43:14.341 | STREAM: plc1_00010=False
00:43:14.342 | STREAM: plc1_00003=True
00:43:14.342 | STREAM: plc1_30031=9,631418
00:43:14.342 | STREAM: plc1_40006=0
00:43:14.342 | STREAM: plc1_00004=False
00:43:14.343 | STREAM: plc1_30033=0
00:43:14.343 | STREAM: plc1_40007=0
00:43:14.343 | STREAM: plc1_30029=9,631418
00:43:14.344 | STREAM: plc1_30025=1
00:43:14.344 | STREAM: plc1_30023=22
00:43:14.344 | STREAM: plc1_00011=False
00:43:14.344 | STREAM: plc1_00006=False
00:43:14.345 | STREAM: plc1_40033=0
00:43:14.345 | STREAM: plc1_40025=0
00:43:14.345 | STREAM: plc1_00007=False
00:43:14.346 | STREAM: plc1_40027=0
00:43:14.346 | STREAM: plc1_00005=True
00:43:14.346 | STREAM: plc1_40029=0
00:43:14.347 | STREAM: plc1_40021=0
00:43:14.347 | STREAM: plc1_30027=11,637741
00:43:14.544 | SIM: mqtt1_gMqt/ZAS/ZAS_Actual_Power=200,7794
00:43:14.545 | SIM: mqtt1_gMqt/GPA1/PPU_Gen_active_power=1202,4744
00:43:14.545 | SIM: mqtt1_gMqt/GPA1/PPU_Gen_counter_active_power=18034,379
00:43:14.545 | SIM: mqtt1_gMqt/GPA1/T404=43,20247
00:43:14.545 | SIM: mqtt1_gMqt/GPA1/Hours=90000
00:43:14.545 | SIM: mqtt1_gMqt/GPA2/PPU_Gen_active_power=1269,3834
00:43:14.545 | SIM: mqtt1_gMqt/GPA2/PPU_Gen_counter_active_power=18034,709
00:43:14.546 | SIM: mqtt1_gMqt/GPA2/T404=46,194286
00:43:14.546 | SIM: mqtt1_gMqt/GPA2/Hours=90000
00:43:14.546 | SIM: mqtt1_gMqt/GPA3/PPU_Gen_active_power=1250,5966
00:43:14.546 | SIM: mqtt1_gMqt/GPA3/PPU_Gen_counter_active_power=18036,033
00:43:14.546 | SIM: mqtt1_gMqt/GPA3/T404=43,95855
00:43:14.547 | SIM: mqtt1_gMqt/GPA3/Hours=90000
00:43:14.547 | SIM: mqtt1_gMqt/GPA4/PPU_Gen_active_power=1201,4641
00:43:14.547 | SIM: mqtt1_gMqt/GPA4/PPU_Gen_counter_active_power=18035,2
00:43:14.547 | SIM: mqtt1_gMqt/GPA4/T404=45,558407
00:43:14.548 | SIM: mqtt1_gMqt/GPA4/Hours=90000
00:43:14.548 | SIM: mqtt1_gMqt/GPA5/PPU_Gen_active_power=1215,6757
00:43:14.548 | SIM: mqtt1_gMqt/GPA5/PPU_Gen_counter_active_power=18034,266
00:43:14.548 | SIM: mqtt1_gMqt/GPA5/T404=44,118206
00:43:14.548 | SIM: mqtt1_gMqt/GPA5/Hours=90000
00:43:14.549 | SIM: mqtt1_gMqt/GPA6/PPU_Gen_active_power=1229,0155
00:43:14.549 | SIM: mqtt1_gMqt/GPA6/PPU_Gen_counter_active_power=18035,664
00:43:14.549 | SIM: mqtt1_gMqt/GPA6/T404=43,526733
00:43:14.549 | SIM: mqtt1_gMqt/GPA6/Hours=90000
00:43:14.842 | STREAM: plc1_00001=True
00:43:14.843 | STREAM: plc1_00002=True
00:43:14.843 | STREAM: plc1_30035=0
00:43:14.843 | STREAM: plc1_40005=50
00:43:14.844 | STREAM: plc1_00010=False
00:43:14.844 | STREAM: plc1_00003=True
00:43:14.844 | STREAM: plc1_30031=9,728876
00:43:14.844 | STREAM: plc1_40006=0
00:43:14.845 | STREAM: plc1_00004=False
00:43:14.845 | STREAM: plc1_30033=0
00:43:14.845 | STREAM: plc1_40007=0
00:43:14.845 | STREAM: plc1_30029=9,728876
00:43:14.846 | STREAM: plc1_30025=1
00:43:14.846 | STREAM: plc1_30023=22
00:43:14.846 | STREAM: plc1_00011=False
00:43:14.846 | STREAM: plc1_00006=False
00:43:14.847 | STREAM: plc1_40033=0
00:43:14.847 | STREAM: plc1_40025=0
00:43:14.847 | STREAM: plc1_00007=False
00:43:14.847 | STREAM: plc1_40027=0
00:43:14.848 | STREAM: plc1_00005=True
00:43:14.848 | STREAM: plc1_40029=0
00:43:14.848 | STREAM: plc1_40021=0
00:43:14.848 | STREAM: plc1_30027=11,698533
00:43:15.343 | STREAM: plc1_00001=True
00:43:15.343 | STREAM: plc1_00002=True
00:43:15.344 | STREAM: plc1_30035=0
00:43:15.344 | STREAM: plc1_40005=50
00:43:15.344 | STREAM: plc1_00010=False
00:43:15.345 | STREAM: plc1_00003=True
00:43:15.345 | STREAM: plc1_30031=9,849944
00:43:15.345 | STREAM: plc1_40006=0
00:43:15.346 | STREAM: plc1_00004=False
00:43:15.346 | STREAM: plc1_30033=0
00:43:15.346 | STREAM: plc1_40007=0
00:43:15.347 | STREAM: plc1_30029=9,849944
00:43:15.347 | STREAM: plc1_30025=1
00:43:15.348 | STREAM: plc1_30023=22
00:43:15.348 | STREAM: plc1_00011=False
00:43:15.348 | STREAM: plc1_00006=False
00:43:15.349 | STREAM: plc1_40033=0
00:43:15.349 | STREAM: plc1_40025=0
00:43:15.349 | STREAM: plc1_00007=False
00:43:15.349 | STREAM: plc1_40027=0
00:43:15.350 | STREAM: plc1_00005=True
00:43:15.350 | STREAM: plc1_40029=0
00:43:15.351 | STREAM: plc1_40021=0
00:43:15.351 | STREAM: plc1_30027=11,773609
00:43:15.642 | SIM: mqtt1_gMqt/ZAS/ZAS_Actual_Power=200,94116
00:43:15.642 | SIM: mqtt1_gMqt/GPA1/PPU_Gen_active_power=1205,754
00:43:15.643 | SIM: mqtt1_gMqt/GPA1/PPU_Gen_counter_active_power=18034,713
00:43:15.643 | SIM: mqtt1_gMqt/GPA1/T404=43,385204
00:43:15.643 | SIM: mqtt1_gMqt/GPA1/Hours=90000
00:43:15.643 | SIM: mqtt1_gMqt/GPA2/PPU_Gen_active_power=1267,6653
00:43:15.643 | SIM: mqtt1_gMqt/GPA2/PPU_Gen_counter_active_power=18035,06
00:43:15.644 | SIM: mqtt1_gMqt/GPA2/T404=46,264015
00:43:15.644 | SIM: mqtt1_gMqt/GPA2/Hours=90000
00:43:15.644 | SIM: mqtt1_gMqt/GPA3/PPU_Gen_active_power=1241,8313
00:43:15.644 | SIM: mqtt1_gMqt/GPA3/PPU_Gen_counter_active_power=18036,379
00:43:15.644 | SIM: mqtt1_gMqt/GPA3/T404=43,92589
00:43:15.644 | SIM: mqtt1_gMqt/GPA3/Hours=90000
00:43:15.645 | SIM: mqtt1_gMqt/GPA4/PPU_Gen_active_power=1205,278
00:43:15.645 | SIM: mqtt1_gMqt/GPA4/PPU_Gen_counter_active_power=18035,533
00:43:15.645 | SIM: mqtt1_gMqt/GPA4/T404=45,45843
00:43:15.645 | SIM: mqtt1_gMqt/GPA4/Hours=90000
00:43:15.645 | SIM: mqtt1_gMqt/GPA5/PPU_Gen_active_power=1225,2441
00:43:15.645 | SIM: mqtt1_gMqt/GPA5/PPU_Gen_counter_active_power=18034,605
00:43:15.645 | SIM: mqtt1_gMqt/GPA5/T404=44,26658
00:43:15.646 | SIM: mqtt1_gMqt/GPA5/Hours=90000
00:43:15.646 | SIM: mqtt1_gMqt/GPA6/PPU_Gen_active_power=1221,8268
00:43:15.646 | SIM: mqtt1_gMqt/GPA6/PPU_Gen_counter_active_power=18036,004
00:43:15.646 | SIM: mqtt1_gMqt/GPA6/T404=43,44302
00:43:15.646 | SIM: mqtt1_gMqt/GPA6/Hours=90000
00:43:15.848 | STREAM: plc1_00001=True
00:43:15.848 | STREAM: plc1_00002=True
00:43:15.849 | STREAM: plc1_30035=0
00:43:15.849 | STREAM: plc1_40005=50
00:43:15.849 | STREAM: plc1_00010=False
00:43:15.850 | STREAM: plc1_00003=True
00:43:15.850 | STREAM: plc1_30031=9,9469
00:43:15.850 | STREAM: plc1_40006=0
00:43:15.851 | STREAM: plc1_00004=False
00:43:15.851 | STREAM: plc1_30033=0
00:43:15.851 | STREAM: plc1_40007=0
00:43:15.852 | STREAM: plc1_30029=9,9469
00:43:15.852 | STREAM: plc1_30025=1
00:43:15.852 | STREAM: plc1_30023=22
00:43:15.853 | STREAM: plc1_00011=False
00:43:15.853 | STREAM: plc1_00006=False
00:43:15.853 | STREAM: plc1_40033=0
00:43:15.854 | STREAM: plc1_40025=0
00:43:15.854 | STREAM: plc1_00007=False
00:43:15.854 | STREAM: plc1_40027=0
00:43:15.855 | STREAM: plc1_00005=True
00:43:15.855 | STREAM: plc1_40029=0
00:43:15.855 | STREAM: plc1_40021=0
00:43:15.856 | STREAM: plc1_30027=11,833386
00:43:16.348 | STREAM: plc1_00001=True
00:43:16.349 | STREAM: plc1_00002=True
00:43:16.349 | STREAM: plc1_30035=0
00:43:16.349 | STREAM: plc1_40005=50
00:43:16.350 | STREAM: plc1_00010=False
00:43:16.350 | STREAM: plc1_00003=True
00:43:16.350 | STREAM: plc1_30031=10,066748
00:43:16.351 | STREAM: plc1_40006=0
00:43:16.351 | STREAM: plc1_00004=False
00:43:16.351 | STREAM: plc1_30033=0
00:43:16.352 | STREAM: plc1_40007=0
00:43:16.352 | STREAM: plc1_30029=10,066748
00:43:16.352 | STREAM: plc1_30025=1
00:43:16.353 | STREAM: plc1_30023=22
00:43:16.353 | STREAM: plc1_00011=False
00:43:16.353 | STREAM: plc1_00006=False
00:43:16.354 | STREAM: plc1_40033=0
00:43:16.354 | STREAM: plc1_40025=0
00:43:16.354 | STREAM: plc1_00007=False
00:43:16.355 | STREAM: plc1_40027=0
00:43:16.355 | STREAM: plc1_00005=True
00:43:16.355 | STREAM: plc1_40029=0
00:43:16.356 | STREAM: plc1_40021=0
00:43:16.356 | STREAM: plc1_30027=11,906857
00:43:16.744 | SIM: mqtt1_gMqt/ZAS/ZAS_Actual_Power=200,28603
00:43:16.745 | SIM: mqtt1_gMqt/GPA1/PPU_Gen_active_power=1205,5984
00:43:16.745 | SIM: mqtt1_gMqt/GPA1/PPU_Gen_counter_active_power=18035,047
00:43:16.746 | SIM: mqtt1_gMqt/GPA1/T404=43,609974
00:43:16.746 | SIM: mqtt1_gMqt/GPA1/Hours=90000
00:43:16.746 | SIM: mqtt1_gMqt/GPA2/PPU_Gen_active_power=1267,9059
00:43:16.746 | SIM: mqtt1_gMqt/GPA2/PPU_Gen_counter_active_power=18035,412
00:43:16.746 | SIM: mqtt1_gMqt/GPA2/T404=46,03839
00:43:16.747 | SIM: mqtt1_gMqt/GPA2/Hours=90000
00:43:16.747 | SIM: mqtt1_gMqt/GPA3/PPU_Gen_active_power=1233,7965
00:43:16.747 | SIM: mqtt1_gMqt/GPA3/PPU_Gen_counter_active_power=18036,72
00:43:16.747 | SIM: mqtt1_gMqt/GPA3/T404=43,78346
00:43:16.747 | SIM: mqtt1_gMqt/GPA3/Hours=90000
00:43:16.748 | SIM: mqtt1_gMqt/GPA4/PPU_Gen_active_power=1198,4316
00:43:16.748 | SIM: mqtt1_gMqt/GPA4/PPU_Gen_counter_active_power=18035,865
00:43:16.748 | SIM: mqtt1_gMqt/GPA4/T404=45,223816
00:43:16.750 | SIM: mqtt1_gMqt/GPA4/Hours=90000
00:43:16.750 | SIM: mqtt1_gMqt/GPA5/PPU_Gen_active_power=1221,7764
00:43:16.750 | SIM: mqtt1_gMqt/GPA5/PPU_Gen_counter_active_power=18034,945
00:43:16.751 | SIM: mqtt1_gMqt/GPA5/T404=44,160305
00:43:16.751 | SIM: mqtt1_gMqt/GPA5/Hours=90000
00:43:16.751 | SIM: mqtt1_gMqt/GPA6/PPU_Gen_active_power=1211,8402
00:43:16.751 | SIM: mqtt1_gMqt/GPA6/PPU_Gen_counter_active_power=18036,34
00:43:16.751 | SIM: mqtt1_gMqt/GPA6/T404=43,55271
00:43:16.752 | SIM: mqtt1_gMqt/GPA6/Hours=90000
00:43:16.929 | STREAM: plc1_00001=True
00:43:16.930 | STREAM: plc1_00002=True
00:43:16.932 | STREAM: plc1_30035=0
00:43:16.932 | STREAM: plc1_40005=50
00:43:16.933 | STREAM: plc1_00010=False
00:43:16.934 | STREAM: plc1_00003=True
00:43:16.934 | STREAM: plc1_30031=10,203604
00:43:16.934 | STREAM: plc1_40006=0
00:43:16.935 | STREAM: plc1_00004=False
00:43:16.935 | STREAM: plc1_30033=0
00:43:16.935 | STREAM: plc1_40007=0
00:43:16.935 | STREAM: plc1_30029=10,203604
00:43:16.936 | STREAM: plc1_30025=1
00:43:16.936 | STREAM: plc1_30023=22
00:43:16.936 | STREAM: plc1_00011=False
00:43:16.939 | STREAM: plc1_00006=False
00:43:16.939 | STREAM: plc1_40033=0
00:43:16.939 | STREAM: plc1_40025=0
00:43:16.940 | STREAM: plc1_00007=False
00:43:16.940 | STREAM: plc1_40027=0
00:43:16.940 | STREAM: plc1_00005=True
00:43:16.941 | STREAM: plc1_40029=0
00:43:16.941 | STREAM: plc1_40021=0
00:43:16.942 | STREAM: plc1_30027=11,990227
00:43:17.434 | STREAM: plc1_00001=True
00:43:17.435 | STREAM: plc1_00002=True
00:43:17.435 | STREAM: plc1_30035=0
00:43:17.436 | STREAM: plc1_40005=50
00:43:17.436 | STREAM: plc1_00010=False
00:43:17.436 | STREAM: plc1_00003=True
00:43:17.437 | STREAM: plc1_30031=10,29902
00:43:17.437 | STREAM: plc1_40006=0
00:43:17.437 | STREAM: plc1_00004=False
00:43:17.438 | STREAM: plc1_30033=0
00:43:17.438 | STREAM: plc1_40007=0
00:43:17.438 | STREAM: plc1_30029=10,29902
00:43:17.439 | STREAM: plc1_30025=1
00:43:17.439 | STREAM: plc1_30023=22
00:43:17.440 | STREAM: plc1_00011=False
00:43:17.440 | STREAM: plc1_00006=False
00:43:17.440 | STREAM: plc1_40033=0
00:43:17.441 | STREAM: plc1_40025=0
00:43:17.441 | STREAM: plc1_00007=False
00:43:17.441 | STREAM: plc1_40027=0
00:43:17.442 | STREAM: plc1_00005=True
00:43:17.442 | STREAM: plc1_40029=0
00:43:17.442 | STREAM: plc1_40021=0
00:43:17.443 | STREAM: plc1_30027=12,047975
00:43:17.918 | SIM: mqtt1_gMqt/ZAS/ZAS_Actual_Power=199,4932
00:43:17.918 | SIM: mqtt1_gMqt/GPA1/PPU_Gen_active_power=1204,406
00:43:17.918 | SIM: mqtt1_gMqt/GPA1/PPU_Gen_counter_active_power=18035,38
00:43:17.918 | SIM: mqtt1_gMqt/GPA1/T404=43,522358
00:43:17.919 | SIM: mqtt1_gMqt/GPA1/Hours=90000
00:43:17.919 | SIM: mqtt1_gMqt/GPA2/PPU_Gen_active_power=1265,4182
00:43:17.919 | SIM: mqtt1_gMqt/GPA2/PPU_Gen_counter_active_power=18035,764
00:43:17.919 | SIM: mqtt1_gMqt/GPA2/T404=45,979446
00:43:17.919 | SIM: mqtt1_gMqt/GPA2/Hours=90000
00:43:17.919 | SIM: mqtt1_gMqt/GPA3/PPU_Gen_active_power=1241,1936
00:43:17.920 | SIM: mqtt1_gMqt/GPA3/PPU_Gen_counter_active_power=18037,066
00:43:17.920 | SIM: mqtt1_gMqt/GPA3/T404=43,834633
00:43:17.920 | SIM: mqtt1_gMqt/GPA3/Hours=90000
00:43:17.920 | SIM: mqtt1_gMqt/GPA4/PPU_Gen_active_power=1200,2633
00:43:17.920 | SIM: mqtt1_gMqt/GPA4/PPU_Gen_counter_active_power=18036,2
00:43:17.920 | SIM: mqtt1_gMqt/GPA4/T404=45,253567
00:43:17.921 | SIM: mqtt1_gMqt/GPA4/Hours=90000
00:43:17.921 | SIM: mqtt1_gMqt/GPA5/PPU_Gen_active_power=1222,835
00:43:17.921 | SIM: mqtt1_gMqt/GPA5/PPU_Gen_counter_active_power=18035,285
00:43:17.921 | SIM: mqtt1_gMqt/GPA5/T404=44,145477
00:43:17.921 | SIM: mqtt1_gMqt/GPA5/Hours=90000
00:43:17.921 | SIM: mqtt1_gMqt/GPA6/PPU_Gen_active_power=1203,8416
00:43:17.922 | SIM: mqtt1_gMqt/GPA6/PPU_Gen_counter_active_power=18036,674
00:43:17.922 | SIM: mqtt1_gMqt/GPA6/T404=43,645084
00:43:17.922 | SIM: mqtt1_gMqt/GPA6/Hours=90000
00:43:17.949 | STREAM: plc1_00001=True
00:43:17.950 | STREAM: plc1_00002=True
00:43:17.950 | STREAM: plc1_30035=0
00:43:17.951 | STREAM: plc1_40005=50
00:43:17.951 | STREAM: plc1_00010=False
00:43:17.951 | STREAM: plc1_00003=True
00:43:17.952 | STREAM: plc1_30031=10,4165945
00:43:17.952 | STREAM: plc1_40006=0
00:43:17.952 | STREAM: plc1_00004=False
00:43:17.952 | STREAM: plc1_30033=0
00:43:17.953 | STREAM: plc1_40007=0
00:43:17.953 | STREAM: plc1_30029=10,4165945
00:43:17.953 | STREAM: plc1_30025=1
00:43:17.954 | STREAM: plc1_30023=22
00:43:17.954 | STREAM: plc1_00011=False
00:43:17.954 | STREAM: plc1_00006=False
00:43:17.955 | STREAM: plc1_40033=0
00:43:17.955 | STREAM: plc1_40025=0
00:43:17.955 | STREAM: plc1_00007=False
00:43:17.955 | STREAM: plc1_40027=0
00:43:17.956 | STREAM: plc1_00005=True
00:43:17.956 | STREAM: plc1_40029=0
00:43:17.956 | STREAM: plc1_40021=0
00:43:17.956 | STREAM: plc1_30027=12,118755
00:43:18.452 | STREAM: plc1_00001=True
00:43:18.453 | STREAM: plc1_00002=True
00:43:18.456 | STREAM: plc1_30035=0
00:43:18.457 | STREAM: plc1_40005=50
00:43:18.458 | STREAM: plc1_00010=False
00:43:18.461 | STREAM: plc1_00003=True
00:43:18.463 | STREAM: plc1_30031=10,510742
00:43:18.464 | STREAM: plc1_40006=0
00:43:18.465 | STREAM: plc1_00004=False
00:43:18.468 | STREAM: plc1_30033=0
00:43:18.469 | STREAM: plc1_40007=0
00:43:18.470 | STREAM: plc1_30029=10,534547
00:43:18.471 | STREAM: plc1_30025=1
00:43:18.476 | STREAM: plc1_30023=22
00:43:18.476 | STREAM: plc1_00011=False
00:43:18.477 | STREAM: plc1_00006=False
00:43:18.477 | STREAM: plc1_40033=0
00:43:18.477 | STREAM: plc1_40025=0
00:43:18.477 | STREAM: plc1_00007=False
00:43:18.478 | STREAM: plc1_40027=0
00:43:18.479 | STREAM: plc1_00005=True
00:43:18.480 | STREAM: plc1_40029=0
00:43:18.480 | STREAM: plc1_40021=0
00:43:18.480 | STREAM: plc1_30027=12,189351
